timestamp,open,high,low,close,volume
2025-01-14 20:00:00,96548.94,96604.92,96161.82,96455.35,1053.18
2025-01-14 20:15:00,96455.35,96927.35,96455.35,96907.41,627.6
2025-01-14 20:30:00,96907.41,96913.5,96375.45,96587.62,539.48
2025-01-14 20:45:00,96587.62,96729.44,96364.64,96517.9,768.41
2025-01-14 21:00:00,96517.9,96683.7,96459.5,96577.49,471.04
2025-01-14 21:15:00,96577.49,96667.63,96526.71,96526.71,246.1
2025-01-14 21:30:00,96526.71,96526.71,96324.88,96453.5,248.45
2025-01-14 21:45:00,96453.5,96495.59,96361.47,96495.59,201.2
2025-01-14 22:00:00,96495.59,96605.19,96459.5,96534.3,179.86
2025-01-14 22:15:00,96534.3,96658.75,96492.88,96648.43,126.61
2025-01-14 22:30:00,96648.43,96708.07,96545.39,96649.5,280.26
2025-01-14 22:45:00,96649.5,96746.79,96591.17,96701.41,249.77
2025-01-14 23:00:00,96701.41,96783.52,96579.24,96591.49,275.42
2025-01-14 23:15:00,96591.49,96681.5,96522.18,96526.22,138.34
2025-01-14 23:30:00,96526.22,96728.15,96509.99,96693.51,149.23
2025-01-14 23:45:00,96693.51,96722.44,96541.14,96559.21,192.19
2025-01-15 00:00:00,96559.21,96874.11,96510.7,96858.61,437.59
2025-01-15 00:15:00,96858.61,97273.36,96775.71,97209.51,445.06
2025-01-15 00:30:00,97209.51,97341.38,96814.5,96864.26,555.87
2025-01-15 00:45:00,96864.26,97001.41,96775.52,96899.62,344.08
2025-01-15 01:00:00,96899.62,97215.48,96798.88,97016.38,472.72
2025-01-15 01:15:00,97016.38,97209.48,96862.46,97111.78,294.71
2025-01-15 01:30:00,97111.78,97446.49,97002.85,97288.81,563.26
2025-01-15 01:45:00,97288.81,97561.65,97051.86,97359.11,638.31
2025-01-15 02:00:00,97359.11,97474.3,97115.53,97181.5,730.46
2025-01-15 02:15:00,97181.5,97181.5,96953.46,96953.46,385.52
2025-01-15 02:30:00,96953.46,96988.82,96756.21,96909.52,499.07
2025-01-15 02:45:00,96909.52,97063.34,96833.57,96833.57,305.67
2025-01-15 03:00:00,96833.57,97226.11,96833.56,97074.11,457.06
2025-01-15 03:15:00,97074.11,97162.41,96760.97,96935.93,346.12
2025-01-15 03:30:00,96935.93,97186.43,96926.98,97083.91,275.79
2025-01-15 03:45:00,97083.91,97325.3,97024.44,97325.29,310.61
2025-01-15 04:00:00,97325.29,97734.45,97259.86,97296.81,751.92
2025-01-15 04:15:00,97296.81,97431.26,97082.23,97270.45,490.86
2025-01-15 04:30:00,97270.45,97376.35,97176.5,97230.84,330.29
2025-01-15 04:45:00,97230.84,97258.94,97162.36,97199.21,207.73
2025-01-15 05:00:00,97199.21,97244.27,96827.58,96871.27,318.08
2025-01-15 05:15:00,96871.27,97005.54,96759.51,96982.81,277.55
2025-01-15 05:30:00,96982.81,97022.72,96895.11,96988.84,182.48
2025-01-15 05:45:00,96988.84,97087.22,96988.84,97030.24,131.01
2025-01-15 06:00:00,97030.24,97109.5,96911.81,96911.81,223.14
2025-01-15 06:15:00,96911.81,97049.8,96869.5,96869.5,259.73
2025-01-15 06:30:00,96869.5,97020.6,96861.0,96978.58,144.78
2025-01-15 06:45:00,96978.58,97157.44,96978.58,97112.76,221.02
2025-01-15 07:00:00,97112.76,97253.51,97112.76,97170.36,191.73
2025-01-15 07:15:00,97170.36,97569.71,97170.36,97549.07,311.98
2025-01-15 07:30:00,97549.07,97599.94,97259.5,97259.5,268.15
2025-01-15 07:45:00,97259.5,97345.64,97182.82,97310.86,285.32
2025-01-15 08:00:00,97310.86,97463.03,97238.54,97351.93,338.12
2025-01-15 08:15:00,97351.93,97492.07,97162.98,97492.06,293.12
2025-01-15 08:30:00,97492.06,97533.49,97353.46,97391.2,298.58
2025-01-15 08:45:00,97391.2,97391.2,97194.11,97211.76,186.97
2025-01-15 09:00:00,97211.76,97367.78,97168.08,97334.5,249.39
2025-01-15 09:15:00,97334.5,97359.23,96909.5,96909.5,257.87
2025-01-15 09:30:00,96909.5,97063.72,96898.64,97063.72,355.23
2025-01-15 09:45:00,97063.72,97063.72,96776.07,96828.96,337.15
2025-01-15 10:00:00,96828.96,97013.06,96730.9,96910.16,388.91
2025-01-15 10:15:00,96910.16,97107.78,96851.6,97081.51,197.52
2025-01-15 10:30:00,97081.51,97140.67,96990.63,97015.04,150.18
2025-01-15 10:45:00,97015.04,97059.3,96898.64,96943.08,87.38
2025-01-15 11:00:00,96943.08,96943.08,96697.36,96801.3,215.58
2025-01-15 11:15:00,96801.3,96807.23,96530.5,96647.44,296.58
2025-01-15 11:30:00,96647.44,96744.8,96561.5,96700.91,253.57
2025-01-15 11:45:00,96700.91,96791.4,96662.81,96771.68,271.52
2025-01-15 12:00:00,96771.68,96796.52,96629.32,96629.32,286.45
2025-01-15 12:15:00,96629.32,96648.73,96549.27,96601.46,242.85
2025-01-15 12:30:00,96601.46,97202.2,96585.02,97109.5,381.53
2025-01-15 12:45:00,97109.5,97109.5,96909.74,96952.42,244.5
2025-01-15 13:00:00,96952.42,97085.09,96935.92,96953.84,325.16
2025-01-15 13:15:00,96953.84,97342.5,96861.89,97296.11,389.68
2025-01-15 13:30:00,97296.11,98690.88,97289.06,98521.24,2542.6
2025-01-15 13:45:00,98521.24,99060.26,98513.5,98969.5,1118.77
2025-01-15 14:00:00,98969.5,99456.8,98815.74,98952.44,1213.98
2025-01-15 14:15:00,98952.44,99160.76,98632.21,98749.17,1420.58
2025-01-15 14:30:00,98749.17,99099.9,98664.02,99002.6,1619.48
2025-01-15 14:45:00,99002.6,99508.49,98840.95,99435.55,1152.99
2025-01-15 15:00:00,99435.55,99701.81,99272.44,99272.44,1362.33
2025-01-15 15:15:00,99272.44,99801.84,99144.98,99725.49,1292.52
2025-01-15 15:30:00,99725.49,99725.49,99259.5,99284.08,1103.27
2025-01-15 15:45:00,99284.08,99492.39,98979.73,98990.99,994.63
2025-01-15 16:00:00,98990.99,99487.61,98990.99,99427.17,791.43
2025-01-15 16:15:00,99427.17,99477.18,99094.17,99284.14,700.21
2025-01-15 16:30:00,99284.14,99284.14,98898.48,99007.54,755.06
2025-01-15 16:45:00,99007.54,99134.49,98943.3,98996.56,575.56
2025-01-15 17:00:00,98996.56,99320.1,98985.87,99278.27,616.58
2025-01-15 17:15:00,99278.27,99345.41,99026.79,99111.51,490.46
2025-01-15 17:30:00,99111.51,99310.38,99039.5,99093.53,363.78
2025-01-15 17:45:00,99093.53,99137.49,98611.55,98646.25,431.83
2025-01-15 18:00:00,98646.25,98915.46,98646.25,98902.81,402.31
2025-01-15 18:15:00,98902.81,99159.5,98902.81,99096.71,272.05
2025-01-15 18:30:00,99096.71,99281.04,99009.51,99245.9,288.32
2025-01-15 18:45:00,99245.9,99481.25,99231.41,99455.64,372.56
2025-01-15 19:00:00,99455.64,99586.31,99355.65,99387.11,330.83
2025-01-15 19:15:00,99387.11,99485.92,99306.91,99375.42,296.67
2025-01-15 19:30:00,99375.42,99712.91,99358.07,99458.85,418.74
2025-01-15 19:45:00,99458.85,99974.87,99425.6,99846.63,514.34
2025-01-15 20:00:00,99846.63,100399.11,99743.0,100245.5,918.14
2025-01-15 20:15:00,100245.5,100691.42,100133.04,100189.13,826.51
2025-01-15 20:30:00,100189.13,100204.49,99699.45,99764.79,742.78
2025-01-15 20:45:00,99764.79,99829.65,99470.3,99588.25,787.94
2025-01-15 21:00:00,99588.25,99809.5,99485.66,99776.28,474.27
2025-01-15 21:15:00,99776.28,99873.49,99655.88,99787.06,321.14
2025-01-15 21:30:00,99787.06,99799.3,99598.85,99598.85,123.36
2025-01-15 21:45:00,99598.85,99844.26,99580.29,99676.25,280.78
2025-01-15 22:00:00,99676.25,99699.49,99583.47,99625.27,157.8
2025-01-15 22:15:00,99625.27,99657.01,99579.56,99589.51,82.58
2025-01-15 22:30:00,99589.51,99799.17,99589.51,99792.19,2122.32
2025-01-15 22:45:00,99792.19,99847.47,99693.93,99722.95,195.32
2025-01-15 23:00:00,99722.95,99784.29,99642.23,99681.8,304.32
2025-01-15 23:15:00,99681.8,100167.05,99681.79,100147.75,320.83
2025-01-15 23:30:00,100147.75,100309.49,99913.35,100305.5,388.68
2025-01-15 23:45:00,100305.5,100510.04,100112.94,100504.59,253.94
2025-01-16 00:00:00,100504.59,100875.96,100307.65,100316.15,969.76
2025-01-16 00:15:00,100316.15,100552.97,100085.71,100368.19,846.46
2025-01-16 00:30:00,100368.19,100437.39,99668.33,99857.69,1019.79
2025-01-16 00:45:00,99857.69,99927.74,99680.75,99878.75,626.81
2025-01-16 01:00:00,99878.75,100129.2,99824.42,100028.14,7152.34
2025-01-16 01:15:00,100028.14,100076.41,99845.37,99980.35,414.48
2025-01-16 01:30:00,99980.35,100159.3,99881.5,100101.52,388.12
2025-01-16 01:45:00,100101.52,100199.52,99994.71,100091.2,325.64
2025-01-16 02:00:00,100091.2,100119.5,99924.94,100051.15,342.86
2025-01-16 02:15:00,100051.15,100051.15,99746.3,99746.3,319.85
2025-01-16 02:30:00,99746.3,99892.43,99568.16,99615.87,310.76
2025-01-16 02:45:00,99615.87,99669.43,99480.98,99647.27,302.05
2025-01-16 03:00:00,99647.27,99857.49,99607.51,99715.97,296.91
2025-01-16 03:15:00,99715.97,99729.5,99524.94,99543.15,308.04
2025-01-16 03:30:00,99543.15,99552.61,99191.22,99469.49,517.18
2025-01-16 03:45:00,99469.49,99538.5,99393.51,99487.53,239.54
2025-01-16 04:00:00,99487.53,99678.65,99487.53,99633.64,187.71
2025-01-16 04:15:00,99633.64,99659.49,99574.33,99619.51,187.78
2025-01-16 04:30:00,99619.51,99708.2,99605.83,99609.51,151.27
2025-01-16 04:45:00,99609.51,99619.49,99564.04,99619.49,117.61
2025-01-16 05:00:00,99619.49,99619.49,99385.5,99391.25,217.46
2025-01-16 05:15:00,99391.25,99569.49,99364.73,99525.49,152.81
2025-01-16 05:30:00,99525.49,99619.3,99405.92,99443.15,277.89
2025-01-16 05:45:00,99443.15,99501.92,99382.0,99391.6,122.9
2025-01-16 06:00:00,99391.6,99486.51,99334.2,99486.51,256.81
2025-01-16 06:15:00,99486.51,99679.83,99425.86,99679.83,160.23
2025-01-16 06:30:00,99679.83,99917.17,99679.83,99819.92,276.69
2025-01-16 06:45:00,99819.92,99835.75,99713.28,99807.2,179.59
2025-01-16 07:00:00,99807.2,99847.31,99727.09,99771.74,159.94
2025-01-16 07:15:00,99771.74,99826.81,99659.83,99719.46,139.32
2025-01-16 07:30:00,99719.46,99792.16,99675.2,99766.46,161.26
2025-01-16 07:45:00,99766.46,99809.49,99701.52,99809.49,128.16
2025-01-16 08:00:00,99809.49,99821.92,99725.01,99797.77,252.0
2025-01-16 08:15:00,99797.77,99821.22,99419.73,99551.49,357.47
2025-01-16 08:30:00,99551.49,99551.49,99019.75,99061.58,389.68
2025-01-16 08:45:00,99061.58,99135.55,98627.06,98965.3,847.88
2025-01-16 09:00:00,98965.3,99085.92,98658.91,98840.48,600.1
2025-01-16 09:15:00,98840.48,99041.75,98722.19,98969.9,384.07
2025-01-16 09:30:00,98969.9,99122.25,98833.69,99069.31,310.38
2025-01-16 09:45:00,99069.31,99322.02,99067.27,99153.76,993.75
2025-01-16 10:00:00,99153.76,99303.42,99131.57,99239.0,519.69
2025-01-16 10:15:00,99239.0,99376.48,99168.61,99355.12,169.35
2025-01-16 10:30:00,99355.12,99409.59,99227.3,99227.3,169.18
2025-01-16 10:45:00,99227.3,99315.59,99217.18,99223.75,87.84
2025-01-16 11:00:00,99223.75,99336.13,99040.34,99218.77,474.49
2025-01-16 11:15:00,99218.77,99226.94,98729.5,99070.05,586.49
2025-01-16 11:30:00,99070.05,99198.4,98934.13,99082.38,459.05
2025-01-16 11:45:00,99082.38,99279.2,99050.36,99168.2,301.4
2025-01-16 12:00:00,99168.2,99303.75,98896.45,99267.87,450.76
2025-01-16 12:15:00,99267.87,99480.69,99197.5,99219.62,425.16
2025-01-16 12:30:00,99219.62,99519.35,99212.6,99371.79,412.75
2025-01-16 12:45:00,99371.79,99509.51,99278.48,99391.87,314.86
2025-01-16 13:00:00,99391.87,99429.98,98867.48,98916.75,614.68
2025-01-16 13:15:00,98916.75,99184.49,98805.51,98831.18,405.11
2025-01-16 13:30:00,98831.18,99431.11,98831.18,99401.09,1289.97
2025-01-16 13:45:00,99401.09,99439.57,99063.95,99085.42,508.5
2025-01-16 14:00:00,99085.42,99167.61,98869.94,99139.76,561.54
2025-01-16 14:15:00,99139.76,99419.82,99139.76,99354.77,359.25
2025-01-16 14:30:00,99354.77,99354.77,98231.65,98285.08,1396.52
2025-01-16 14:45:00,98285.08,98285.08,97499.25,97628.38,1946.96
2025-01-16 15:00:00,97628.38,98301.78,97344.81,97822.12,1734.42
2025-01-16 15:15:00,97822.12,98446.3,97753.16,98424.07,1148.19
2025-01-16 15:30:00,98424.07,98542.48,98066.08,98335.93,1128.79
2025-01-16 15:45:00,98335.93,99308.49,98218.23,99305.68,1044.9
2025-01-16 16:00:00,99305.68,99824.76,99204.5,99403.5,1298.48
2025-01-16 16:15:00,99403.5,99729.22,99088.55,99707.19,1123.21
2025-01-16 16:30:00,99707.19,99874.91,99290.31,99315.35,983.31
2025-01-16 16:45:00,99315.35,99517.13,99188.6,99366.04,782.48
2025-01-16 17:00:00,99366.04,99502.79,99187.81,99405.71,674.11
2025-01-16 17:15:00,99405.71,99885.95,99276.05,99878.42,552.71
2025-01-16 17:30:00,99878.42,100369.49,99830.39,100005.48,878.99
2025-01-16 17:45:00,100005.48,100103.39,99752.09,99843.45,734.18
2025-01-16 18:00:00,99843.45,100064.5,99641.72,99655.36,490.01
2025-01-16 18:15:00,99655.36,99683.75,99471.02,99491.19,424.03
2025-01-16 18:30:00,99491.19,99588.96,99299.97,99396.73,596.16
2025-01-16 18:45:00,99396.73,99657.25,99269.95,99599.6,466.81
2025-01-16 19:00:00,99599.6,99793.5,99420.37,99738.05,482.98
2025-01-16 19:15:00,99738.05,99872.16,99586.98,99781.54,369.9
2025-01-16 19:30:00,99781.54,100062.42,99713.25,100040.46,330.92
2025-01-16 19:45:00,100040.46,100443.52,100035.75,100426.69,372.58
2025-01-16 20:00:00,100426.69,100605.5,100274.57,100422.54,635.89
2025-01-16 20:15:00,100422.54,100622.83,100268.64,100619.49,710.84
2025-01-16 20:30:00,100619.49,100648.86,100473.5,100490.07,558.46
2025-01-16 20:45:00,100490.07,100611.54,100300.1,100343.74,643.79
2025-01-16 21:00:00,100343.74,100403.19,100159.31,100219.54,405.08
2025-01-16 21:15:00,100219.54,100235.32,99727.21,99894.67,489.87
2025-01-16 21:30:00,99894.67,100214.23,99824.66,100198.27,349.45
2025-01-16 21:45:00,100198.27,100229.56,99926.58,100166.47,319.69
2025-01-16 22:00:00,100166.47,100166.47,99868.12,99917.49,239.24
2025-01-16 22:15:00,99917.49,99999.49,99588.25,99616.34,240.68
2025-01-16 22:30:00,99616.34,99634.7,99386.51,99561.3,379.48
2025-01-16 22:45:00,99561.3,99849.5,99516.26,99847.75,248.12
2025-01-16 23:00:00,99847.75,100098.38,99755.5,100011.64,364.5
2025-01-16 23:15:00,100011.64,100119.14,99841.5,99900.08,277.72
2025-01-16 23:30:00,99900.08,100125.37,99830.69,100107.34,269.18
2025-01-16 23:45:00,100107.34,100107.34,99983.63,99994.84,219.0
2025-01-17 00:00:00,99994.84,100359.49,99960.27,100286.36,334.03
2025-01-17 00:15:00,100286.36,100444.45,100087.12,100153.5,307.81
2025-01-17 00:30:00,100153.5,100297.2,100123.4,100199.8,222.52
2025-01-17 00:45:00,100199.8,100199.8,100074.35,100126.86,123.66
2025-01-17 01:00:00,100126.86,100302.7,100069.85,100080.28,201.15
2025-01-17 01:15:00,100080.28,100256.13,100060.0,100216.69,152.65
2025-01-17 01:30:00,100216.69,101674.5,100214.33,101645.0,1142.38
2025-01-17 01:45:00,101645.0,101842.77,101228.54,101669.3,907.66
2025-01-17 02:00:00,101669.3,101822.0,101476.86,101821.99,608.39
2025-01-17 02:15:00,101821.99,102148.75,101812.63,101857.32,753.4
2025-01-17 02:30:00,101857.32,101922.21,101559.02,101573.45,501.95
2025-01-17 02:45:00,101573.45,101573.45,100797.08,101112.33,758.53
2025-01-17 03:00:00,101112.33,101275.69,100996.29,101023.11,475.48
2025-01-17 03:15:00,101023.11,101139.18,100953.27,100993.06,321.02
2025-01-17 03:30:00,100993.06,101261.51,100993.06,101051.11,312.94
2025-01-17 03:45:00,101051.11,101147.2,101002.21,101031.5,267.11
2025-01-17 04:00:00,101031.5,101287.73,100975.17,101010.31,251.16
2025-01-17 04:15:00,101010.31,101217.92,100963.1,101203.5,284.61
2025-01-17 04:30:00,101203.5,101229.6,101039.5,101189.82,225.31
2025-01-17 04:45:00,101189.82,101491.69,101142.59,101490.78,259.23
2025-01-17 05:00:00,101490.78,101778.31,101418.12,101697.5,302.5
2025-01-17 05:15:00,101697.5,101780.77,101613.5,101623.51,333.15
2025-01-17 05:30:00,101623.51,101708.34,101363.11,101399.59,401.77
2025-01-17 05:45:00,101399.59,101528.29,101317.16,101342.78,254.29
2025-01-17 06:00:00,101342.78,101538.59,101342.78,101538.59,246.32
2025-01-17 06:15:00,101538.59,101596.45,101449.62,101449.62,203.36
2025-01-17 06:30:00,101449.62,101481.36,101412.06,101462.0,221.86
2025-01-17 06:45:00,101462.0,101462.0,101312.1,101418.5,135.85
2025-01-17 07:00:00,101418.5,101652.32,101418.49,101620.25,255.07
2025-01-17 07:15:00,101620.25,101700.06,101573.32,101639.23,178.06
2025-01-17 07:30:00,101639.23,101902.06,101451.77,101678.02,493.92
2025-01-17 07:45:00,101678.02,101746.69,101410.5,101450.0,315.02
2025-01-17 08:00:00,101450.0,101777.5,101449.5,101713.51,275.52
2025-01-17 08:15:00,101713.51,101909.23,101654.83,101909.23,322.48
2025-01-17 08:30:00,101909.23,102194.16,101889.51,101974.1,488.47
2025-01-17 08:45:00,101974.1,102224.27,101757.18,102145.51,489.15
2025-01-17 09:00:00,102145.51,102291.66,102090.04,102192.53,516.03
2025-01-17 09:15:00,102192.53,102208.43,102001.87,102035.57,190.2
2025-01-17 09:30:00,102035.57,102035.57,101809.05,101819.97,361.67
2025-01-17 09:45:00,101819.97,101945.77,101757.0,101860.53,248.62
2025-01-17 10:00:00,101860.53,102150.18,101803.65,102067.1,386.7
2025-01-17 10:15:00,102067.1,102258.86,102010.02,102242.13,341.73
2025-01-17 10:30:00,102242.13,102586.0,102183.1,102375.97,366.68
2025-01-17 10:45:00,102375.97,102411.5,102264.78,102329.15,321.02
2025-01-17 11:00:00,102329.15,102329.15,102092.14,102202.99,309.52
2025-01-17 11:15:00,102202.99,102452.99,102202.99,102348.16,242.2
2025-01-17 11:30:00,102348.16,102390.18,102220.96,102321.52,244.81
2025-01-17 11:45:00,102321.52,102321.52,102235.45,102247.11,167.21
2025-01-17 12:00:00,102247.11,102578.48,102215.03,102529.49,244.57
2025-01-17 12:15:00,102529.49,102675.49,102451.11,102538.74,249.84
2025-01-17 12:30:00,102538.74,102792.39,102390.27,102720.93,371.02
2025-01-17 12:45:00,102720.93,102969.16,102714.85,102745.14,345.35
2025-01-17 13:00:00,102745.14,102989.49,102745.14,102781.49,296.2
2025-01-17 13:15:00,102781.49,102838.52,102526.25,102561.5,357.45
2025-01-17 13:30:00,102561.5,102848.52,102445.5,102781.82,731.91
2025-01-17 13:45:00,102781.82,102815.53,102447.07,102483.63,577.9
2025-01-17 14:00:00,102483.63,102717.94,102483.63,102552.55,389.18
2025-01-17 14:15:00,102552.55,102781.5,102539.62,102751.34,412.84
2025-01-17 14:30:00,102751.34,103207.78,102288.92,102551.01,1977.28
2025-01-17 14:45:00,102551.01,103391.5,102546.78,103385.98,1376.2
2025-01-17 15:00:00,103385.98,104219.87,103295.3,104048.53,1737.13
2025-01-17 15:15:00,104048.53,104259.66,103518.05,103962.94,1390.23
2025-01-17 15:30:00,103962.94,104130.39,103658.09,103929.75,1175.43
2025-01-17 15:45:00,103929.75,104004.68,103674.91,103986.64,2488.16
2025-01-17 16:00:00,103986.64,104470.24,103850.68,104459.5,799.03
2025-01-17 16:15:00,104459.5,104785.76,104429.51,104595.76,1109.16
2025-01-17 16:30:00,104595.76,104948.07,104515.53,104805.43,804.43
2025-01-17 16:45:00,104805.43,105009.49,104625.11,104977.63,2456.51
2025-01-17 17:00:00,104977.63,105001.5,104659.84,104754.72,774.33
2025-01-17 17:15:00,104754.72,105250.0,104709.51,105033.5,654.17
2025-01-17 17:30:00,105033.5,105162.02,104204.49,104253.32,963.83
2025-01-17 17:45:00,104253.32,104478.06,104034.99,104133.02,771.28
2025-01-17 18:00:00,104133.02,104409.5,104048.55,104395.82,734.49
2025-01-17 18:15:00,104395.82,104747.35,104362.02,104624.19,588.43
2025-01-17 18:30:00,104624.19,104857.5,104530.38,104727.35,426.93
2025-01-17 18:45:00,104727.35,104945.36,104712.03,104837.98,348.61
2025-01-17 19:00:00,104837.98,105127.5,104693.71,105127.5,566.71
2025-01-17 19:15:00,105127.5,105770.27,105071.08,105413.36,2942.19
2025-01-17 19:30:00,105413.36,105650.52,105150.46,105640.31,595.58
2025-01-17 19:45:00,105640.31,105840.21,105515.81,105839.48,580.48
2025-01-17 20:00:00,105839.48,105851.29,105296.44,105456.11,752.32
2025-01-17 20:15:00,105456.11,105564.5,105270.99,105319.52,645.27
2025-01-17 20:30:00,105319.52,105343.52,104883.7,104998.98,832.55
2025-01-17 20:45:00,104998.98,105053.28,104548.68,104692.86,865.0
2025-01-17 21:00:00,104692.86,104876.37,104568.99,104785.95,555.6
2025-01-17 21:15:00,104785.95,105050.54,104714.98,104993.96,407.77
2025-01-17 21:30:00,104993.96,105034.14,104689.5,104829.51,389.45
2025-01-17 21:45:00,104829.51,104908.21,104471.53,104608.94,364.22
2025-01-17 22:00:00,104608.94,104700.94,104387.51,104416.8,310.99
2025-01-17 22:15:00,104416.8,104585.24,104353.5,104585.24,236.16
2025-01-17 22:30:00,104585.24,104655.48,104454.56,104590.29,253.46
2025-01-17 22:45:00,104590.29,104590.29,104213.5,104417.38,495.89
2025-01-17 23:00:00,104417.38,104476.95,104250.16,104476.95,352.43
2025-01-17 23:15:00,104476.95,104532.67,104419.89,104427.33,188.55
2025-01-17 23:30:00,104427.33,104427.33,104273.2,104273.2,187.37
2025-01-17 23:45:00,104273.2,104273.2,104074.75,104086.97,173.96
2025-01-18 00:00:00,104086.97,104403.5,104084.84,104368.01,341.94
2025-01-18 00:15:00,104368.01,104486.04,104220.02,104234.38,247.24
2025-01-18 00:30:00,104234.38,104611.53,104221.59,104584.62,276.91
2025-01-18 00:45:00,104584.62,104662.62,104544.69,104662.62,257.18
2025-01-18 01:00:00,104662.62,104662.62,104440.72,104448.11,341.89
2025-01-18 01:15:00,104448.11,104645.49,104322.45,104594.9,316.15
2025-01-18 01:30:00,104594.9,104594.9,104293.53,104293.53,286.8
2025-01-18 01:45:00,104293.53,104293.53,104091.69,104267.96,281.07
2025-01-18 02:00:00,104267.96,104428.32,104267.96,104377.92,131.61
2025-01-18 02:15:00,104377.92,104470.1,104377.92,104409.5,135.75
2025-01-18 02:30:00,104409.5,104490.23,104371.5,104412.12,172.81
2025-01-18 02:45:00,104412.12,104509.38,104269.48,104335.62,193.46
2025-01-18 03:00:00,104335.62,104488.8,104310.49,104417.39,256.51
2025-01-18 03:15:00,104417.39,104417.39,104087.0,104200.21,330.89
2025-01-18 03:30:00,104200.21,104240.37,103053.13,103300.21,791.14
2025-01-18 03:45:00,103300.21,103688.77,103229.51,103569.32,693.62
2025-01-18 04:00:00,103569.32,103729.5,103469.7,103513.5,867.23
2025-01-18 04:15:00,103513.5,103513.5,102676.05,103006.25,815.49
2025-01-18 04:30:00,103006.25,103525.0,103006.25,103468.79,477.59
2025-01-18 04:45:00,103468.79,103609.48,103290.75,103608.76,453.35
2025-01-18 05:00:00,103608.76,103765.5,103322.01,103406.65,499.05
2025-01-18 05:15:00,103406.65,103780.7,103318.98,103670.27,457.66
2025-01-18 05:30:00,103670.27,103703.01,103382.44,103458.65,479.78
2025-01-18 05:45:00,103458.65,103576.05,102827.5,102838.77,681.29
2025-01-18 06:00:00,102838.77,103297.5,102832.65,103242.22,687.35
2025-01-18 06:15:00,103242.22,103399.49,103170.78,103182.46,349.13
2025-01-18 06:30:00,103182.46,103634.7,103024.12,103391.85,480.77
2025-01-18 06:45:00,103391.85,103595.16,103381.5,103453.99,302.75
2025-01-18 07:00:00,103453.99,103496.63,103040.36,103040.36,339.55
2025-01-18 07:15:00,103040.36,103282.54,102968.43,103203.16,355.72
2025-01-18 07:30:00,103203.16,103203.16,102732.12,102827.87,501.41
2025-01-18 07:45:00,102827.87,102894.89,102620.83,102831.25,361.97
2025-01-18 08:00:00,102831.25,102832.25,102287.06,102587.94,690.96
2025-01-18 08:15:00,102587.94,102788.97,102345.5,102788.97,568.35
2025-01-18 08:30:00,102788.97,103216.83,102788.97,103207.84,439.82
2025-01-18 08:45:00,103207.84,103326.25,103121.66,103276.97,334.52
2025-01-18 09:00:00,103276.97,103331.19,103186.5,103242.43,269.99
2025-01-18 09:15:00,103242.43,103465.68,103170.0,103464.67,402.74
2025-01-18 09:30:00,103464.67,103464.67,103069.64,103137.67,313.2
2025-01-18 09:45:00,103137.67,103233.19,103081.56,103163.09,202.5
2025-01-18 10:00:00,103163.09,103303.84,102859.5,102917.66,410.06
2025-01-18 10:15:00,102917.66,103261.3,102842.16,103158.23,436.68
2025-01-18 10:30:00,103158.23,103242.54,102882.08,102998.92,542.71
2025-01-18 10:45:00,102998.92,103283.88,102846.69,103194.13,433.88
2025-01-18 11:00:00,103194.13,103194.13,102943.92,103022.05,457.39
2025-01-18 11:15:00,103022.05,103397.45,102993.33,103355.94,321.75
2025-01-18 11:30:00,103355.94,103695.38,103239.75,103695.38,380.0
2025-01-18 11:45:00,103695.38,103884.48,103577.02,103598.78,328.43
2025-01-18 12:00:00,103598.78,103710.5,103509.5,103635.68,367.75
2025-01-18 12:15:00,103635.68,104042.88,103613.1,103613.1,330.74
2025-01-18 12:30:00,103613.1,103688.53,103381.58,103541.88,397.47
2025-01-18 12:45:00,103541.88,103616.06,103466.84,103466.84,238.05
2025-01-18 13:00:00,103466.84,103506.25,103135.5,103322.93,423.98
2025-01-18 13:15:00,103322.93,103520.84,103233.76,103498.48,299.94
2025-01-18 13:30:00,103498.48,103975.54,103466.28,103869.5,454.48
2025-01-18 13:45:00,103869.5,104405.41,103804.1,104364.94,431.19
2025-01-18 14:00:00,104364.94,104566.77,104142.78,104217.11,581.68
2025-01-18 14:15:00,104217.11,104519.96,104186.03,104204.42,383.42
2025-01-18 14:30:00,104204.42,104204.42,103733.51,103894.62,550.48
2025-01-18 14:45:00,103894.62,104104.97,103840.26,104006.99,355.6
2025-01-18 15:00:00,104006.99,104179.16,103772.45,104141.04,513.92
2025-01-18 15:15:00,104141.04,104342.75,104116.22,104266.76,637.53
2025-01-18 15:30:00,104266.76,104885.11,104224.53,104670.65,606.05
2025-01-18 15:45:00,104670.65,104994.02,104578.46,104578.46,747.63
2025-01-18 16:00:00,104578.46,104715.43,104298.74,104343.5,1014.16
2025-01-18 16:15:00,104343.5,104382.55,103787.34,103989.5,1026.32
2025-01-18 16:30:00,103989.5,104209.24,103391.07,103391.07,961.97
2025-01-18 16:45:00,103391.07,103571.26,103165.52,103236.34,670.81
2025-01-18 17:00:00,103236.34,103886.45,103236.34,103886.45,680.98
2025-01-18 17:15:00,103886.45,104095.34,103825.28,103904.23,589.21
2025-01-18 17:30:00,103904.23,104095.46,103843.5,104095.45,548.87
2025-01-18 17:45:00,104095.45,104210.48,103786.49,103835.67,373.56
2025-01-18 18:00:00,103835.67,104123.69,103822.21,104093.95,478.12
2025-01-18 18:15:00,104093.95,104125.5,103792.13,104013.57,461.04
2025-01-18 18:30:00,104013.57,104261.39,104013.57,104234.99,350.85
2025-01-18 18:45:00,104234.99,104405.42,103971.77,104086.77,437.36
2025-01-18 19:00:00,104086.77,104284.29,104086.77,104165.06,429.48
2025-01-18 19:15:00,104165.06,104292.82,104090.21,104165.5,336.48
2025-01-18 19:30:00,104165.5,104469.97,104135.04,104438.34,386.71
2025-01-18 19:45:00,104438.34,104496.43,104351.51,104391.51,248.22
2025-01-18 20:00:00,104391.51,104496.35,104359.14,104400.51,265.97
2025-01-18 20:15:00,104400.51,104400.51,103817.64,103930.56,454.72
2025-01-18 20:30:00,103930.56,104087.98,103929.5,103972.15,383.88
2025-01-18 20:45:00,103972.15,104044.33,103776.09,104044.33,385.04
2025-01-18 21:00:00,104044.33,104282.41,104013.5,104197.53,264.61
2025-01-18 21:15:00,104197.53,104274.63,104010.15,104139.22,327.87
2025-01-18 21:30:00,104139.22,104139.22,103888.38,104014.7,365.94
2025-01-18 21:45:00,104014.7,104106.15,103901.27,103903.72,209.68
2025-01-18 22:00:00,103903.72,104081.69,103870.41,104081.68,289.43
2025-01-18 22:15:00,104081.68,104206.63,104081.68,104200.87,158.72
2025-01-18 22:30:00,104200.87,104309.44,104165.5,104165.65,179.49
2025-01-18 22:45:00,104165.65,104299.09,104157.5,104299.09,69.73
2025-01-18 23:00:00,104299.09,104584.47,104299.09,104584.47,310.84
2025-01-18 23:15:00,104584.47,104749.9,104469.83,104477.7,315.0
2025-01-18 23:30:00,104477.7,104699.5,104469.81,104494.43,313.54
2025-01-18 23:45:00,104494.43,104535.26,104361.27,104535.25,223.09
2025-01-19 00:00:00,104535.25,104554.43,104303.61,104316.75,277.15
2025-01-19 00:15:00,104316.75,104430.91,104195.16,104271.2,272.37
2025-01-19 00:30:00,104271.2,104369.62,104199.22,104292.71,330.54
2025-01-19 00:45:00,104292.71,104415.67,104117.5,104117.5,289.73
2025-01-19 01:00:00,104117.5,104300.63,104117.5,104239.65,260.88
2025-01-19 01:15:00,104239.65,104415.03,104023.01,104415.03,262.29
2025-01-19 01:30:00,104415.03,104690.77,104415.03,104554.03,316.24
2025-01-19 01:45:00,104554.03,104594.11,104496.03,104496.03,198.19
2025-01-19 02:00:00,104496.03,104856.49,104496.03,104847.33,223.12
2025-01-19 02:15:00,104847.33,105324.72,104797.01,105189.42,369.83
2025-01-19 02:30:00,105189.42,105458.78,105124.62,105137.48,446.61
2025-01-19 02:45:00,105137.48,105220.62,104830.52,104889.49,408.96
2025-01-19 03:00:00,104889.49,105003.5,104569.5,104676.44,397.56
2025-01-19 03:15:00,104676.44,104815.89,104602.18,104789.49,329.56
2025-01-19 03:30:00,104789.49,104979.93,104757.5,104834.22,237.19
2025-01-19 03:45:00,104834.22,105188.91,104834.22,104993.7,300.12
2025-01-19 04:00:00,104993.7,105190.6,104900.59,105183.19,471.08
2025-01-19 04:15:00,105183.19,105269.5,104688.28,105061.5,819.39
2025-01-19 04:30:00,105061.5,105095.41,104813.97,104997.48,879.41
2025-01-19 04:45:00,104997.48,105078.45,104845.5,105033.56,480.33
2025-01-19 05:00:00,105033.56,105033.56,104440.98,104477.81,567.54
2025-01-19 05:15:00,104477.81,104757.71,104258.29,104748.62,371.46
2025-01-19 05:30:00,104748.62,104832.17,104691.31,104819.96,331.48
2025-01-19 05:45:00,104819.96,105136.59,104676.45,105112.08,382.16
2025-01-19 06:00:00,105112.08,105201.02,105041.93,105136.41,254.68
2025-01-19 06:15:00,105136.41,105345.01,105039.5,105309.58,194.72
2025-01-19 06:30:00,105309.58,105481.52,105238.37,105477.29,301.48
2025-01-19 06:45:00,105477.29,105639.48,105378.53,105570.41,222.78
2025-01-19 07:00:00,105570.41,105598.4,105226.27,105397.62,365.16
2025-01-19 07:15:00,105397.62,105449.55,105254.35,105267.88,335.08
2025-01-19 07:30:00,105267.88,105267.88,105025.61,105084.93,321.88
2025-01-19 07:45:00,105084.93,105323.18,104973.5,105187.41,326.97
2025-01-19 08:00:00,105187.41,105187.41,104832.07,104832.07,332.91
2025-01-19 08:15:00,104832.07,104856.37,104631.9,104654.25,598.14
2025-01-19 08:30:00,104654.25,104975.37,104639.08,104728.37,526.99
2025-01-19 08:45:00,104728.37,104742.25,104328.12,104443.52,675.85
2025-01-19 09:00:00,104443.52,104501.57,103927.51,104128.26,987.55
2025-01-19 09:15:00,104128.26,104341.52,103460.37,104317.05,1326.34
2025-01-19 09:30:00,104317.05,104720.83,104257.5,104570.48,828.33
2025-01-19 09:45:00,104570.48,105465.37,104395.51,105309.22,969.39
2025-01-19 10:00:00,105309.22,105309.22,104740.16,104874.41,721.89
2025-01-19 10:15:00,104874.41,105045.0,104419.57,104499.51,541.11
2025-01-19 10:30:00,104499.51,105052.66,104477.92,105009.5,591.54
2025-01-19 10:45:00,105009.5,105184.04,104833.28,104833.28,571.64
2025-01-19 11:00:00,104833.28,105209.82,104833.28,105110.82,569.57
2025-01-19 11:15:00,105110.82,105352.42,104925.5,104940.98,534.21
2025-01-19 11:30:00,104940.98,105037.5,104457.51,104545.73,790.73
2025-01-19 11:45:00,104545.73,104725.15,104221.5,104365.13,809.63
2025-01-19 12:00:00,104365.13,104888.81,104310.25,104791.22,939.49
2025-01-19 12:15:00,104791.22,104809.34,104410.3,104450.49,687.82
2025-01-19 12:30:00,104450.49,104809.49,104353.2,104749.02,553.72
2025-01-19 12:45:00,104749.02,105045.21,104709.5,104959.5,415.72
2025-01-19 13:00:00,104959.5,105282.22,104876.38,105211.92,491.01
2025-01-19 13:15:00,105211.92,105320.1,104984.64,105028.14,415.22
2025-01-19 13:30:00,105028.14,105183.72,104889.12,105172.94,434.59
2025-01-19 13:45:00,105172.94,105227.71,104931.5,104973.5,570.11
2025-01-19 14:00:00,104973.5,105028.29,104835.14,104866.68,826.7
2025-01-19 14:15:00,104866.68,105714.6,104805.5,105457.53,938.8
2025-01-19 14:30:00,105457.53,105606.21,104988.13,105005.16,850.08
2025-01-19 14:45:00,105005.16,105221.02,104921.49,105147.95,532.38
2025-01-19 15:00:00,105147.95,105253.51,104519.5,104779.49,806.17
2025-01-19 15:15:00,104779.49,105059.76,104578.51,105052.35,731.51
2025-01-19 15:30:00,105052.35,105218.69,105002.91,105105.24,375.06
2025-01-19 15:45:00,105105.24,105122.46,104684.55,104945.85,503.96
2025-01-19 16:00:00,104945.85,105066.93,104735.44,104792.17,479.34
2025-01-19 16:15:00,104792.17,105162.83,104735.18,105159.49,384.61
2025-01-19 16:30:00,105159.49,105231.22,104893.5,104913.24,319.84
2025-01-19 16:45:00,104913.24,105020.54,104851.24,104972.61,280.8
2025-01-19 17:00:00,104972.61,104972.61,104609.49,104609.49,290.01
2025-01-19 17:15:00,104609.49,104781.49,104568.32,104568.32,330.87
2025-01-19 17:30:00,104568.32,104687.99,104529.51,104655.97,275.16
2025-01-19 17:45:00,104655.97,105148.26,104623.14,105116.55,336.35
2025-01-19 18:00:00,105116.55,105250.03,105048.44,105209.5,331.5
2025-01-19 18:15:00,105209.5,105256.51,105041.35,105094.28,204.19
2025-01-19 18:30:00,105094.28,105116.53,104981.69,105067.99,213.77
2025-01-19 18:45:00,105067.99,105127.22,104911.77,105050.13,239.32
2025-01-19 19:00:00,105050.13,105299.73,104988.28,105271.28,202.54
2025-01-19 19:15:00,105271.28,105338.58,105193.62,105199.16,141.87
2025-01-19 19:30:00,105199.16,105519.76,105161.86,105502.69,312.57
2025-01-19 19:45:00,105502.69,106209.51,105485.37,106209.51,478.53
2025-01-19 20:00:00,106209.51,106370.88,106009.54,106077.08,770.98
2025-01-19 20:15:00,106077.08,106083.38,105504.17,105904.34,663.18
2025-01-19 20:30:00,105904.34,106301.19,105842.72,106201.51,520.08
2025-01-19 20:45:00,106201.51,106429.86,105909.53,106279.49,624.33
2025-01-19 21:00:00,106279.49,106374.79,105794.06,106010.78,667.61
2025-01-19 21:15:00,106010.78,106010.78,104144.64,104377.14,1233.62
2025-01-19 21:30:00,104377.14,105298.48,104368.5,104388.1,2103.04
2025-01-19 21:45:00,104388.1,104549.49,103693.71,103693.93,2144.16
2025-01-19 22:00:00,103693.93,104047.99,102724.16,104047.99,2539.81
2025-01-19 22:15:00,104047.99,104509.5,103579.09,104178.66,1821.73
2025-01-19 22:30:00,104178.66,104206.25,102933.46,103369.5,1204.88
2025-01-19 22:45:00,103369.5,103421.26,101121.57,103421.25,2388.4
2025-01-19 23:00:00,103421.25,103421.25,101001.66,101276.52,3191.64
2025-01-19 23:15:00,101276.52,101755.52,100314.96,100554.5,2623.21
2025-01-19 23:30:00,100554.5,101277.1,99663.5,101221.5,3714.11
2025-01-19 23:45:00,101221.5,101972.93,101005.41,101337.5,2455.79
2025-01-20 00:00:00,101337.5,101686.88,100664.31,101413.5,2570.54
2025-01-20 00:15:00,101413.5,101558.27,100715.5,101099.02,2388.17
2025-01-20 00:30:00,101099.02,101240.19,99559.5,100771.79,2662.39
2025-01-20 00:45:00,100771.79,100810.25,99661.5,99793.86,2702.35
2025-01-20 01:00:00,99793.86,100506.05,99642.1,100209.62,2289.62
2025-01-20 01:15:00,100209.62,100514.31,99754.5,100321.51,1833.53
2025-01-20 01:30:00,100321.51,101003.87,99983.72,100092.84,1801.91
2025-01-20 01:45:00,100092.84,100733.48,100042.6,100702.31,1723.43
2025-01-20 02:00:00,100702.31,101231.24,100612.31,101020.58,1329.87
2025-01-20 02:15:00,101020.58,101723.09,100902.47,101723.09,1182.5
2025-01-20 02:30:00,101723.09,102330.91,101398.14,101666.82,1274.11
2025-01-20 02:45:00,101666.82,102212.05,101534.06,101929.41,1294.69
2025-01-20 03:00:00,101929.41,101992.05,101474.59,101812.9,1260.77
2025-01-20 03:15:00,101812.9,102210.52,101504.67,101671.56,1298.91
2025-01-20 03:30:00,101671.56,101896.61,101496.92,101569.15,1141.38
2025-01-20 03:45:00,101569.15,101937.17,101420.7,101915.22,931.22
2025-01-20 04:00:00,101915.22,101915.22,101544.79,101795.7,865.56
2025-01-20 04:15:00,101795.7,102077.63,101604.28,101773.34,918.98
2025-01-20 04:30:00,101773.34,102387.57,101687.32,102315.06,795.87
2025-01-20 04:45:00,102315.06,102806.67,102243.49,102245.45,845.34
2025-01-20 05:00:00,102245.45,102789.65,102137.49,102502.0,1051.54
2025-01-20 05:15:00,102502.0,102835.22,102429.63,102489.52,1134.86
2025-01-20 05:30:00,102489.52,102620.84,102341.5,102620.84,968.77
2025-01-20 05:45:00,102620.84,102778.04,102309.5,102349.06,629.0
2025-01-20 06:00:00,102349.06,102625.82,102230.3,102509.49,607.49
2025-01-20 06:15:00,102509.49,102786.4,102459.98,102642.18,671.04
2025-01-20 06:30:00,102642.18,104747.56,102615.54,104676.64,1547.16
2025-01-20 06:45:00,104676.64,109351.02,104676.64,107509.42,4235.19
2025-01-20 07:00:00,107509.42,109451.19,107373.96,109100.61,5133.75
2025-01-20 07:15:00,109100.61,109100.61,107743.42,108728.59,2451.07
2025-01-20 07:30:00,108728.59,108938.02,107811.14,107950.12,1861.22
2025-01-20 07:45:00,107950.12,108085.1,106932.57,107110.61,1435.24
2025-01-20 08:00:00,107110.61,107997.56,107110.61,107871.98,1099.45
2025-01-20 08:15:00,107871.98,108292.07,107673.99,108055.03,919.32
2025-01-20 08:30:00,108055.03,108302.46,107831.24,108237.71,980.54
2025-01-20 08:45:00,108237.71,108388.98,107903.94,108320.59,738.4
2025-01-20 09:00:00,108320.59,109193.68,108194.77,108766.12,1299.07
2025-01-20 09:15:00,108766.12,108907.09,107985.86,108248.51,1141.01
2025-01-20 09:30:00,108248.51,108333.93,107557.5,107975.81,1150.4
2025-01-20 09:45:00,107975.81,108201.49,107855.65,108132.95,698.66
2025-01-20 10:00:00,108132.95,108291.61,107923.3,108083.35,782.36
2025-01-20 10:15:00,108083.35,108736.73,108067.48,108511.29,795.77
2025-01-20 10:30:00,108511.29,108635.21,108151.74,108457.49,705.04
2025-01-20 10:45:00,108457.49,108561.26,107780.26,107974.06,918.34
2025-01-20 11:00:00,107974.06,108188.38,107790.01,108093.19,964.95
2025-01-20 11:15:00,108093.19,108549.54,108046.73,108432.66,906.02
2025-01-20 11:30:00,108432.66,108545.39,108103.66,108162.46,691.96
2025-01-20 11:45:00,108162.46,108339.5,108049.37,108240.15,558.49
2025-01-20 12:00:00,108240.15,108700.04,107072.46,107382.65,1307.68
2025-01-20 12:15:00,107382.65,107600.81,105482.45,106654.88,2967.35
2025-01-20 12:30:00,106654.88,107008.86,106040.12,106481.38,1748.86
2025-01-20 12:45:00,106481.38,107343.52,106480.6,106921.76,1384.25
2025-01-20 13:00:00,106921.76,107253.8,106660.61,106966.55,1363.22
2025-01-20 13:15:00,106966.55,107480.08,106846.17,107347.67,1328.57
2025-01-20 13:30:00,107347.67,108107.58,107266.73,107695.51,2060.07
2025-01-20 13:45:00,107695.51,108131.46,107589.5,107947.12,1340.12
2025-01-20 14:00:00,107947.12,108139.57,107441.42,107674.56,1507.15
2025-01-20 14:15:00,107674.56,108004.74,107452.24,107495.51,1165.41
2025-01-20 14:30:00,107495.51,107896.7,107286.79,107737.08,1334.92
2025-01-20 14:45:00,107737.08,108085.09,107537.5,107886.49,933.18
2025-01-20 15:00:00,107886.49,107999.49,107415.11,107415.11,1203.93
2025-01-20 15:15:00,107415.11,107521.49,106287.57,107036.45,2345.48
2025-01-20 15:30:00,107036.45,107036.45,106353.26,106477.11,1629.02
2025-01-20 15:45:00,106477.11,106477.11,104515.5,104951.74,2332.23
2025-01-20 16:00:00,104951.74,105835.82,103756.39,104522.59,2444.15
2025-01-20 16:15:00,104522.59,105669.13,104344.38,105646.06,2299.85
2025-01-20 16:30:00,105646.06,107059.5,105294.5,106530.39,1934.23
2025-01-20 16:45:00,106530.39,106872.15,106256.47,106678.79,1658.9
2025-01-20 17:00:00,106678.79,106780.51,101742.92,104217.42,4151.14
2025-01-20 17:15:00,104217.42,105638.06,103899.1,104184.32,3832.18
2025-01-20 17:30:00,104184.32,104761.67,100599.06,100766.06,4266.24
2025-01-20 17:45:00,100766.06,104583.8,100666.53,102949.5,4712.92
2025-01-20 18:00:00,102949.5,104142.51,102747.73,103924.73,2798.17
2025-01-20 18:15:00,103924.73,104089.14,103132.81,103711.75,1852.27
2025-01-20 18:30:00,103711.75,104258.22,103509.5,103981.83,1601.0
2025-01-20 18:45:00,103981.83,104471.72,103898.31,103919.47,1620.5
2025-01-20 19:00:00,103919.47,103966.92,103122.73,103695.53,1430.34
2025-01-20 19:15:00,103695.53,103846.69,103029.92,103224.99,1318.01
2025-01-20 19:30:00,103224.99,103496.35,102755.78,103277.5,1378.83
2025-01-20 19:45:00,103277.5,103961.49,103271.17,103698.75,1275.32
2025-01-20 20:00:00,103698.75,103927.85,103363.01,103745.33,1238.4
2025-01-20 20:15:00,103745.33,104298.38,103514.75,103967.9,1171.26
2025-01-20 20:30:00,103967.9,104340.49,103829.52,103864.6,777.49
2025-01-20 20:45:00,103864.6,104121.78,103641.76,103653.27,685.77
2025-01-20 21:00:00,103653.27,103996.99,103615.55,103876.15,734.89
2025-01-20 21:15:00,103876.15,104089.5,103641.91,103719.68,666.6
2025-01-20 21:30:00,103719.68,103892.54,103229.78,103361.48,828.22
2025-01-20 21:45:00,103361.48,103388.8,102572.49,102597.0,1179.27
2025-01-20 22:00:00,102597.0,102981.34,101855.65,102583.85,1541.11
2025-01-20 22:15:00,102583.85,103204.59,102569.5,103086.04,875.73
2025-01-20 22:30:00,103086.04,103529.5,102949.06,103401.06,815.55
2025-01-20 22:45:00,103401.06,103818.93,103377.6,103617.5,550.36
2025-01-20 23:00:00,103617.5,103695.55,102737.5,102743.84,972.88
2025-01-20 23:15:00,102743.84,103253.5,102274.7,103237.94,966.12
2025-01-20 23:30:00,103237.94,103385.89,103010.73,103309.5,782.7
2025-01-20 23:45:00,103309.5,103378.5,101746.84,102269.51,1822.41
2025-01-21 00:00:00,102269.51,102577.04,101729.99,102403.83,1674.35
2025-01-21 00:15:00,102403.83,102523.92,101748.28,102003.67,1413.93
2025-01-21 00:30:00,102003.67,102405.73,101661.65,102300.5,1574.28
2025-01-21 00:45:00,102300.5,102681.5,101097.89,101186.94,1898.11
2025-01-21 01:00:00,101186.94,102239.44,101090.79,102143.58,1869.89
2025-01-21 01:15:00,102143.58,102157.63,100313.55,100471.32,1566.52
2025-01-21 01:30:00,100471.32,101476.92,100134.35,101251.5,2775.75
2025-01-21 01:45:00,101251.5,101873.2,101117.07,101498.91,1464.29
2025-01-21 02:00:00,101498.91,102449.07,101074.64,102395.5,1609.7
2025-01-21 02:15:00,102395.5,102771.89,101977.93,102437.63,1432.3
2025-01-21 02:30:00,102437.63,102558.58,101964.99,102108.97,1111.74
2025-01-21 02:45:00,102108.97,102675.62,101824.87,102551.76,1145.57
2025-01-21 03:00:00,102551.76,102982.15,102311.22,102708.77,954.81
2025-01-21 03:15:00,102708.77,103266.62,102464.29,102919.99,1168.91
2025-01-21 03:30:00,102919.99,103234.87,102773.49,103070.77,915.82
2025-01-21 03:45:00,103070.77,103185.01,102875.8,102945.51,696.66
2025-01-21 04:00:00,102945.51,102945.51,102385.99,102685.7,948.36
2025-01-21 04:15:00,102685.7,102974.82,102554.76,102726.11,677.03
2025-01-21 04:30:00,102726.11,102726.11,101938.08,102346.04,1264.36
2025-01-21 04:45:00,102346.04,102539.84,102173.5,102364.43,754.63
2025-01-21 05:00:00,102364.43,102535.93,101919.0,102009.51,794.68
2025-01-21 05:15:00,102009.51,102118.7,101832.73,102001.49,755.27
2025-01-21 05:30:00,102001.49,102065.16,101377.51,101669.16,1160.1
2025-01-21 05:45:00,101669.16,101794.46,101348.99,101373.52,1034.8
2025-01-21 06:00:00,101373.52,101902.91,101121.18,101791.5,1022.63
2025-01-21 06:15:00,101791.5,101989.95,101714.71,101792.2,754.61
2025-01-21 06:30:00,101792.2,101953.94,101409.3,101496.77,789.96
2025-01-21 06:45:00,101496.77,102195.64,101437.23,102169.47,849.08
2025-01-21 07:00:00,102169.47,102482.61,102042.12,102379.83,958.75
2025-01-21 07:15:00,102379.83,102485.62,102324.47,102430.92,594.01
2025-01-21 07:30:00,102430.92,102445.46,102101.98,102149.5,525.77
2025-01-21 07:45:00,102149.5,102261.5,101832.41,101998.55,569.55
2025-01-21 08:00:00,101998.55,102499.62,101751.71,102400.57,807.86
2025-01-21 08:15:00,102400.57,102452.52,102159.5,102247.15,618.11
2025-01-21 08:30:00,102247.15,102408.38,102010.5,102184.93,710.38
2025-01-21 08:45:00,102184.93,102498.28,102011.67,102476.31,763.22
2025-01-21 09:00:00,102476.31,102903.79,102337.08,102569.5,917.14
2025-01-21 09:15:00,102569.5,102627.56,102081.63,102342.56,630.68
2025-01-21 09:30:00,102342.56,102565.04,102311.84,102502.85,934.72
2025-01-21 09:45:00,102502.85,102807.22,102472.27,102716.57,535.5
2025-01-21 10:00:00,102716.57,102870.5,102591.85,102707.65,721.92
2025-01-21 10:15:00,102707.65,103236.39,102707.65,103196.54,542.22
2025-01-21 10:30:00,103196.54,103196.54,102987.58,103016.97,667.24
2025-01-21 10:45:00,103016.97,103370.04,102984.12,103170.34,532.88
2025-01-21 11:00:00,103170.34,103603.14,103083.36,103579.52,469.4
2025-01-21 11:15:00,103579.52,103839.85,103498.29,103685.78,736.83
2025-01-21 11:30:00,103685.78,103976.27,103478.45,103872.93,859.84
2025-01-21 11:45:00,103872.93,103973.77,103718.23,103767.76,587.7
2025-01-21 12:00:00,103767.76,103986.75,103620.27,103986.75,565.89
2025-01-21 12:15:00,103986.75,104709.77,103986.75,104463.13,968.22
2025-01-21 12:30:00,104463.13,104704.43,104341.5,104455.06,878.4
2025-01-21 12:45:00,104455.06,104583.63,104319.5,104478.17,544.89
2025-01-21 13:00:00,104478.17,104663.45,104158.68,104637.52,778.64
2025-01-21 13:15:00,104637.52,104990.19,104469.83,104647.84,730.25
2025-01-21 13:30:00,104647.84,104745.11,104473.5,104673.48,642.83
2025-01-21 13:45:00,104673.48,104843.07,104369.52,104466.57,485.31
2025-01-21 14:00:00,104466.57,104695.36,104413.51,104534.11,673.36
2025-01-21 14:15:00,104534.11,105267.5,104534.11,105216.25,785.15
2025-01-21 14:30:00,105216.25,105329.49,103276.06,103768.1,2540.41
2025-01-21 14:45:00,103768.1,104273.49,103023.74,103270.4,2013.25
2025-01-21 15:00:00,103270.4,103468.3,102812.93,103059.65,2472.42
2025-01-21 15:15:00,103059.65,103814.63,103029.5,103737.5,1565.1
2025-01-21 15:30:00,103737.5,104104.91,103369.67,103834.5,1430.81
2025-01-21 15:45:00,103834.5,104030.92,103480.66,103942.01,1755.9
2025-01-21 16:00:00,103942.01,106301.2,103831.52,106052.17,2148.86
2025-01-21 16:15:00,106052.17,106505.5,105218.26,105443.56,2396.91
2025-01-21 16:30:00,105443.56,105871.5,104843.22,105112.94,1545.37
2025-01-21 16:45:00,105112.94,105733.63,104831.77,104972.03,973.97
2025-01-21 17:00:00,104972.03,105528.78,104917.34,105505.69,800.81
2025-01-21 17:15:00,105505.69,105824.73,105409.5,105717.72,678.24
2025-01-21 17:30:00,105717.72,105977.34,105521.54,105843.5,742.27
2025-01-21 17:45:00,105843.5,106408.29,105815.84,106171.15,1269.95
2025-01-21 18:00:00,106171.15,106248.49,105901.51,106103.09,908.57
2025-01-21 18:15:00,106103.09,106508.5,106046.62,106395.49,898.9
2025-01-21 18:30:00,106395.49,107241.49,106270.38,106846.21,1335.81
2025-01-21 18:45:00,106846.21,107101.5,106761.21,106870.68,728.04
2025-01-21 19:00:00,106870.68,106909.49,106364.03,106364.03,758.96
2025-01-21 19:15:00,106364.03,106961.97,106273.34,106882.93,769.97
2025-01-21 19:30:00,106882.93,106887.18,106494.98,106653.49,647.32
2025-01-21 19:45:00,106653.49,107151.16,106637.89,107040.83,869.89
2025-01-21 20:00:00,107040.83,107209.48,106785.07,106885.28,691.84
2025-01-21 20:15:00,106885.28,107170.27,106695.9,107019.49,698.49
2025-01-21 20:30:00,107019.49,107095.35,105945.5,106073.49,930.83
2025-01-21 20:45:00,106073.49,106312.36,105972.9,106147.0,936.93
2025-01-21 21:00:00,106147.0,106424.82,106027.91,106027.91,632.98
2025-01-21 21:15:00,106027.91,106391.1,105782.61,106236.8,601.17
2025-01-21 21:30:00,106236.8,106567.33,106229.5,106508.28,508.49
2025-01-21 21:45:00,106508.28,106823.86,106387.37,106781.73,584.48
2025-01-21 22:00:00,106781.73,106781.73,106396.59,106473.24,464.63
2025-01-21 22:15:00,106473.24,106652.64,106367.86,106457.18,334.66
2025-01-21 22:30:00,106457.18,106487.08,106081.79,106178.22,358.03
2025-01-21 22:45:00,106178.22,106369.47,105981.49,105996.58,755.89
2025-01-21 23:00:00,105996.58,106119.28,105431.31,105725.1,998.56
2025-01-21 23:15:00,105725.1,106086.42,105676.74,105733.26,995.48
2025-01-21 23:30:00,105733.26,106057.5,105733.26,106024.89,553.29
2025-01-21 23:45:00,106024.89,106273.22,105828.48,106153.31,711.64
2025-01-22 00:00:00,106153.31,106228.22,105880.65,105999.01,585.61
2025-01-22 00:15:00,105999.01,106331.49,105843.86,105996.1,703.92
2025-01-22 00:30:00,105996.1,106049.86,105839.79,105941.49,426.15
2025-01-22 00:45:00,105941.49,106045.53,105816.58,105957.5,535.92
2025-01-22 01:00:00,105957.5,106395.44,105768.47,105851.51,736.04
2025-01-22 01:15:00,105851.51,105968.1,105634.84,105693.94,554.99
2025-01-22 01:30:00,105693.94,105793.5,105458.49,105472.13,393.86
2025-01-22 01:45:00,105472.13,105882.3,105472.13,105809.49,449.48
2025-01-22 02:00:00,105809.49,105916.32,105673.29,105888.76,451.8
2025-01-22 02:15:00,105888.76,106198.15,105844.22,106036.82,340.5
2025-01-22 02:30:00,106036.82,106119.0,105888.81,105888.81,391.94
2025-01-22 02:45:00,105888.81,105891.64,105569.17,105583.06,287.11
2025-01-22 03:00:00,105583.06,105831.52,105583.06,105831.52,343.26
2025-01-22 03:15:00,105831.52,105920.83,105770.84,105848.56,426.03
2025-01-22 03:30:00,105848.56,105848.56,105689.84,105701.64,237.05
2025-01-22 03:45:00,105701.64,105749.64,105609.5,105609.5,217.59
2025-01-22 04:00:00,105609.5,105782.99,105576.26,105724.25,231.15
2025-01-22 04:15:00,105724.25,105793.51,105634.73,105745.5,219.25
2025-01-22 04:30:00,105745.5,105813.5,105299.25,105428.19,324.74
2025-01-22 04:45:00,105428.19,105607.31,105410.1,105595.5,285.24
2025-01-22 05:00:00,105595.5,105761.46,105522.43,105760.91,319.2
2025-01-22 05:15:00,105760.91,105888.51,105637.5,105637.5,334.67
2025-01-22 05:30:00,105637.5,105657.0,105509.5,105634.86,170.72
2025-01-22 05:45:00,105634.86,105776.94,105545.26,105695.12,300.56
2025-01-22 06:00:00,105695.12,105954.11,105630.53,105898.47,255.76
2025-01-22 06:15:00,105898.47,105898.47,105368.52,105524.85,446.87
2025-01-22 06:30:00,105524.85,105604.48,105333.44,105408.18,369.09
2025-01-22 06:45:00,105408.18,105430.32,105196.22,105384.06,300.61
2025-01-22 07:00:00,105384.06,105573.5,105329.5,105573.5,273.32
2025-01-22 07:15:00,105573.5,105684.02,105375.99,105485.6,296.49
2025-01-22 07:30:00,105485.6,105485.6,105074.54,105096.88,417.62
2025-01-22 07:45:00,105096.88,105273.19,105075.48,105090.36,404.41
2025-01-22 08:00:00,105090.36,105167.42,104948.89,105023.06,511.73
2025-01-22 08:15:00,105023.06,105053.73,104740.94,104817.19,432.29
2025-01-22 08:30:00,104817.19,105131.58,104709.5,105089.51,1270.49
2025-01-22 08:45:00,105089.51,105342.83,105060.33,105279.53,522.3
2025-01-22 09:00:00,105279.53,105279.53,104927.25,105009.92,323.21
2025-01-22 09:15:00,105009.92,105145.94,104947.3,105024.92,304.39
2025-01-22 09:30:00,105024.92,105197.5,104965.5,105181.06,258.56
2025-01-22 09:45:00,105181.06,105191.82,104965.5,104989.09,239.72
2025-01-22 10:00:00,104989.09,105005.71,104658.31,104832.62,641.44
2025-01-22 10:15:00,104832.62,105017.5,104765.5,104992.52,270.4
2025-01-22 10:30:00,104992.52,105087.09,104897.43,105045.95,597.55
2025-01-22 10:45:00,105045.95,105165.75,104997.5,105142.49,193.11
2025-01-22 11:00:00,105142.49,105156.48,105005.56,105038.65,432.35
2025-01-22 11:15:00,105038.65,105245.84,104768.12,104797.99,834.7
2025-01-22 11:30:00,104797.99,105127.53,104797.99,105090.39,265.73
2025-01-22 11:45:00,105090.39,105472.58,105029.5,105099.6,406.89
2025-01-22 12:00:00,105099.6,105483.4,105080.49,105483.4,556.67
2025-01-22 12:15:00,105483.4,105593.72,105377.82,105384.77,309.54
2025-01-22 12:30:00,105384.77,105465.87,105263.68,105465.87,211.99
2025-01-22 12:45:00,105465.87,105465.87,105293.6,105293.6,181.01
2025-01-22 13:00:00,105293.6,105363.14,104919.8,104967.56,596.68
2025-01-22 13:15:00,104967.56,105080.0,104876.73,104881.5,355.66
2025-01-22 13:30:00,104881.5,104963.15,104293.18,104624.48,659.94
2025-01-22 13:45:00,104624.48,104645.51,103830.35,104081.34,962.38
2025-01-22 14:00:00,104081.34,104175.81,103709.5,104099.5,1065.82
2025-01-22 14:15:00,104099.5,104697.15,104058.29,104689.91,893.54
2025-01-22 14:30:00,104689.91,104951.73,104076.21,104193.49,1638.28
2025-01-22 14:45:00,104193.49,104711.04,103672.43,104393.08,1245.34
2025-01-22 15:00:00,104393.08,104956.25,104143.32,104956.25,1380.16
2025-01-22 15:15:00,104956.25,105148.34,104394.11,104394.11,1568.95
2025-01-22 15:30:00,104394.11,104529.5,103998.51,104308.03,1195.51
2025-01-22 15:45:00,104308.03,104673.47,104069.51,104195.02,935.75
2025-01-22 16:00:00,104195.02,104241.88,103709.5,103830.07,1155.4
2025-01-22 16:15:00,103830.07,104108.74,103715.19,103983.9,759.32
2025-01-22 16:30:00,103983.9,104063.47,103355.5,103440.05,885.21
2025-01-22 16:45:00,103440.05,103877.5,103378.82,103728.29,792.23
2025-01-22 17:00:00,103728.29,104239.65,103684.42,104127.22,760.68
2025-01-22 17:15:00,104127.22,104374.19,104045.5,104273.29,482.68
2025-01-22 17:30:00,104273.29,104610.61,104144.69,104435.5,668.6
2025-01-22 17:45:00,104435.5,104588.24,104136.94,104360.76,557.58
2025-01-22 18:00:00,104360.76,104693.5,104298.93,104515.5,599.79
2025-01-22 18:15:00,104515.5,104542.66,104078.46,104319.51,660.45
2025-01-22 18:30:00,104319.51,104573.5,104295.21,104384.44,417.3
2025-01-22 18:45:00,104384.44,104429.96,103768.5,103905.5,1058.73
2025-01-22 19:00:00,103905.5,104339.9,103863.26,104301.27,622.78
2025-01-22 19:15:00,104301.27,104743.05,104301.27,104495.04,504.69
2025-01-22 19:30:00,104495.04,104756.83,104311.94,104465.45,746.23
2025-01-22 19:45:00,104465.45,104721.59,104465.45,104629.46,480.18
2025-01-22 20:00:00,104629.46,104829.76,104405.06,104581.4,610.05
2025-01-22 20:15:00,104581.4,104612.75,104330.02,104459.5,550.91
2025-01-22 20:30:00,104459.5,104614.35,104157.5,104210.85,581.67
2025-01-22 20:45:00,104210.85,104533.79,104097.5,104326.43,710.46
2025-01-22 21:00:00,104326.43,104372.55,103789.34,103901.25,629.82
2025-01-22 21:15:00,103901.25,103960.87,103621.18,103900.05,359.76
2025-01-22 21:30:00,103900.05,104131.48,103900.05,104019.49,261.3
2025-01-22 21:45:00,104019.49,104139.52,103909.5,104103.9,326.45
2025-01-22 22:00:00,104103.9,104114.69,103912.42,104014.6,239.37
2025-01-22 22:15:00,104014.6,104031.09,103780.88,104031.09,278.59
2025-01-22 22:30:00,104031.09,104519.41,104022.92,104305.5,462.53
2025-01-22 22:45:00,104305.5,104342.6,103822.83,103862.95,403.04
2025-01-22 23:00:00,103862.95,104153.49,103689.44,103949.5,1008.09
2025-01-22 23:15:00,103949.5,104068.26,103782.52,103854.5,951.48
2025-01-22 23:30:00,103854.5,103984.16,103761.83,103911.25,592.32
2025-01-22 23:45:00,103911.25,103911.59,103663.5,103701.49,461.21
2025-01-23 00:00:00,103701.49,103825.04,103579.78,103679.06,502.11
2025-01-23 00:15:00,103679.06,103679.06,103111.51,103398.09,541.36
2025-01-23 00:30:00,103398.09,103643.3,103242.0,103245.1,521.14
2025-01-23 00:45:00,103245.1,103460.2,103062.33,103326.01,502.52
2025-01-23 01:00:00,103326.01,103428.77,103118.96,103231.5,444.57
2025-01-23 01:15:00,103231.5,103580.66,103145.5,103550.31,535.04
2025-01-23 01:30:00,103550.31,103663.33,103351.83,103372.97,380.64
2025-01-23 01:45:00,103372.97,103387.78,102597.66,102940.39,1036.8
2025-01-23 02:00:00,102940.39,102990.63,102363.57,102519.02,891.33
2025-01-23 02:15:00,102519.02,102545.6,102138.82,102409.37,815.88
2025-01-23 02:30:00,102409.37,102509.5,102129.37,102461.52,640.13
2025-01-23 02:45:00,102461.52,102775.49,102418.57,102665.9,559.24
2025-01-23 03:00:00,102665.9,103010.04,102618.19,102952.85,432.01
2025-01-23 03:15:00,102952.85,103002.22,102804.09,102983.11,394.54
2025-01-23 03:30:00,102983.11,103017.24,102922.34,102964.73,230.52
2025-01-23 03:45:00,102964.73,102964.73,102206.84,102455.97,569.5
2025-01-23 04:00:00,102455.97,102502.64,102186.5,102259.5,372.01
2025-01-23 04:15:00,102259.5,102259.5,101790.22,101816.23,835.49
2025-01-23 04:30:00,101816.23,102019.04,101602.09,101836.05,679.43
2025-01-23 04:45:00,101836.05,102146.14,101836.05,102084.71,588.37
2025-01-23 05:00:00,102084.71,102227.93,102009.5,102227.93,368.47
2025-01-23 05:15:00,102227.93,102268.0,102009.5,102026.69,402.26
2025-01-23 05:30:00,102026.69,102569.49,102026.69,102490.79,468.09
2025-01-23 05:45:00,102490.79,102648.86,102421.83,102536.15,286.09
2025-01-23 06:00:00,102536.15,102975.51,102536.15,102909.5,667.42
2025-01-23 06:15:00,102909.5,102909.5,102709.73,102866.73,283.49
2025-01-23 06:30:00,102866.73,102866.73,102623.52,102635.77,470.36
2025-01-23 06:45:00,102635.77,102639.07,102218.74,102273.86,394.38
2025-01-23 07:00:00,102273.86,102420.54,102096.98,102399.6,406.77
2025-01-23 07:15:00,102399.6,102529.49,102251.15,102334.82,227.01
2025-01-23 07:30:00,102334.82,102561.22,102158.83,102440.53,334.34
2025-01-23 07:45:00,102440.53,102809.48,102440.53,102719.77,586.52
2025-01-23 08:00:00,102719.77,102734.43,102409.5,102491.24,270.89
2025-01-23 08:15:00,102491.24,102608.33,102293.5,102404.45,547.0
2025-01-23 08:30:00,102404.45,102474.45,102267.08,102466.9,294.14
2025-01-23 08:45:00,102466.9,102526.22,102069.51,102225.24,351.79
2025-01-23 09:00:00,102225.24,102471.03,102193.7,102439.95,301.45
2025-01-23 09:15:00,102439.95,102445.31,102223.11,102311.82,262.79
2025-01-23 09:30:00,102311.82,102311.82,101914.67,101914.67,509.68
2025-01-23 09:45:00,101914.67,101986.2,101659.5,101681.51,397.65
2025-01-23 10:00:00,101681.51,101896.54,101610.16,101896.54,424.89
2025-01-23 10:15:00,101896.54,102061.38,101845.5,101959.51,358.87
2025-01-23 10:30:00,101959.51,102018.94,101271.79,101299.67,496.28
2025-01-23 10:45:00,101299.67,101690.48,101299.67,101684.28,468.56
2025-01-23 11:00:00,101684.28,102011.91,101684.28,101987.94,411.77
2025-01-23 11:15:00,101987.94,102159.69,101939.23,102056.41,361.98
2025-01-23 11:30:00,102056.41,102202.49,101871.56,101956.09,237.15
2025-01-23 11:45:00,101956.09,102018.12,101864.36,101945.79,206.31
2025-01-23 12:00:00,101945.79,102140.87,101767.5,101767.5,363.6
2025-01-23 12:15:00,101767.5,101780.17,101425.5,101709.5,504.45
2025-01-23 12:30:00,101709.5,101952.01,101515.5,101582.52,482.92
2025-01-23 12:45:00,101582.52,101736.78,101469.98,101645.08,408.17
2025-01-23 13:00:00,101645.08,101787.54,101530.63,101726.48,472.19
2025-01-23 13:15:00,101726.48,101750.94,101299.34,101532.69,565.98
2025-01-23 13:30:00,101532.69,102218.73,101532.69,102175.68,877.3
2025-01-23 13:45:00,102175.68,102718.3,102145.74,102521.78,834.73
2025-01-23 14:00:00,102521.78,102542.83,102223.11,102298.19,631.92
2025-01-23 14:15:00,102298.19,102448.62,101999.31,102448.62,472.12
2025-01-23 14:30:00,102448.62,105074.06,102366.55,104947.5,3095.12
2025-01-23 14:45:00,104947.5,106054.22,104709.51,105183.74,2693.59
2025-01-23 15:00:00,105183.74,105797.0,102696.97,103542.62,3696.69
2025-01-23 15:15:00,103542.62,104436.84,102881.51,104269.0,3431.33
2025-01-23 15:30:00,104269.0,105092.02,104224.14,105051.51,1973.73
2025-01-23 15:45:00,105051.51,105427.68,104684.51,105228.82,1840.49
2025-01-23 16:00:00,105228.82,106561.42,105061.51,106501.51,2092.22
2025-01-23 16:15:00,106501.51,106859.49,105300.98,105974.78,2427.37
2025-01-23 16:30:00,105974.78,106177.89,105578.13,106083.52,1504.51
2025-01-23 16:45:00,106083.52,106441.53,105051.89,105145.51,1768.81
2025-01-23 17:00:00,105145.51,105152.13,104221.51,104734.63,1890.31
2025-01-23 17:15:00,104734.63,105367.9,104676.44,105294.15,958.85
2025-01-23 17:30:00,105294.15,105681.66,105233.64,105601.17,1003.2
2025-01-23 17:45:00,105601.17,106239.91,105564.71,105912.03,996.43
2025-01-23 18:00:00,105912.03,106143.51,105179.96,105223.73,974.24
2025-01-23 18:15:00,105223.73,105879.82,105215.16,105755.43,765.73
2025-01-23 18:30:00,105755.43,105931.61,105113.97,105201.55,730.43
2025-01-23 18:45:00,105201.55,105615.1,105198.97,105426.21,779.14
2025-01-23 19:00:00,105426.21,105510.49,104830.91,104986.64,851.88
2025-01-23 19:15:00,104986.64,105152.5,104457.77,104900.86,1264.81
2025-01-23 19:30:00,104900.86,104924.72,104507.27,104789.5,850.8
2025-01-23 19:45:00,104789.5,104802.61,103422.8,103808.22,1131.65
2025-01-23 20:00:00,103808.22,105955.73,103170.29,104828.83,1943.21
2025-01-23 20:15:00,104828.83,106423.96,103745.23,105755.5,4337.12
2025-01-23 20:30:00,105755.5,105843.5,104523.94,104822.74,3182.35
2025-01-23 20:45:00,104822.74,104978.52,102604.75,103274.84,3378.14
2025-01-23 21:00:00,103274.84,103418.46,102674.29,102933.51,1944.31
2025-01-23 21:15:00,102933.51,103297.13,102219.47,102743.49,1424.09
2025-01-23 21:30:00,102743.49,103272.09,102320.09,103017.93,1076.39
2025-01-23 21:45:00,103017.93,103276.58,102527.03,103088.57,858.67
2025-01-23 22:00:00,103088.57,103739.72,102990.74,103665.5,732.24
2025-01-23 22:15:00,103665.5,104179.88,103309.51,104122.68,993.34
2025-01-23 22:30:00,104122.68,104708.31,103857.46,104006.76,846.7
2025-01-23 22:45:00,104006.76,104242.26,103741.29,103988.31,500.17
2025-01-23 23:00:00,103988.31,104349.48,103810.87,104151.97,785.83
2025-01-23 23:15:00,104151.97,104543.47,104151.97,104309.49,467.64
2025-01-23 23:30:00,104309.49,104348.31,104123.51,104144.2,309.66
2025-01-23 23:45:00,104144.2,104144.2,103891.37,103906.12,309.93
2025-01-24 00:00:00,103906.12,104158.46,103803.22,103840.63,438.83
2025-01-24 00:15:00,103840.63,103956.01,103529.59,103668.53,447.71
2025-01-24 00:30:00,103668.53,103786.87,103574.3,103626.46,318.29
2025-01-24 00:45:00,103626.46,103786.34,103434.52,103455.83,340.21
2025-01-24 01:00:00,103455.83,103690.35,103430.06,103634.23,359.53
2025-01-24 01:15:00,103634.23,103894.41,103515.22,103641.54,416.18
2025-01-24 01:30:00,103641.54,103677.49,103370.87,103383.65,385.16
2025-01-24 01:45:00,103383.65,103390.1,103079.84,103243.79,416.16
2025-01-24 02:00:00,103243.79,103330.96,103019.49,103267.23,451.85
2025-01-24 02:15:00,103267.23,103492.67,103246.76,103396.01,509.54
2025-01-24 02:30:00,103396.01,103553.2,103280.51,103299.48,304.54
2025-01-24 02:45:00,103299.48,103317.5,102967.37,103025.5,464.14
2025-01-24 03:00:00,103025.5,103463.22,103025.5,103207.21,668.32
2025-01-24 03:15:00,103207.21,103818.27,102759.5,103489.47,810.56
2025-01-24 03:30:00,103489.47,104307.12,103441.51,104120.32,980.09
2025-01-24 03:45:00,104120.32,104186.63,103878.73,103900.97,553.46
2025-01-24 04:00:00,103900.97,104139.22,103814.54,104002.11,450.53
2025-01-24 04:15:00,104002.11,104109.49,103873.22,103978.4,357.68
2025-01-24 04:30:00,103978.4,104507.9,103909.51,104438.11,531.56
2025-01-24 04:45:00,104438.11,104933.49,104419.27,104631.5,706.47
2025-01-24 05:00:00,104631.5,105060.48,104562.89,104868.68,589.74
2025-01-24 05:15:00,104868.68,105034.7,104680.09,104889.26,513.21
2025-01-24 05:30:00,104889.26,105001.97,104863.43,104923.55,306.74
2025-01-24 05:45:00,104923.55,105270.73,104825.39,105231.65,373.77
2025-01-24 06:00:00,105231.65,105351.5,104886.99,104934.23,499.04
2025-01-24 06:15:00,104934.23,105036.61,104809.5,104910.84,496.24
2025-01-24 06:30:00,104910.84,104954.67,104637.5,104863.06,296.97
2025-01-24 06:45:00,104863.06,105007.09,104852.56,105001.51,177.64
2025-01-24 07:00:00,105001.51,105190.54,104748.6,104818.01,330.96
2025-01-24 07:15:00,104818.01,104857.98,104669.5,104727.5,187.02
2025-01-24 07:30:00,104727.5,104862.74,104677.5,104823.28,413.43
2025-01-24 07:45:00,104823.28,105098.51,104823.28,105052.33,408.69
2025-01-24 08:00:00,105052.33,105259.48,104936.4,105233.49,240.33
2025-01-24 08:15:00,105233.49,105570.15,105184.77,105558.09,543.04
2025-01-24 08:30:00,105558.09,105658.67,105343.91,105343.91,470.0
2025-01-24 08:45:00,105343.91,105601.49,105284.9,105507.24,755.96
2025-01-24 09:00:00,105507.24,105529.15,105397.5,105482.35,317.44
2025-01-24 09:15:00,105482.35,105768.5,105472.94,105611.89,262.23
2025-01-24 09:30:00,105611.89,105634.58,105217.51,105306.59,505.18
2025-01-24 09:45:00,105306.59,105306.59,105063.3,105169.49,352.89
2025-01-24 10:00:00,105169.49,105334.57,105060.96,105233.8,300.8
2025-01-24 10:15:00,105233.8,105296.05,105068.29,105279.5,186.74
2025-01-24 10:30:00,105279.5,105433.86,105202.99,105371.89,325.41
2025-01-24 10:45:00,105371.89,105429.14,105119.59,105426.26,263.79
2025-01-24 11:00:00,105426.26,105477.49,105342.04,105383.49,129.55
2025-01-24 11:15:00,105383.49,105526.87,105383.49,105384.4,149.42
2025-01-24 11:30:00,105384.4,105384.4,105229.05,105247.28,75.28
2025-01-24 11:45:00,105247.28,105483.78,105238.7,105429.61,228.56
2025-01-24 12:00:00,105429.61,105589.29,105193.16,105256.67,383.89
2025-01-24 12:15:00,105256.67,105426.48,105246.17,105326.03,304.36
2025-01-24 12:30:00,105326.03,105460.5,105309.5,105386.04,161.05
2025-01-24 12:45:00,105386.04,105534.51,105386.04,105529.48,186.67
2025-01-24 13:00:00,105529.48,105791.05,105209.5,105270.72,390.01
2025-01-24 13:15:00,105270.72,105375.81,104991.74,105281.3,284.33
2025-01-24 13:30:00,105281.3,105299.09,105003.0,105063.78,367.37
2025-01-24 13:45:00,105063.78,105278.23,105005.5,105141.64,393.18
2025-01-24 14:00:00,105141.64,105245.57,104891.86,105019.68,425.54
2025-01-24 14:15:00,105019.68,105329.36,105019.68,105304.09,480.24
2025-01-24 14:30:00,105304.09,106229.48,104678.68,106209.14,1603.54
2025-01-24 14:45:00,106209.14,106327.87,105561.64,105767.49,1434.19
2025-01-24 15:00:00,105767.49,105940.51,105516.4,105556.29,1027.0
2025-01-24 15:15:00,105556.29,106000.0,105269.0,105676.08,994.54
2025-01-24 15:30:00,105676.08,105982.4,105429.5,105644.04,923.73
2025-01-24 15:45:00,105644.04,105969.77,105597.5,105869.49,611.56
2025-01-24 16:00:00,105869.49,106132.68,105730.83,105966.77,780.41
2025-01-24 16:15:00,105966.77,106134.67,105837.54,106003.98,616.62
2025-01-24 16:30:00,106003.98,106170.47,105870.36,106008.51,535.29
2025-01-24 16:45:00,106008.51,106133.49,105598.5,105663.24,598.4
2025-01-24 17:00:00,105663.24,106020.01,105621.51,105989.49,605.75
2025-01-24 17:15:00,105989.49,106498.14,105975.01,106487.72,386.33
2025-01-24 17:30:00,106487.72,106505.67,106233.63,106329.5,492.83
2025-01-24 17:45:00,106329.5,106702.9,106268.16,106459.61,583.96
2025-01-24 18:00:00,106459.61,106995.07,106435.62,106643.73,832.73
2025-01-24 18:15:00,106643.73,107124.69,106643.73,106918.44,677.11
2025-01-24 18:30:00,106918.44,106982.75,106609.52,106650.9,668.34
2025-01-24 18:45:00,106650.9,106662.59,106081.63,106338.92,724.17
2025-01-24 19:00:00,106338.92,106606.46,105885.22,106115.1,674.84
2025-01-24 19:15:00,106115.1,106464.48,106115.1,106379.34,427.91
2025-01-24 19:30:00,106379.34,106432.84,105892.18,105899.49,430.14
2025-01-24 19:45:00,105899.49,105919.79,105696.51,105791.44,443.62
2025-01-24 20:00:00,105791.44,105791.44,105609.51,105682.91,371.89
2025-01-24 20:15:00,105682.91,105682.91,105122.36,105207.49,659.65
2025-01-24 20:30:00,105207.49,105289.5,104828.62,105068.98,753.1
2025-01-24 20:45:00,105068.98,105413.94,104746.34,104841.3,688.7
2025-01-24 21:00:00,104841.3,105262.4,104841.3,105102.55,640.81
2025-01-24 21:15:00,105102.55,105387.68,105038.24,105298.82,366.36
2025-01-24 21:30:00,105298.82,105392.38,105040.01,105156.06,355.56
2025-01-24 21:45:00,105156.06,105301.5,105071.1,105134.1,236.21
2025-01-24 22:00:00,105134.1,105483.2,105054.5,105210.56,311.37
2025-01-24 22:15:00,105210.56,105307.12,104953.47,104981.47,244.54
2025-01-24 22:30:00,104981.47,105228.46,104981.46,105228.46,188.85
2025-01-24 22:45:00,105228.46,105239.4,104720.53,104763.49,163.98
2025-01-24 23:00:00,104763.49,104929.5,104484.5,104568.66,653.79
2025-01-24 23:15:00,104568.66,104696.38,104466.39,104589.65,227.64
2025-01-24 23:30:00,104589.65,104769.57,104497.92,104722.71,262.81
2025-01-24 23:45:00,104722.71,104881.66,104689.5,104870.79,271.12
2025-01-25 00:00:00,104870.79,104870.79,104519.28,104537.33,421.76
2025-01-25 00:15:00,104537.33,104801.42,104517.5,104633.42,563.65
2025-01-25 00:30:00,104633.42,104743.77,104469.9,104587.96,742.62
2025-01-25 00:45:00,104587.96,104646.23,104371.39,104436.93,345.5
2025-01-25 01:00:00,104436.93,104645.91,104389.65,104558.22,285.44
2025-01-25 01:15:00,104558.22,104760.68,104526.85,104721.61,242.07
2025-01-25 01:30:00,104721.61,104821.49,104681.91,104781.91,175.9
2025-01-25 01:45:00,104781.91,104805.88,104688.12,104747.3,194.19
2025-01-25 02:00:00,104747.3,104747.3,104559.5,104699.17,143.46
2025-01-25 02:15:00,104699.17,104835.12,104617.5,104666.78,162.11
2025-01-25 02:30:00,104666.78,104745.4,104589.5,104604.65,124.57
2025-01-25 02:45:00,104604.65,104660.16,104483.17,104569.05,5047.32
2025-01-25 03:00:00,104569.05,104618.99,104494.34,104527.05,162.26
2025-01-25 03:15:00,104527.05,104769.87,104470.5,104705.48,183.42
2025-01-25 03:30:00,104705.48,105005.96,104705.48,104876.52,227.59
2025-01-25 03:45:00,104876.52,105286.43,104850.82,105189.5,216.08
2025-01-25 04:00:00,105189.5,105211.89,104990.83,105018.38,158.38
2025-01-25 04:15:00,105018.38,105018.38,104854.32,104909.49,101.05
2025-01-25 04:30:00,104909.49,104909.49,104786.15,104826.6,81.76
2025-01-25 04:45:00,104826.6,104879.69,104630.7,104657.5,113.04
2025-01-25 05:00:00,104657.5,104710.68,104394.15,104486.15,232.43
2025-01-25 05:15:00,104486.15,104649.29,104390.35,104632.66,169.44
2025-01-25 05:30:00,104632.66,104680.5,104509.6,104554.35,207.32
2025-01-25 05:45:00,104554.35,104571.79,104290.95,104367.37,108.29
2025-01-25 06:00:00,104367.37,104489.5,104299.21,104449.71,202.11
2025-01-25 06:15:00,104449.71,104461.85,104238.2,104365.74,277.17
2025-01-25 06:30:00,104365.74,104395.58,104250.06,104375.5,204.13
2025-01-25 06:45:00,104375.5,104375.5,104249.01,104317.51,183.98
2025-01-25 07:00:00,104317.51,104481.0,104296.74,104475.5,146.13
2025-01-25 07:15:00,104475.5,104532.75,104393.21,104457.73,209.02
2025-01-25 07:30:00,104457.73,104500.86,104380.18,104397.5,99.33
2025-01-25 07:45:00,104397.5,104456.66,104379.49,104395.48,52.62
2025-01-25 08:00:00,104395.48,104459.21,104313.48,104440.86,118.6
2025-01-25 08:15:00,104440.86,104506.69,104317.5,104329.49,109.73
2025-01-25 08:30:00,104329.49,104346.94,104145.21,104332.06,175.6
2025-01-25 08:45:00,104332.06,104367.5,104250.87,104351.49,108.58
2025-01-25 09:00:00,104351.49,104406.35,104292.73,104292.73,165.69
2025-01-25 09:15:00,104292.73,104442.49,104292.73,104338.83,348.01
2025-01-25 09:30:00,104338.83,104459.98,104296.21,104417.04,122.04
2025-01-25 09:45:00,104417.04,104437.5,104333.56,104378.92,145.81
2025-01-25 10:00:00,104378.92,104462.76,104117.07,104325.31,493.41
2025-01-25 10:15:00,104325.31,104407.67,104220.86,104282.1,178.49
2025-01-25 10:30:00,104282.1,104453.83,104282.1,104446.71,127.58
2025-01-25 10:45:00,104446.71,104670.54,104437.5,104570.79,439.04
2025-01-25 11:00:00,104570.79,104626.38,104509.5,104509.5,336.24
2025-01-25 11:15:00,104509.5,104509.5,104400.77,104455.7,75.51
2025-01-25 11:30:00,104455.7,104538.73,104448.31,104536.52,68.65
2025-01-25 11:45:00,104536.52,104710.5,104536.52,104680.5,359.9
2025-01-25 12:00:00,104680.5,104680.5,104527.69,104575.95,113.27
2025-01-25 12:15:00,104575.95,104646.92,104465.5,104465.5,353.11
2025-01-25 12:30:00,104465.5,104690.71,104465.5,104650.74,147.27
2025-01-25 12:45:00,104650.74,104794.93,104617.46,104757.94,157.3
2025-01-25 13:00:00,104757.94,104870.84,104691.65,104819.52,217.58
2025-01-25 13:15:00,104819.52,104869.63,104731.52,104735.1,129.82
2025-01-25 13:30:00,104735.1,104809.13,104717.99,104763.49,146.86
2025-01-25 13:45:00,104763.49,104775.55,104641.51,104726.54,112.35
2025-01-25 14:00:00,104726.54,104726.54,104549.27,104566.0,200.98
2025-01-25 14:15:00,104566.0,104651.11,104565.03,104601.05,139.02
2025-01-25 14:30:00,104601.05,104645.5,104482.66,104554.36,402.75
2025-01-25 14:45:00,104554.36,104620.6,104499.13,104611.43,146.9
2025-01-25 15:00:00,104611.43,104976.13,104603.52,104940.89,275.16
2025-01-25 15:15:00,104940.89,105107.49,104814.47,104943.13,327.07
2025-01-25 15:30:00,104943.13,105041.48,104798.14,104835.39,271.34
2025-01-25 15:45:00,104835.39,104930.87,104760.96,104907.28,359.32
2025-01-25 16:00:00,104907.28,104995.51,104839.27,104929.51,425.51
2025-01-25 16:15:00,104929.51,104969.28,104742.9,104795.99,203.75
2025-01-25 16:30:00,104795.99,104817.5,104608.89,104638.82,237.73
2025-01-25 16:45:00,104638.82,104748.46,104601.17,104658.94,162.13
2025-01-25 17:00:00,104658.94,104700.93,104557.59,104611.29,399.64
2025-01-25 17:15:00,104611.29,104853.5,104459.55,104789.5,242.76
2025-01-25 17:30:00,104789.5,104811.61,104577.61,104637.5,223.68
2025-01-25 17:45:00,104637.5,104935.96,104579.54,104921.5,176.05
2025-01-25 18:00:00,104921.5,105099.06,104881.49,104881.49,247.5
2025-01-25 18:15:00,104881.49,105081.6,104852.75,105047.57,159.02
2025-01-25 18:30:00,105047.57,105289.48,104977.69,104990.99,200.39
2025-01-25 18:45:00,104990.99,105081.59,104926.61,104989.49,182.69
2025-01-25 19:00:00,104989.49,105189.48,104989.49,105086.88,191.31
2025-01-25 19:15:00,105086.88,105189.5,105005.31,105005.31,138.03
2025-01-25 19:30:00,105005.31,105057.97,104982.44,105011.9,116.14
2025-01-25 19:45:00,105011.9,105080.49,104918.59,105064.67,142.24
2025-01-25 20:00:00,105064.67,105183.4,105040.81,105135.34,82.93
2025-01-25 20:15:00,105135.34,105207.38,105062.36,105085.94,93.04
2025-01-25 20:30:00,105085.94,105176.08,104985.51,105066.9,127.24
2025-01-25 20:45:00,105066.9,105122.4,104975.2,104975.2,136.68
2025-01-25 21:00:00,104975.2,105006.99,104876.16,104930.32,129.28
2025-01-25 21:15:00,104930.32,104993.42,104909.03,104973.7,73.79
2025-01-25 21:30:00,104973.7,104997.64,104901.23,104963.68,100.74
2025-01-25 21:45:00,104963.68,105130.92,104908.46,105112.35,102.81
2025-01-25 22:00:00,105112.35,105252.06,105081.79,105092.3,163.91
2025-01-25 22:15:00,105092.3,105130.93,105039.56,105039.56,70.4
2025-01-25 22:30:00,105039.56,105182.3,105014.03,105074.57,100.78
2025-01-25 22:45:00,105074.57,105136.65,105056.2,105083.88,74.61
2025-01-25 23:00:00,105083.88,105144.4,104869.77,104991.51,192.13
2025-01-25 23:15:00,104991.51,105002.43,104961.8,104971.0,99.31
2025-01-25 23:30:00,104971.0,104977.96,104899.02,104899.03,75.86
2025-01-25 23:45:00,104899.03,104909.5,104705.5,104756.35,98.64
2025-01-26 00:00:00,104756.35,104851.34,104708.5,104751.2,117.46
2025-01-26 00:15:00,104751.2,104800.81,104647.13,104667.37,100.56
2025-01-26 00:30:00,104667.37,104729.49,104591.1,104656.85,83.09
2025-01-26 00:45:00,104656.85,104745.0,104531.5,104609.45,116.55
2025-01-26 01:00:00,104609.45,104657.49,104520.03,104612.25,139.2
2025-01-26 01:15:00,104612.25,104711.07,104593.54,104711.07,48.66
2025-01-26 01:30:00,104711.07,104781.5,104628.48,104628.48,352.5
2025-01-26 01:45:00,104628.48,104678.11,104561.5,104613.5,351.08
2025-01-26 02:00:00,104613.5,104613.5,104529.53,104608.55,112.4
2025-01-26 02:15:00,104608.55,104703.39,104592.55,104703.38,118.24
2025-01-26 02:30:00,104703.38,104719.2,104585.5,104656.0,91.66
2025-01-26 02:45:00,104656.0,104691.49,104577.5,104691.49,74.58
2025-01-26 03:00:00,104691.49,104809.49,104691.49,104790.6,117.86
2025-01-26 03:15:00,104790.6,104854.27,104759.24,104796.13,92.11
2025-01-26 03:30:00,104796.13,105109.49,104796.13,105093.63,211.9
2025-01-26 03:45:00,105093.63,105260.52,105016.77,105061.99,299.54
2025-01-26 04:00:00,105061.99,105157.73,104988.33,105106.85,174.74
2025-01-26 04:15:00,105106.85,105495.55,105074.4,105388.14,216.46
2025-01-26 04:30:00,105388.14,105397.41,105178.88,105202.56,275.2
2025-01-26 04:45:00,105202.56,105253.64,105127.51,105183.77,120.76
2025-01-26 05:00:00,105183.77,105209.49,105085.5,105147.86,127.02
2025-01-26 05:15:00,105147.86,105198.27,105055.34,105066.97,90.4
2025-01-26 05:30:00,105066.97,105098.78,105023.1,105098.78,82.67
2025-01-26 05:45:00,105098.78,105196.36,105098.78,105109.5,72.13
2025-01-26 06:00:00,105109.5,105128.28,105044.58,105097.11,70.61
2025-01-26 06:15:00,105097.11,105100.96,105047.02,105075.02,86.36
2025-01-26 06:30:00,105075.02,105076.94,104969.02,104979.7,71.3
2025-01-26 06:45:00,104979.7,105045.43,104979.7,104990.69,58.07
2025-01-26 07:00:00,104990.69,105033.29,104974.51,104974.51,83.58
2025-01-26 07:15:00,104974.51,105103.09,104959.5,105024.75,68.26
2025-01-26 07:30:00,105024.75,105049.65,104970.97,105011.75,94.19
2025-01-26 07:45:00,105011.75,105039.95,104997.04,105001.21,26.98
2025-01-26 08:00:00,105001.21,105224.7,104900.06,105085.5,202.53
2025-01-26 08:15:00,105085.5,105145.17,104995.23,104995.23,127.65
2025-01-26 08:30:00,104995.23,105009.68,104881.05,104999.63,134.54
2025-01-26 08:45:00,104999.63,105126.48,104968.15,105030.22,81.72
2025-01-26 09:00:00,105030.22,105030.22,104918.4,104968.35,84.4
2025-01-26 09:15:00,104968.35,105001.27,104814.93,104870.36,126.82
2025-01-26 09:30:00,104870.36,104870.36,104459.5,104638.65,379.26
2025-01-26 09:45:00,104638.65,104681.52,104549.11,104646.28,210.18
2025-01-26 10:00:00,104646.28,104709.49,104635.82,104689.49,57.78
2025-01-26 10:15:00,104689.49,104689.49,104532.19,104621.0,74.25
2025-01-26 10:30:00,104621.0,104709.5,104509.51,104509.51,103.7
2025-01-26 10:45:00,104509.51,104724.79,104509.5,104724.79,95.08
2025-01-26 11:00:00,104724.79,104821.07,104693.17,104808.89,153.89
2025-01-26 11:15:00,104808.89,104854.32,104689.41,104704.64,97.66
2025-01-26 11:30:00,104704.64,104807.94,104672.58,104772.81,100.03
2025-01-26 11:45:00,104772.81,104846.49,104688.09,104828.18,91.86
2025-01-26 12:00:00,104828.18,104828.18,104729.5,104729.5,76.7
2025-01-26 12:15:00,104729.5,104792.46,104716.05,104770.99,87.77
2025-01-26 12:30:00,104770.99,104770.99,104723.3,104723.3,43.04
2025-01-26 12:45:00,104723.3,104890.25,104723.3,104890.25,52.19
2025-01-26 13:00:00,104890.25,105072.67,104869.37,105002.12,208.25
2025-01-26 13:15:00,105002.12,105034.31,104847.93,104932.49,144.28
2025-01-26 13:30:00,104932.49,105058.84,104890.31,104938.72,137.6
2025-01-26 13:45:00,104938.72,104971.23,104858.22,104971.23,123.36
2025-01-26 14:00:00,104971.23,104971.23,104813.5,104852.12,140.51
2025-01-26 14:15:00,104852.12,104904.42,104813.5,104855.86,111.78
2025-01-26 14:30:00,104855.86,104970.85,104853.47,104969.44,131.88
2025-01-26 14:45:00,104969.44,105009.49,104909.49,104953.5,104.85
2025-01-26 15:00:00,104953.5,105037.48,104897.2,105005.5,107.92
2025-01-26 15:15:00,105005.5,105093.5,105002.11,105024.57,113.56
2025-01-26 15:30:00,105024.57,105085.24,104970.52,104983.16,141.88
2025-01-26 15:45:00,104983.16,105034.05,104976.51,104976.51,38.95
2025-01-26 16:00:00,104976.51,105025.43,104917.05,104917.05,132.68
2025-01-26 16:15:00,104917.05,104973.49,104905.5,104961.5,72.61
2025-01-26 16:30:00,104961.5,105026.15,104961.5,105026.15,53.65
2025-01-26 16:45:00,105026.15,105050.14,104949.01,104949.01,92.28
2025-01-26 17:00:00,104949.01,105009.48,104922.03,105009.48,56.77
2025-01-26 17:15:00,105009.48,105032.7,104959.5,104959.5,36.01
2025-01-26 17:30:00,104959.5,105056.94,104956.42,104979.73,61.11
2025-01-26 17:45:00,104979.73,105057.49,104954.61,104954.61,69.51
2025-01-26 18:00:00,104954.61,105170.96,104916.39,105083.53,186.45
2025-01-26 18:15:00,105083.53,105269.86,105083.53,105221.5,226.93
2025-01-26 18:30:00,105221.5,105256.28,105170.1,105170.1,100.25
2025-01-26 18:45:00,105170.1,105184.6,105099.5,105184.6,64.55
2025-01-26 19:00:00,105184.6,105249.5,105113.32,105119.47,61.21
2025-01-26 19:15:00,105119.47,105131.39,105062.03,105089.5,50.54
2025-01-26 19:30:00,105089.5,105161.67,105049.5,105096.57,60.12
2025-01-26 19:45:00,105096.57,105125.13,105081.36,105091.13,60.01
2025-01-26 20:00:00,105091.13,105091.13,104972.28,105019.53,49.88
2025-01-26 20:15:00,105019.53,105209.5,105019.53,105190.25,85.18
2025-01-26 20:30:00,105190.25,105190.25,105059.5,105059.5,97.96
2025-01-26 20:45:00,105059.5,105109.49,104928.02,104959.5,49.77
2025-01-26 21:00:00,104959.5,104959.5,104719.1,104745.34,279.83
2025-01-26 21:15:00,104745.34,105002.5,104745.34,104890.78,169.8
2025-01-26 21:30:00,104890.78,104917.49,104809.5,104809.5,94.78
2025-01-26 21:45:00,104809.5,104809.5,104562.5,104562.5,186.44
2025-01-26 22:00:00,104562.5,104676.85,104333.82,104429.49,269.65
2025-01-26 22:15:00,104429.49,104564.45,104389.5,104533.96,126.64
2025-01-26 22:30:00,104533.96,104716.96,104533.96,104716.96,213.36
2025-01-26 22:45:00,104716.96,104720.47,104309.31,104337.36,192.57
2025-01-26 23:00:00,104337.36,104337.36,103315.38,103359.16,1079.57
2025-01-26 23:15:00,103359.16,103369.5,102687.51,103153.5,1631.83
2025-01-26 23:30:00,103153.5,103153.5,102762.77,102973.38,747.06
2025-01-26 23:45:00,102973.38,103109.49,102529.94,102636.8,763.48
2025-01-27 00:00:00,102636.8,103267.93,102317.13,103002.35,1076.69
2025-01-27 00:15:00,103002.35,103045.34,102753.92,102837.29,861.02
2025-01-27 00:30:00,102837.29,102908.9,102509.5,102519.47,978.48
2025-01-27 00:45:00,102519.47,102546.04,101609.51,101745.5,1274.38
2025-01-27 01:00:00,101745.5,102092.34,101178.31,101453.5,1369.08
2025-01-27 01:15:00,101453.5,101943.49,101242.63,101697.18,1080.73
2025-01-27 01:30:00,101697.18,101980.25,101530.73,101713.5,725.24
2025-01-27 01:45:00,101713.5,101793.71,101327.95,101327.95,653.82
2025-01-27 02:00:00,101327.95,101569.5,100852.56,101569.5,1240.93
2025-01-27 02:15:00,101569.5,101697.49,101209.5,101338.0,675.31
2025-01-27 02:30:00,101338.0,101355.5,101040.14,101216.53,957.8
2025-01-27 02:45:00,101216.53,101227.66,100867.24,101001.66,667.77
2025-01-27 03:00:00,101001.66,101457.68,100730.04,101435.05,662.95
2025-01-27 03:15:00,101435.05,101867.68,101369.52,101826.29,422.97
2025-01-27 03:30:00,101826.29,101826.29,101370.44,101497.74,304.75
2025-01-27 03:45:00,101497.74,101533.5,101309.5,101396.31,243.7
2025-01-27 04:00:00,101396.31,101409.49,100959.5,101047.87,442.77
2025-01-27 04:15:00,101047.87,101156.49,100609.51,100932.49,752.15
2025-01-27 04:30:00,100932.49,100991.3,100487.81,100607.0,752.14
2025-01-27 04:45:00,100607.0,100607.0,100267.07,100409.51,803.26
2025-01-27 05:00:00,100409.51,100695.55,100372.33,100584.13,558.53
2025-01-27 05:15:00,100584.13,100736.99,100303.36,100457.93,484.24
2025-01-27 05:30:00,100457.93,100526.25,100034.09,100311.2,661.43
2025-01-27 05:45:00,100311.2,100421.61,99725.09,100383.57,1022.44
2025-01-27 06:00:00,100383.57,100494.5,100193.51,100270.52,541.73
2025-01-27 06:15:00,100270.52,100270.52,99761.06,100002.04,963.86
2025-01-27 06:30:00,100002.04,100002.04,99041.57,99118.16,1447.19
2025-01-27 06:45:00,99118.16,99407.61,98730.51,98959.23,1714.57
2025-01-27 07:00:00,98959.23,99239.82,98855.65,98986.7,1227.17
2025-01-27 07:15:00,98986.7,99020.66,97789.5,97804.59,2143.89
2025-01-27 07:30:00,97804.59,99241.76,97804.59,99169.82,2106.89
2025-01-27 07:45:00,99169.82,99425.41,98909.51,99062.8,997.44
2025-01-27 08:00:00,99062.8,99210.04,98722.24,99163.08,1306.03
2025-01-27 08:15:00,99163.08,99377.23,98895.16,99140.09,971.06
2025-01-27 08:30:00,99140.09,99153.0,98709.5,98829.21,979.4
2025-01-27 08:45:00,98829.21,99078.26,98767.1,99057.49,689.34
2025-01-27 09:00:00,99057.49,99489.23,98952.35,99309.95,779.0
2025-01-27 09:15:00,99309.95,99535.0,98815.5,98827.5,1075.98
2025-01-27 09:30:00,98827.5,99367.83,98809.5,99175.86,943.0
2025-01-27 09:45:00,99175.86,99445.61,99101.5,99429.49,461.6
2025-01-27 10:00:00,99429.49,99464.26,99137.52,99154.01,608.61
2025-01-27 10:15:00,99154.01,99332.08,98977.51,99117.5,617.87
2025-01-27 10:30:00,99117.5,99155.4,98633.51,98803.48,820.25
2025-01-27 10:45:00,98803.48,99058.22,98276.33,98394.87,1021.77
2025-01-27 11:00:00,98394.87,98936.14,98333.51,98640.75,1012.53
2025-01-27 11:15:00,98640.75,99136.25,98609.51,99066.56,851.27
2025-01-27 11:30:00,99066.56,99369.72,98904.34,98953.5,788.66
2025-01-27 11:45:00,98953.5,99059.5,98770.62,98770.62,493.66
2025-01-27 12:00:00,98770.62,99259.49,98723.78,99041.49,885.02
2025-01-27 12:15:00,99041.49,99165.17,98937.51,99107.51,486.07
2025-01-27 12:30:00,99107.51,99771.48,99025.66,99771.48,750.13
2025-01-27 12:45:00,99771.48,100897.2,99659.5,100610.5,1366.92
2025-01-27 13:00:00,100610.5,101659.5,100325.94,101645.58,1592.2
2025-01-27 13:15:00,101645.58,101676.03,100627.34,100892.09,1455.57
2025-01-27 13:30:00,100892.09,101243.5,100705.51,100854.86,1358.95
2025-01-27 13:45:00,100854.86,100964.0,100009.51,100475.49,1318.29
2025-01-27 14:00:00,100475.49,100592.69,100115.04,100139.44,1130.8
2025-01-27 14:15:00,100139.44,100826.5,100139.44,100773.06,897.87
2025-01-27 14:30:00,100773.06,101433.92,100425.5,101233.01,2567.29
2025-01-27 14:45:00,101233.01,102320.55,101149.5,101953.46,1879.93
2025-01-27 15:00:00,101953.46,102124.44,101511.57,101534.09,1953.74
2025-01-27 15:15:00,101534.09,101945.86,100876.03,101665.24,1364.05
2025-01-27 15:30:00,101665.24,101836.96,101309.29,101360.5,1389.43
2025-01-27 15:45:00,101360.5,101563.91,101109.51,101121.52,1049.86
2025-01-27 16:00:00,101121.52,101251.5,100861.53,101046.53,1040.64
2025-01-27 16:15:00,101046.53,101162.5,100574.61,100846.71,1138.79
2025-01-27 16:30:00,100846.71,100846.71,99577.5,99986.57,1873.24
2025-01-27 16:45:00,99986.57,100269.5,99591.51,99764.89,1604.73
2025-01-27 17:00:00,99764.89,100059.52,99281.36,99588.2,1458.3
2025-01-27 17:15:00,99588.2,99664.43,99069.2,99584.62,1404.19
2025-01-27 17:30:00,99584.62,99967.83,99391.07,99584.5,1294.88
2025-01-27 17:45:00,99584.5,99806.07,99151.96,99159.5,1331.22
2025-01-27 18:00:00,99159.5,99588.16,99059.5,99483.49,1092.95
2025-01-27 18:15:00,99483.49,99753.52,99159.5,99180.93,1087.07
2025-01-27 18:30:00,99180.93,99545.51,99081.78,99177.86,954.0
2025-01-27 18:45:00,99177.86,99398.73,98875.07,99187.49,1013.06
2025-01-27 19:00:00,99187.49,99692.15,99184.53,99184.53,1038.9
2025-01-27 19:15:00,99184.53,99784.89,99184.53,99718.76,831.55
2025-01-27 19:30:00,99718.76,99953.49,99573.69,99734.65,917.08
2025-01-27 19:45:00,99734.65,99751.08,99416.83,99714.43,850.48
2025-01-27 20:00:00,99714.43,99938.99,99615.96,99769.51,890.03
2025-01-27 20:15:00,99769.51,100421.67,99683.5,100350.99,664.28
2025-01-27 20:30:00,100350.99,100957.77,100350.99,100941.73,947.39
2025-01-27 20:45:00,100941.73,101755.23,100941.73,101397.28,1338.09
2025-01-27 21:00:00,101397.28,102409.5,101332.16,102299.99,1219.98
2025-01-27 21:15:00,102299.99,102379.57,101576.5,101663.45,1311.08
2025-01-27 21:30:00,101663.45,101734.02,100964.42,101125.5,952.58
2025-01-27 21:45:00,101125.5,101509.49,101125.5,101359.16,794.21
2025-01-27 22:00:00,101359.16,101677.21,101359.16,101519.9,557.53
2025-01-27 22:15:00,101519.9,101601.5,101287.27,101483.09,439.24
2025-01-27 22:30:00,101483.09,101725.74,101430.86,101714.44,390.02
2025-01-27 22:45:00,101714.44,101968.84,101614.18,101637.17,416.22
2025-01-27 23:00:00,101637.17,102130.1,101637.17,102006.98,649.8
2025-01-27 23:15:00,102006.98,102112.79,101709.71,101732.49,586.33
2025-01-27 23:30:00,101732.49,102007.92,101732.49,101783.97,386.48
2025-01-27 23:45:00,101783.97,102183.68,101783.51,102092.33,276.29
2025-01-28 00:00:00,102092.33,102901.5,102077.3,102455.86,1207.13
2025-01-28 00:15:00,102455.86,102543.09,102189.82,102189.82,469.67
2025-01-28 00:30:00,102189.82,102353.05,102036.71,102297.6,509.35
2025-01-28 00:45:00,102297.6,102343.96,101797.08,101865.5,301.66
2025-01-28 01:00:00,101865.5,101909.49,101639.12,101862.59,315.07
2025-01-28 01:15:00,101862.59,101983.51,101475.5,101475.5,288.31
2025-01-28 01:30:00,101475.5,101737.5,101475.5,101591.82,398.78
2025-01-28 01:45:00,101591.82,101850.07,101393.87,101393.87,535.3
2025-01-28 02:00:00,101393.87,101599.88,101349.5,101521.49,667.89
2025-01-28 02:15:00,101521.49,102104.78,101490.96,101976.12,610.6
2025-01-28 02:30:00,101976.12,102330.37,101858.39,102293.57,556.11
2025-01-28 02:45:00,102293.57,102446.29,102170.57,102402.19,809.78
2025-01-28 03:00:00,102402.19,102445.5,102050.78,102352.76,545.64
2025-01-28 03:15:00,102352.76,102456.04,102251.92,102347.11,445.19
2025-01-28 03:30:00,102347.11,102609.69,102303.36,102605.31,445.02
2025-01-28 03:45:00,102605.31,102880.0,102554.95,102643.85,419.82
2025-01-28 04:00:00,102643.85,102864.6,102615.56,102803.74,693.67
2025-01-28 04:15:00,102803.74,103030.34,102673.11,103023.28,255.63
2025-01-28 04:30:00,103023.28,103377.49,103020.05,103127.22,580.02
2025-01-28 04:45:00,103127.22,103134.88,102913.34,102918.02,356.89
2025-01-28 05:00:00,102918.02,103177.85,102918.02,102981.38,601.31
2025-01-28 05:15:00,102981.38,103102.31,102825.49,103037.98,267.59
2025-01-28 05:30:00,103037.98,103285.81,103001.05,103233.51,272.39
2025-01-28 05:45:00,103233.51,103347.03,102920.7,103033.1,329.59
2025-01-28 06:00:00,103033.1,103201.76,102920.04,102960.33,351.53
2025-01-28 06:15:00,102960.33,102989.5,102808.17,102855.63,151.05
2025-01-28 06:30:00,102855.63,102921.0,102620.0,102686.46,311.85
2025-01-28 06:45:00,102686.46,102879.13,102671.2,102753.89,240.21
2025-01-28 07:00:00,102753.89,103064.61,102543.52,103025.81,306.52
2025-01-28 07:15:00,103025.81,103329.46,103025.81,103282.15,293.98
2025-01-28 07:30:00,103282.15,103325.87,102867.33,102867.33,381.35
2025-01-28 07:45:00,102867.33,102925.53,102625.73,102799.21,340.93
2025-01-28 08:00:00,102799.21,102914.87,102616.35,102839.82,516.55
2025-01-28 08:15:00,102839.82,103038.02,102769.72,102834.12,403.62
2025-01-28 08:30:00,102834.12,102880.49,102652.35,102849.5,375.15
2025-01-28 08:45:00,102849.5,102882.51,102719.21,102860.73,323.68
2025-01-28 09:00:00,102860.73,102974.78,102761.51,102843.67,302.65
2025-01-28 09:15:00,102843.67,102857.96,102403.44,102479.44,375.45
2025-01-28 09:30:00,102479.44,102809.49,102460.8,102638.28,352.98
2025-01-28 09:45:00,102638.28,102961.86,102548.74,102960.32,309.72
2025-01-28 10:00:00,102960.32,102989.85,102831.21,102977.79,230.03
2025-01-28 10:15:00,102977.79,103191.31,102963.39,102963.39,297.77
2025-01-28 10:30:00,102963.39,103005.49,102715.33,102715.33,278.35
2025-01-28 10:45:00,102715.33,102770.0,102610.29,102770.0,244.91
2025-01-28 11:00:00,102770.0,102944.19,102710.0,102874.89,308.38
2025-01-28 11:15:00,102874.89,102952.57,102651.37,102702.97,263.52
2025-01-28 11:30:00,102702.97,102749.92,102574.27,102733.81,327.6
2025-01-28 11:45:00,102733.81,102872.25,102711.03,102771.51,239.69
2025-01-28 12:00:00,102771.51,102989.5,102737.51,102882.33,354.83
2025-01-28 12:15:00,102882.33,102911.61,102629.5,102693.29,400.12
2025-01-28 12:30:00,102693.29,102735.51,102486.13,102659.94,559.12
2025-01-28 12:45:00,102659.94,102706.48,102500.85,102597.36,321.33
2025-01-28 13:00:00,102597.36,102890.46,102573.5,102890.46,324.15
2025-01-28 13:15:00,102890.46,102945.4,102782.7,102829.5,278.24
2025-01-28 13:30:00,102829.5,102829.5,102491.85,102573.16,435.13
2025-01-28 13:45:00,102573.16,102723.14,102511.1,102598.75,421.9
2025-01-28 14:00:00,102598.75,102598.75,101824.76,101964.18,614.39
2025-01-28 14:15:00,101964.18,102621.5,101946.73,102591.26,634.09
2025-01-28 14:30:00,102591.26,102895.5,102076.45,102161.87,1743.61
2025-01-28 14:45:00,102161.87,102810.63,102086.43,102645.5,1729.93
2025-01-28 15:00:00,102645.5,103322.7,102643.5,102943.53,1556.48
2025-01-28 15:15:00,102943.53,103284.63,102747.97,103219.73,910.77
2025-01-28 15:30:00,103219.73,103784.77,102914.12,102989.5,1573.03
2025-01-28 15:45:00,102989.5,103125.5,102513.5,102771.5,1100.75
2025-01-28 16:00:00,102771.5,102917.47,102263.02,102263.23,932.02
2025-01-28 16:15:00,102263.23,102449.5,101932.9,102034.5,1127.46
2025-01-28 16:30:00,102034.5,102421.45,102034.5,102403.43,919.05
2025-01-28 16:45:00,102403.43,102581.5,101982.34,102269.56,930.7
2025-01-28 17:00:00,102269.56,103093.49,102229.58,103045.4,906.71
2025-01-28 17:15:00,103045.4,103106.0,102742.83,102856.45,738.4
2025-01-28 17:30:00,102856.45,102933.59,102347.5,102455.51,777.99
2025-01-28 17:45:00,102455.51,102743.5,102355.51,102586.8,662.41
2025-01-28 18:00:00,102586.8,103076.39,102387.32,103038.52,758.72
2025-01-28 18:15:00,103038.52,103113.84,102795.06,102861.04,723.29
2025-01-28 18:30:00,102861.04,102957.5,102481.99,102564.22,566.27
2025-01-28 18:45:00,102564.22,102564.22,102170.88,102218.77,601.48
2025-01-28 19:00:00,102218.77,102244.5,101829.66,102077.99,616.87
2025-01-28 19:15:00,102077.99,102409.5,101990.49,102237.5,684.07
2025-01-28 19:30:00,102237.5,102405.88,102059.5,102405.88,586.93
2025-01-28 19:45:00,102405.88,102665.12,102405.88,102435.96,428.55
2025-01-28 20:00:00,102435.96,102538.86,102312.31,102401.49,496.23
2025-01-28 20:15:00,102401.49,102401.49,101971.4,101981.6,406.74
2025-01-28 20:30:00,101981.6,102157.93,101905.9,101973.95,506.03
2025-01-28 20:45:00,101973.95,101973.95,101222.95,101265.36,854.67
2025-01-28 21:00:00,101265.36,101483.49,101105.51,101302.29,761.76
2025-01-28 21:15:00,101302.29,101532.64,101237.77,101480.6,487.63
2025-01-28 21:30:00,101480.6,101505.13,100683.51,100761.7,874.78
2025-01-28 21:45:00,100761.7,100914.53,100282.38,100343.51,843.15
2025-01-28 22:00:00,100343.51,100883.84,100285.23,100883.84,993.09
2025-01-28 22:15:00,100883.84,101125.09,100579.86,100743.9,898.65
2025-01-28 22:30:00,100743.9,101105.5,100577.52,101070.07,422.88
2025-01-28 22:45:00,101070.07,101413.49,100932.57,101293.71,489.08
2025-01-28 23:00:00,101293.71,101427.85,101009.5,101230.23,635.7
2025-01-28 23:15:00,101230.23,101294.12,100918.02,100961.9,562.35
2025-01-28 23:30:00,100961.9,101195.16,100759.51,101181.12,509.36
2025-01-28 23:45:00,101181.12,101453.49,101171.26,101350.99,286.37
2025-01-29 00:00:00,101350.99,101593.5,101337.52,101544.39,362.53
2025-01-29 00:15:00,101544.39,101692.08,101439.74,101487.5,342.96
2025-01-29 00:30:00,101487.5,101769.9,101405.5,101769.9,280.86
2025-01-29 00:45:00,101769.9,101829.17,101655.25,101712.09,398.19
2025-01-29 01:00:00,101712.09,102002.65,101712.09,101772.0,435.63
2025-01-29 01:15:00,101772.0,101853.75,101625.89,101668.46,260.25
2025-01-29 01:30:00,101668.46,101740.49,101473.62,101729.49,247.15
2025-01-29 01:45:00,101729.49,101893.03,101701.96,101838.6,244.23
2025-01-29 02:00:00,101838.6,102328.95,101838.6,102043.92,469.78
2025-01-29 02:15:00,102043.92,102043.92,101798.49,101851.81,244.66
2025-01-29 02:30:00,101851.81,101983.4,101778.73,101809.52,252.17
2025-01-29 02:45:00,101809.52,101821.0,101705.02,101804.9,225.56
2025-01-29 03:00:00,101804.9,102098.37,101773.74,101895.2,283.31
2025-01-29 03:15:00,101895.2,102014.81,101806.95,102011.68,272.32
2025-01-29 03:30:00,102011.68,102137.57,101904.04,101992.67,200.58
2025-01-29 03:45:00,101992.67,102159.37,101940.07,102047.7,247.03
2025-01-29 04:00:00,102047.7,102131.18,101971.5,102077.5,273.88
2025-01-29 04:15:00,102077.5,102155.94,102038.02,102142.83,202.76
2025-01-29 04:30:00,102142.83,102199.49,102002.13,102013.48,209.07
2025-01-29 04:45:00,102013.48,102083.46,101991.03,102013.77,118.67
2025-01-29 05:00:00,102013.77,102387.44,102000.51,102195.01,177.25
2025-01-29 05:15:00,102195.01,102262.77,102144.12,102181.49,163.51
2025-01-29 05:30:00,102181.49,102318.17,102150.37,102207.17,198.11
2025-01-29 05:45:00,102207.17,102289.5,102143.4,102258.5,117.53
2025-01-29 06:00:00,102258.5,102435.73,102246.55,102435.73,227.57
2025-01-29 06:15:00,102435.73,102596.6,102374.6,102532.58,338.19
2025-01-29 06:30:00,102532.58,102844.2,102532.58,102649.49,353.07
2025-01-29 06:45:00,102649.49,102806.47,102565.5,102806.47,204.25
2025-01-29 07:00:00,102806.47,102825.16,102459.48,102548.34,335.91
2025-01-29 07:15:00,102548.34,102622.49,102497.51,102541.01,216.07
2025-01-29 07:30:00,102541.01,102615.37,102496.36,102615.37,213.81
2025-01-29 07:45:00,102615.37,102759.49,102586.66,102759.13,286.7
2025-01-29 08:00:00,102759.13,103007.69,102745.67,102768.55,386.38
2025-01-29 08:15:00,102768.55,102909.49,102689.5,102904.86,213.76
2025-01-29 08:30:00,102904.86,102979.49,102750.52,102815.3,397.28
2025-01-29 08:45:00,102815.3,102869.19,102722.48,102750.89,172.61
2025-01-29 09:00:00,102750.89,102769.5,102532.48,102642.56,355.48
2025-01-29 09:15:00,102642.56,102651.9,102356.17,102358.32,359.74
2025-01-29 09:30:00,102358.32,102548.29,102358.32,102548.29,271.21
2025-01-29 09:45:00,102548.29,102555.49,102313.51,102343.71,245.35
2025-01-29 10:00:00,102343.71,102500.09,102192.58,102422.28,281.68
2025-01-29 10:15:00,102422.28,102708.49,102389.5,102562.44,192.92
2025-01-29 10:30:00,102562.44,102730.43,102521.13,102521.13,226.2
2025-01-29 10:45:00,102521.13,102584.77,102494.12,102543.5,190.63
2025-01-29 11:00:00,102543.5,102607.67,102441.79,102509.67,213.47
2025-01-29 11:15:00,102509.67,102625.77,102497.06,102625.77,189.61
2025-01-29 11:30:00,102625.77,102812.43,102567.87,102737.03,209.43
2025-01-29 11:45:00,102737.03,102749.18,102563.05,102649.49,227.65
2025-01-29 12:00:00,102649.49,102779.6,102564.89,102779.6,334.66
2025-01-29 12:15:00,102779.6,102845.5,102393.5,102429.49,357.8
2025-01-29 12:30:00,102429.49,102552.5,102250.9,102364.75,312.03
2025-01-29 12:45:00,102364.75,102429.49,102229.63,102229.64,284.29
2025-01-29 13:00:00,102229.64,102338.93,101882.86,102184.94,721.33
2025-01-29 13:15:00,102184.94,102184.94,101829.83,101905.51,518.56
2025-01-29 13:30:00,101905.51,102121.99,101779.28,102009.74,550.78
2025-01-29 13:45:00,102009.74,102062.48,101709.5,101845.51,303.92
2025-01-29 14:00:00,101845.51,102053.19,101761.03,102044.22,400.31
2025-01-29 14:15:00,102044.22,102189.5,101951.88,102159.5,242.7
2025-01-29 14:30:00,102159.5,102385.5,101751.5,102131.83,1205.24
2025-01-29 14:45:00,102131.83,102131.83,101591.88,102039.43,1133.44
2025-01-29 15:00:00,102039.43,102532.2,101963.66,102283.5,1051.37
2025-01-29 15:15:00,102283.5,102363.9,101876.81,101999.54,961.71
2025-01-29 15:30:00,101999.54,102102.52,101843.31,101863.28,696.06
2025-01-29 15:45:00,101863.28,102119.51,101807.51,101990.28,575.82
2025-01-29 16:00:00,101990.28,102125.06,101800.3,101895.53,612.79
2025-01-29 16:15:00,101895.53,102031.09,101685.12,101879.51,614.52
2025-01-29 16:30:00,101879.51,102117.48,101823.68,102059.49,484.62
2025-01-29 16:45:00,102059.49,102159.5,101960.4,102112.69,473.88
2025-01-29 17:00:00,102112.69,102315.56,102005.36,102301.49,531.8
2025-01-29 17:15:00,102301.49,102451.92,102270.34,102416.47,452.1
2025-01-29 17:30:00,102416.47,102784.13,102416.47,102601.28,661.52
2025-01-29 17:45:00,102601.28,102670.33,102368.87,102416.47,419.81
2025-01-29 18:00:00,102416.47,102505.79,102017.01,102311.82,964.86
2025-01-29 18:15:00,102311.82,102600.08,102173.83,102590.9,525.04
2025-01-29 18:30:00,102590.9,102845.25,102590.9,102757.96,598.65
2025-01-29 18:45:00,102757.96,103008.5,102757.96,102853.92,474.88
2025-01-29 19:00:00,102853.92,102896.67,101664.42,102065.5,2225.63
2025-01-29 19:15:00,102065.5,102065.5,101420.6,101557.36,1479.23
2025-01-29 19:30:00,101557.36,104001.0,101484.08,103429.88,2966.05
2025-01-29 19:45:00,103429.88,103917.33,103183.11,103591.16,2573.67
2025-01-29 20:00:00,103591.16,103772.19,102881.5,103443.93,2293.58
2025-01-29 20:15:00,103443.93,104698.66,103048.97,104342.74,1681.02
2025-01-29 20:30:00,104342.74,104785.48,103980.79,104282.75,1768.66
2025-01-29 20:45:00,104282.75,104493.27,104026.34,104223.9,1303.2
2025-01-29 21:00:00,104223.9,104372.65,103753.95,104220.48,1527.09
2025-01-29 21:15:00,104220.48,104376.14,103962.39,104116.99,1026.39
2025-01-29 21:30:00,104116.99,104394.11,103898.5,103908.9,730.81
2025-01-29 21:45:00,103908.9,104096.92,103725.01,103750.58,474.26
2025-01-29 22:00:00,103750.58,103834.62,103424.04,103533.29,431.02
2025-01-29 22:15:00,103533.29,103770.12,103415.27,103770.12,299.47
2025-01-29 22:30:00,103770.12,104017.09,103468.75,103494.94,428.59
2025-01-29 22:45:00,103494.94,103675.15,103449.5,103501.56,222.05
2025-01-29 23:00:00,103501.56,104131.47,103469.5,104131.47,597.35
2025-01-29 23:15:00,104131.47,104354.13,103969.47,104204.14,471.15
2025-01-29 23:30:00,104204.14,104204.14,103816.54,103833.06,334.62
2025-01-29 23:45:00,103833.06,103953.47,103660.05,103732.94,332.07
2025-01-30 00:00:00,103732.94,103816.33,103539.5,103589.9,500.94
2025-01-30 00:15:00,103589.9,103713.51,103495.5,103545.34,432.38
2025-01-30 00:30:00,103545.34,103798.88,103317.02,103647.8,564.59
2025-01-30 00:45:00,103647.8,104123.36,103626.2,104029.5,459.07
2025-01-30 01:00:00,104029.5,104164.5,103934.5,104164.49,460.2
2025-01-30 01:15:00,104164.49,104502.38,104145.52,104381.72,487.41
2025-01-30 01:30:00,104381.72,104555.57,104158.29,104327.5,433.29
2025-01-30 01:45:00,104327.5,104365.67,104192.34,104265.3,377.44
2025-01-30 02:00:00,104265.3,104276.37,104003.97,104095.94,412.47
2025-01-30 02:15:00,104095.94,104369.5,104057.66,104369.49,339.41
2025-01-30 02:30:00,104369.49,104598.26,104309.52,104401.5,301.62
2025-01-30 02:45:00,104401.5,104672.69,104335.42,104672.69,295.17
2025-01-30 03:00:00,104672.69,104749.5,104511.57,104733.6,441.15
2025-01-30 03:15:00,104733.6,104733.6,104560.39,104693.05,301.91
2025-01-30 03:30:00,104693.05,104953.95,104685.5,104910.11,353.07
2025-01-30 03:45:00,104910.11,105303.73,104894.15,105227.5,617.84
2025-01-30 04:00:00,105227.5,105296.58,104908.99,104989.5,412.48
2025-01-30 04:15:00,104989.5,105169.01,104910.07,105079.11,284.62
2025-01-30 04:30:00,105079.11,105187.04,104859.04,105187.04,281.18
2025-01-30 04:45:00,105187.04,105600.97,105103.83,105479.46,5339.85
2025-01-30 05:00:00,105479.46,105521.49,105225.51,105383.45,343.52
2025-01-30 05:15:00,105383.45,105486.02,105245.5,105305.17,240.19
2025-01-30 05:30:00,105305.17,105373.0,105127.57,105197.5,199.47
2025-01-30 05:45:00,105197.5,105379.49,105026.3,105379.49,304.8
2025-01-30 06:00:00,105379.49,105575.55,105363.75,105515.59,287.5
2025-01-30 06:15:00,105515.59,105515.59,105221.53,105221.53,246.05
2025-01-30 06:30:00,105221.53,105297.13,105172.94,105193.96,193.21
2025-01-30 06:45:00,105193.96,105245.5,105174.26,105187.71,149.48
2025-01-30 07:00:00,105187.71,105357.5,104852.9,104901.49,357.26
2025-01-30 07:15:00,104901.49,105077.49,104901.49,105019.09,219.31
2025-01-30 07:30:00,105019.09,105019.09,104809.5,104915.2,253.22
2025-01-30 07:45:00,104915.2,105162.9,104882.82,105133.43,177.68
2025-01-30 08:00:00,105133.43,105344.22,105014.34,105014.34,248.81
2025-01-30 08:15:00,105014.34,105241.5,104934.76,105170.46,218.71
2025-01-30 08:30:00,105170.46,105204.45,105027.86,105137.47,183.84
2025-01-30 08:45:00,105137.47,105292.82,105076.95,105076.95,264.58
2025-01-30 09:00:00,105076.95,105227.43,105030.86,105197.05,224.43
2025-01-30 09:15:00,105197.05,105297.5,105171.99,105297.5,191.39
2025-01-30 09:30:00,105297.5,105509.48,105291.11,105435.5,222.54
2025-01-30 09:45:00,105435.5,105543.24,105382.67,105422.16,211.01
2025-01-30 10:00:00,105422.16,105422.16,105129.5,105223.43,240.58
2025-01-30 10:15:00,105223.43,105268.18,105141.57,105259.87,136.56
2025-01-30 10:30:00,105259.87,105327.15,105196.05,105236.19,176.29
2025-01-30 10:45:00,105236.19,105366.11,105209.5,105345.89,147.64
2025-01-30 11:00:00,105345.89,105351.53,105087.51,105146.42,268.93
2025-01-30 11:15:00,105146.42,105246.11,105090.38,105125.49,155.86
2025-01-30 11:30:00,105125.49,105355.23,105119.15,105273.5,165.86
2025-01-30 11:45:00,105273.5,105396.99,105217.04,105312.09,144.61
2025-01-30 12:00:00,105312.09,105322.42,105121.5,105121.5,153.78
2025-01-30 12:15:00,105121.5,105152.11,105009.5,105044.6,252.16
2025-01-30 12:30:00,105044.6,105119.87,104889.5,104918.5,261.36
2025-01-30 12:45:00,104918.5,105091.28,104849.54,105029.5,218.84
2025-01-30 13:00:00,105029.5,105120.61,104939.22,105096.36,241.18
2025-01-30 13:15:00,105096.36,105377.06,105083.88,105268.15,537.44
2025-01-30 13:30:00,105268.15,105338.84,104924.91,105063.51,571.04
2025-01-30 13:45:00,105063.51,105063.51,104846.09,104881.23,314.02
2025-01-30 14:00:00,104881.23,105031.89,104669.5,104849.51,612.99
2025-01-30 14:15:00,104849.51,104987.87,104742.83,104918.92,380.99
2025-01-30 14:30:00,104918.92,105237.49,104777.98,105174.01,984.54
2025-01-30 14:45:00,105174.01,106231.5,105157.76,105921.13,1417.9
2025-01-30 15:00:00,105921.13,106460.25,105787.06,106247.79,1119.49
2025-01-30 15:15:00,106247.79,106247.79,105399.5,105513.5,987.27
2025-01-30 15:30:00,105513.5,105991.76,105459.5,105842.48,917.19
2025-01-30 15:45:00,105842.48,106169.76,105495.77,105566.81,942.23
2025-01-30 16:00:00,105566.81,105859.47,105477.55,105647.79,645.8
2025-01-30 16:15:00,105647.79,106003.59,105565.06,105948.45,613.13
2025-01-30 16:30:00,105948.45,106021.12,105696.51,105800.76,504.7
2025-01-30 16:45:00,105800.76,105836.29,105634.03,105713.51,425.04
2025-01-30 17:00:00,105713.51,105713.51,105292.84,105342.84,517.32
2025-01-30 17:15:00,105342.84,105452.05,105120.57,105136.5,404.83
2025-01-30 17:30:00,105136.5,105219.49,104909.65,105027.54,564.91
2025-01-30 17:45:00,105027.54,105339.71,105027.54,105339.71,393.14
2025-01-30 18:00:00,105339.71,105340.45,105162.64,105225.19,363.23
2025-01-30 18:15:00,105225.19,105261.99,104772.09,104920.25,460.49
2025-01-30 18:30:00,104920.25,105498.25,104898.35,105409.5,438.39
2025-01-30 18:45:00,105409.5,105588.45,105351.25,105588.45,462.88
2025-01-30 19:00:00,105588.45,105641.75,105467.43,105482.36,423.61
2025-01-30 19:15:00,105482.36,105502.48,105256.69,105416.32,390.53
2025-01-30 19:30:00,105416.32,105485.91,105256.02,105479.65,353.63
2025-01-30 19:45:00,105479.65,105781.55,105413.5,105710.27,277.51
2025-01-30 20:00:00,105710.27,105815.71,105669.42,105781.99,408.15
2025-01-30 20:15:00,105781.99,105829.17,105651.56,105662.15,415.0
2025-01-30 20:30:00,105662.15,105671.35,104911.96,104922.07,864.26
2025-01-30 20:45:00,104922.07,105279.9,104837.75,104945.5,986.53
2025-01-30 21:00:00,104945.5,105047.14,104814.65,104969.13,563.39
2025-01-30 21:15:00,104969.13,105209.5,104969.13,105019.96,185.08
2025-01-30 21:30:00,105019.96,105223.96,104940.87,105155.49,313.38
2025-01-30 21:45:00,105155.49,105159.5,105009.09,105053.63,175.39
2025-01-30 22:00:00,105053.63,105107.5,104980.36,105100.77,138.35
2025-01-30 22:15:00,105100.77,105126.07,105089.19,105095.84,68.42
2025-01-30 22:30:00,105095.84,105352.55,105095.84,105333.74,157.2
2025-01-30 22:45:00,105333.74,105333.74,105091.95,105107.98,223.26
2025-01-30 23:00:00,105107.98,105239.49,105059.44,105071.52,226.63
2025-01-30 23:15:00,105071.52,105258.48,105071.52,105218.52,143.05
2025-01-30 23:30:00,105218.52,105218.52,104989.5,104989.5,132.11
2025-01-30 23:45:00,104989.5,104989.5,104708.9,104732.44,203.93
2025-01-31 00:00:00,104732.44,104853.5,104552.69,104568.14,327.94
2025-01-31 00:15:00,104568.14,104834.73,104409.51,104773.05,574.04
2025-01-31 00:30:00,104773.05,104906.73,104688.91,104859.0,332.14
2025-01-31 00:45:00,104859.0,105024.96,104841.11,104907.98,189.91
2025-01-31 01:00:00,104907.98,104907.98,104714.42,104769.09,226.8
2025-01-31 01:15:00,104769.09,104780.49,104440.87,104498.71,209.07
2025-01-31 01:30:00,104498.71,104698.84,104498.71,104674.39,322.21
2025-01-31 01:45:00,104674.39,104776.16,104550.51,104728.13,213.62
2025-01-31 02:00:00,104728.13,104853.16,104712.1,104719.21,211.13
2025-01-31 02:15:00,104719.21,104729.96,104342.59,104383.05,168.84
2025-01-31 02:30:00,104383.05,104494.34,104266.89,104426.5,249.24
2025-01-31 02:45:00,104426.5,104486.6,104344.32,104351.22,160.15
2025-01-31 03:00:00,104351.22,104351.22,104008.16,104227.48,321.61
2025-01-31 03:15:00,104227.48,104227.48,103943.54,104113.9,310.43
2025-01-31 03:30:00,104113.9,104238.97,104009.5,104174.2,213.03
2025-01-31 03:45:00,104174.2,104382.86,104174.2,104353.94,145.95
2025-01-31 04:00:00,104353.94,104369.5,104292.53,104328.7,131.34
2025-01-31 04:15:00,104328.7,104556.73,104195.75,104509.85,267.99
2025-01-31 04:30:00,104509.85,104521.0,104228.0,104253.5,233.06
2025-01-31 04:45:00,104253.5,104253.5,103981.63,104017.08,170.69
2025-01-31 05:00:00,104017.08,104476.24,104017.08,104384.19,226.66
2025-01-31 05:15:00,104384.19,104486.26,104384.19,104422.91,113.73
2025-01-31 05:30:00,104422.91,104441.15,104333.41,104350.97,171.09
2025-01-31 05:45:00,104350.97,104367.49,104267.79,104310.03,140.71
2025-01-31 06:00:00,104310.03,104501.43,104310.03,104440.87,223.65
2025-01-31 06:15:00,104440.87,104557.14,104440.87,104536.71,111.28
2025-01-31 06:30:00,104536.71,104636.95,104530.58,104604.81,193.48
2025-01-31 06:45:00,104604.81,104750.84,104519.3,104520.52,183.41
2025-01-31 07:00:00,104520.52,104640.16,104480.08,104635.35,146.49
2025-01-31 07:15:00,104635.35,104809.5,104635.35,104687.74,184.54
2025-01-31 07:30:00,104687.74,104687.74,104272.97,104300.56,246.36
2025-01-31 07:45:00,104300.56,104300.56,104018.7,104205.13,289.85
2025-01-31 08:00:00,104205.13,104323.23,104125.53,104125.53,269.72
2025-01-31 08:15:00,104125.53,104323.24,104025.22,104087.93,337.98
2025-01-31 08:30:00,104087.93,104259.32,104046.4,104236.32,211.02
2025-01-31 08:45:00,104236.32,104236.32,104041.92,104041.92,179.59
2025-01-31 09:00:00,104041.92,104138.44,104000.0,104000.0,5177.36
2025-01-31 09:15:00,104000.0,104239.93,103946.04,104197.91,267.58
2025-01-31 09:30:00,104197.91,104331.48,104152.08,104185.51,350.07
2025-01-31 09:45:00,104185.51,104263.83,104129.49,104257.36,177.75
2025-01-31 10:00:00,104257.36,104316.47,104217.5,104249.48,156.5
2025-01-31 10:15:00,104249.48,104320.01,104095.51,104160.97,165.28
2025-01-31 10:30:00,104160.97,104309.49,104110.14,104309.49,86.58
2025-01-31 10:45:00,104309.49,104431.97,104283.02,104293.6,195.74
2025-01-31 11:00:00,104293.6,104741.49,104293.6,104738.29,301.61
2025-01-31 11:15:00,104738.29,104858.12,104619.56,104833.5,370.99
2025-01-31 11:30:00,104833.5,104833.5,104637.5,104746.38,267.91
2025-01-31 11:45:00,104746.38,104824.15,104560.85,104745.5,260.64
2025-01-31 12:00:00,104745.5,104757.48,104621.57,104701.39,311.49
2025-01-31 12:15:00,104701.39,104916.81,104679.05,104715.1,265.82
2025-01-31 12:30:00,104715.1,104728.87,104564.05,104629.23,309.24
2025-01-31 12:45:00,104629.23,104773.87,104629.23,104703.94,352.32
2025-01-31 13:00:00,104703.94,105038.92,104703.94,104916.13,375.21
2025-01-31 13:15:00,104916.13,104960.55,104765.7,104865.5,309.13
2025-01-31 13:30:00,104865.5,104949.47,104569.5,104645.33,444.94
2025-01-31 13:45:00,104645.33,104738.37,104572.54,104666.5,286.65
2025-01-31 14:00:00,104666.5,104760.92,104558.51,104673.55,267.14
2025-01-31 14:15:00,104673.55,104778.21,104480.08,104720.66,343.53
2025-01-31 14:30:00,104720.66,104869.5,104178.5,104486.12,757.3
2025-01-31 14:45:00,104486.12,104532.11,104125.96,104440.88,571.77
2025-01-31 15:00:00,104440.88,104991.01,104440.88,104878.99,769.14
2025-01-31 15:15:00,104878.99,105204.24,104574.71,105175.75,904.71
2025-01-31 15:30:00,105175.75,105856.84,105119.5,105647.5,6263.17
2025-01-31 15:45:00,105647.5,106017.83,105404.6,105468.45,844.99
2025-01-31 16:00:00,105468.45,105572.06,105129.52,105242.82,618.57
2025-01-31 16:15:00,105242.82,105321.49,104720.41,104813.51,651.55
2025-01-31 16:30:00,104813.51,105108.26,104804.76,104991.17,815.23
2025-01-31 16:45:00,104991.17,105107.54,104984.93,105091.37,359.86
2025-01-31 17:00:00,105091.37,105091.37,104546.5,104855.99,532.79
2025-01-31 17:15:00,104855.99,105004.92,104697.5,105004.92,424.84
2025-01-31 17:30:00,105004.92,105035.41,104636.95,104758.4,294.81
2025-01-31 17:45:00,104758.4,104823.86,104595.86,104595.86,304.47
2025-01-31 18:00:00,104595.86,104781.59,104508.87,104781.58,265.37
2025-01-31 18:15:00,104781.58,104824.11,104009.5,104028.17,856.7
2025-01-31 18:30:00,104028.17,104028.17,103050.44,103103.86,1599.88
2025-01-31 18:45:00,103103.86,103182.04,102614.5,102645.51,1560.63
2025-01-31 19:00:00,102645.51,103020.89,102514.5,102681.5,5633.46
2025-01-31 19:15:00,102681.5,102962.01,102167.54,102517.49,2559.5
2025-01-31 19:30:00,102517.49,102667.59,102275.95,102354.69,1070.05
2025-01-31 19:45:00,102354.69,102522.53,102146.25,102321.82,1002.15
2025-01-31 20:00:00,102321.82,102321.82,102068.52,102127.59,960.15
2025-01-31 20:15:00,102127.59,102271.32,101704.38,101947.93,1256.17
2025-01-31 20:30:00,101947.93,102329.5,101783.69,101854.89,1019.26
2025-01-31 20:45:00,101854.89,102086.06,101628.28,101689.51,992.87
2025-01-31 21:00:00,101689.51,101958.37,101633.98,101664.33,599.78
2025-01-31 21:15:00,101664.33,101872.42,101617.5,101634.81,517.83
2025-01-31 21:30:00,101634.81,101963.91,101570.13,101905.51,442.54
2025-01-31 21:45:00,101905.51,102166.13,101796.94,102153.49,399.49
2025-01-31 22:00:00,102153.49,102251.13,101927.97,102004.59,294.05
2025-01-31 22:15:00,102004.59,102369.98,101958.89,102369.98,186.48
2025-01-31 22:30:00,102369.98,102486.42,102255.14,102451.24,207.42
2025-01-31 22:45:00,102451.24,102489.5,102068.27,102268.37,267.48
2025-01-31 23:00:00,102268.37,102268.37,101967.44,102160.71,347.26
2025-01-31 23:15:00,102160.71,102275.62,102128.62,102275.62,126.22
2025-01-31 23:30:00,102275.62,102300.49,102099.34,102300.48,146.76
2025-01-31 23:45:00,102300.48,102446.7,102240.72,102424.55,153.22
2025-02-01 00:00:00,102424.55,102579.31,102284.01,102541.1,267.02
2025-02-01 00:15:00,102541.1,102580.26,102284.0,102291.79,194.8
2025-02-01 00:30:00,102291.79,102503.08,102222.57,102465.94,212.77
2025-02-01 00:45:00,102465.94,102524.5,102364.47,102504.42,208.18
2025-02-01 01:00:00,102504.42,102617.02,102469.83,102615.52,243.85
2025-02-01 01:15:00,102615.52,102711.71,102559.5,102711.71,213.72
2025-02-01 01:30:00,102711.71,102782.82,102626.87,102782.82,198.25
2025-02-01 01:45:00,102782.82,102782.82,102542.0,102567.35,142.42
2025-02-01 02:00:00,102567.35,102704.17,102418.45,102691.62,217.69
2025-02-01 02:15:00,102691.62,102792.73,102691.62,102716.03,103.55
2025-02-01 02:30:00,102716.03,102716.03,102601.5,102665.9,130.06
2025-02-01 02:45:00,102665.9,102704.37,102409.5,102484.73,165.41
2025-02-01 03:00:00,102484.73,102527.91,102319.87,102426.26,235.8
2025-02-01 03:15:00,102426.26,102448.24,102344.68,102355.5,133.72
2025-02-01 03:30:00,102355.5,102364.57,102208.02,102270.71,145.05
2025-02-01 03:45:00,102270.71,102293.99,102231.33,102254.08,99.4
2025-02-01 04:00:00,102254.08,102340.65,102137.01,102229.49,254.35
2025-02-01 04:15:00,102229.49,102269.0,102179.83,102244.8,97.21
2025-02-01 04:30:00,102244.8,102509.02,102244.8,102493.5,131.59
2025-02-01 04:45:00,102493.5,102493.5,102320.36,102320.36,96.77
2025-02-01 05:00:00,102320.36,102389.96,102264.15,102362.06,52.19
2025-02-01 05:15:00,102362.06,102487.53,102357.85,102487.53,112.66
2025-02-01 05:30:00,102487.53,102598.06,102446.61,102558.52,133.37
2025-02-01 05:45:00,102558.52,102559.21,102491.0,102500.51,103.12
2025-02-01 06:00:00,102500.51,102585.4,102439.09,102439.09,101.98
2025-02-01 06:15:00,102439.09,102439.09,102323.22,102364.39,127.96
2025-02-01 06:30:00,102364.39,102455.63,102259.5,102303.57,142.56
2025-02-01 06:45:00,102303.57,102412.41,102193.96,102412.4,149.66
2025-02-01 07:00:00,102412.4,102498.04,102378.76,102452.86,67.2
2025-02-01 07:15:00,102452.86,102452.86,102275.05,102310.93,102.76
2025-02-01 07:30:00,102310.93,102389.49,102205.57,102205.57,136.44
2025-02-01 07:45:00,102205.57,102258.6,102171.4,102171.4,114.77
2025-02-01 08:00:00,102171.4,102280.59,102171.4,102207.55,119.39
2025-02-01 08:15:00,102207.55,102207.55,101962.28,102018.76,213.48
2025-02-01 08:30:00,102018.76,102051.98,101923.06,102020.55,239.89
2025-02-01 08:45:00,102020.55,102062.63,101853.11,102026.34,370.81
2025-02-01 09:00:00,102026.34,102026.34,101821.5,101826.17,192.98
2025-02-01 09:15:00,101826.17,101949.48,101809.51,101858.64,238.61
2025-02-01 09:30:00,101858.64,101894.8,101610.89,101623.22,388.58
2025-02-01 09:45:00,101623.22,101690.2,101421.5,101685.5,456.97
2025-02-01 10:00:00,101685.5,101887.49,101685.49,101829.51,266.1
2025-02-01 10:15:00,101829.51,101939.67,101717.58,101881.52,174.81
2025-02-01 10:30:00,101881.52,101987.44,101785.5,101785.5,166.62
2025-02-01 10:45:00,101785.5,101837.99,101636.33,101647.49,166.93
2025-02-01 11:00:00,101647.49,101889.26,101647.49,101889.25,197.61
2025-02-01 11:15:00,101889.25,102030.52,101889.25,101984.0,168.15
2025-02-01 11:30:00,101984.0,102054.7,101909.5,101966.94,169.39
2025-02-01 11:45:00,101966.94,102055.51,101889.52,102038.31,119.93
2025-02-01 12:00:00,102038.31,102159.49,102018.63,102106.43,189.08
2025-02-01 12:15:00,102106.43,102214.78,102051.49,102179.35,180.98
2025-02-01 12:30:00,102179.35,102289.64,102166.36,102248.43,132.39
2025-02-01 12:45:00,102248.43,102338.51,102229.04,102284.42,150.45
2025-02-01 13:00:00,102284.42,102284.42,102173.06,102259.09,138.0
2025-02-01 13:15:00,102259.09,102282.93,102212.59,102245.9,96.41
2025-02-01 13:30:00,102245.9,102285.87,102205.77,102205.77,97.55
2025-02-01 13:45:00,102205.77,102205.77,101826.51,101868.9,341.45
2025-02-01 14:00:00,101868.9,102093.5,101821.5,101970.02,327.0
2025-02-01 14:15:00,101970.02,102119.67,101865.47,102119.67,450.55
2025-02-01 14:30:00,102119.67,102177.21,102038.01,102051.86,155.19
2025-02-01 14:45:00,102051.86,102051.86,101837.03,101837.03,438.63
2025-02-01 15:00:00,101837.03,102069.15,101740.29,101928.54,379.88
2025-02-01 15:15:00,101928.54,102013.49,101799.51,102013.49,265.99
2025-02-01 15:30:00,102013.49,102130.03,101969.07,102083.68,158.7
2025-02-01 15:45:00,102083.68,102194.01,102029.5,102083.39,253.82
2025-02-01 16:00:00,102083.39,102219.47,102048.71,102083.09,452.08
2025-02-01 16:15:00,102083.09,102128.64,101916.09,102092.82,494.1
2025-02-01 16:30:00,102092.82,102115.89,102033.05,102043.84,173.82
2025-02-01 16:45:00,102043.84,102079.45,101873.27,101898.03,176.12
2025-02-01 17:00:00,101898.03,102184.04,101898.03,102127.7,203.59
2025-02-01 17:15:00,102127.7,102299.5,102087.91,102221.94,221.71
2025-02-01 17:30:00,102221.94,102235.89,102103.5,102145.5,93.69
2025-02-01 17:45:00,102145.5,102285.01,102145.5,102253.5,98.45
2025-02-01 18:00:00,102253.5,102279.5,102219.85,102248.2,110.94
2025-02-01 18:15:00,102248.2,102248.2,102117.5,102153.97,151.09
2025-02-01 18:30:00,102153.97,102210.28,102053.51,102105.5,106.31
2025-02-01 18:45:00,102105.5,102154.8,101984.0,102013.19,163.08
2025-02-01 19:00:00,102013.19,102026.0,101832.73,101889.5,179.39
2025-02-01 19:15:00,101889.5,102004.85,101787.06,101816.36,261.72
2025-02-01 19:30:00,101816.36,101865.93,101516.5,101561.5,312.57
2025-02-01 19:45:00,101561.5,101712.16,101459.53,101670.5,280.15
2025-02-01 20:00:00,101670.5,101670.5,101242.51,101297.5,501.83
2025-02-01 20:15:00,101297.5,101533.73,101180.81,101225.19,616.28
2025-02-01 20:30:00,101225.19,101327.78,101119.5,101303.51,564.66
2025-02-01 20:45:00,101303.51,101532.68,101009.5,101352.02,408.57
2025-02-01 21:00:00,101352.02,101534.1,101205.47,101460.48,311.23
2025-02-01 21:15:00,101460.48,101587.54,101455.96,101490.18,240.78
2025-02-01 21:30:00,101490.18,101490.18,101259.5,101380.11,244.93
2025-02-01 21:45:00,101380.11,101391.84,101010.52,101199.2,398.0
2025-02-01 22:00:00,101199.2,101428.45,101061.85,101077.55,394.5
2025-02-01 22:15:00,101077.55,101118.32,100675.51,100734.0,388.02
2025-02-01 22:30:00,100734.0,100932.5,100564.5,100911.71,502.66
2025-02-01 22:45:00,100911.71,100961.49,100519.5,100676.4,509.6
2025-02-01 23:00:00,100676.4,100693.5,100393.5,100393.5,439.46
2025-02-01 23:15:00,100393.5,100570.11,100289.8,100530.07,477.82
2025-02-01 23:30:00,100530.07,100877.5,100472.4,100828.4,451.7
2025-02-01 23:45:00,100828.4,100840.61,100610.38,100645.15,289.01
2025-02-02 00:00:00,100645.15,100891.6,100509.5,100856.47,387.76
2025-02-02 00:15:00,100856.47,101185.49,100808.09,101158.13,369.12
2025-02-02 00:30:00,101158.13,101268.16,101077.94,101268.16,412.85
2025-02-02 00:45:00,101268.16,101297.26,101146.75,101269.64,243.95
2025-02-02 01:00:00,101269.64,101395.11,101195.32,101360.6,236.33
2025-02-02 01:15:00,101360.6,101466.09,101329.1,101384.09,197.39
2025-02-02 01:30:00,101384.09,101385.88,101219.95,101373.65,216.01
2025-02-02 01:45:00,101373.65,101386.31,101174.6,101256.84,200.02
2025-02-02 02:00:00,101256.84,101280.82,100928.61,100939.72,200.28
2025-02-02 02:15:00,100939.72,101096.45,100778.68,100939.81,333.66
2025-02-02 02:30:00,100939.81,100939.81,100657.81,100780.14,436.63
2025-02-02 02:45:00,100780.14,100780.14,100434.51,100461.65,487.23
2025-02-02 03:00:00,100461.65,100759.5,99861.5,99986.14,881.31
2025-02-02 03:15:00,99986.14,100151.2,99431.9,99622.51,1005.43
2025-02-02 03:30:00,99622.51,99763.74,99401.5,99501.81,1074.28
2025-02-02 03:45:00,99501.81,99729.49,99167.5,99216.35,758.23
2025-02-02 04:00:00,99216.35,99559.15,99040.7,99276.93,1573.16
2025-02-02 04:15:00,99276.93,99679.26,99087.24,99557.49,712.79
2025-02-02 04:30:00,99557.49,99802.43,99475.13,99781.89,2546.51
2025-02-02 04:45:00,99781.89,99881.5,99547.88,99547.92,599.5
2025-02-02 05:00:00,99547.92,99805.31,99511.26,99658.8,3576.78
2025-02-02 05:15:00,99658.8,99979.98,99609.5,99827.01,391.04
2025-02-02 05:30:00,99827.01,100273.97,99813.52,100245.86,429.98
2025-02-02 05:45:00,100245.86,100350.46,100136.31,100269.43,292.74
2025-02-02 06:00:00,100269.43,100365.08,100104.2,100301.5,356.56
2025-02-02 06:15:00,100301.5,100519.68,100218.32,100497.52,254.64
2025-02-02 06:30:00,100497.52,100497.52,100329.36,100473.15,311.17
2025-02-02 06:45:00,100473.15,100473.15,100256.58,100270.49,332.08
2025-02-02 07:00:00,100270.49,100287.03,100089.5,100253.51,358.73
2025-02-02 07:15:00,100253.51,100269.49,99791.12,99895.95,321.02
2025-02-02 07:30:00,99895.95,99960.01,99659.01,99775.71,419.18
2025-02-02 07:45:00,99775.71,99833.52,99624.9,99652.8,369.52
2025-02-02 08:00:00,99652.8,99851.79,99409.74,99419.83,425.63
2025-02-02 08:15:00,99419.83,99829.51,99328.87,99761.49,496.43
2025-02-02 08:30:00,99761.49,100098.5,99761.49,100001.48,406.38
2025-02-02 08:45:00,100001.48,100066.81,99665.0,99840.54,339.06
2025-02-02 09:00:00,99840.54,99840.54,99583.58,99780.58,304.38
2025-02-02 09:15:00,99780.58,99784.09,99381.5,99571.5,369.48
2025-02-02 09:30:00,99571.5,99861.49,99504.64,99832.04,314.5
2025-02-02 09:45:00,99832.04,99873.49,99597.74,99700.28,249.11
2025-02-02 10:00:00,99700.28,99700.28,99289.51,99289.51,361.95
2025-02-02 10:15:00,99289.51,99443.63,99255.16,99377.82,354.01
2025-02-02 10:30:00,99377.82,99512.78,99285.93,99478.98,407.68
2025-02-02 10:45:00,99478.98,99628.54,99395.51,99419.13,262.38
2025-02-02 11:00:00,99419.13,99609.48,99329.5,99344.9,312.87
2025-02-02 11:15:00,99344.9,99375.99,99009.5,99016.1,443.47
2025-02-02 11:30:00,99016.1,99282.2,98809.5,98842.98,1010.8
2025-02-02 11:45:00,98842.98,99037.49,98654.5,98877.7,1331.84
2025-02-02 12:00:00,98877.7,99175.49,98759.51,99136.7,673.27
2025-02-02 12:15:00,99136.7,99144.71,98751.63,98850.38,556.39
2025-02-02 12:30:00,98850.38,98850.38,98509.52,98701.77,602.87
2025-02-02 12:45:00,98701.77,98701.77,98166.5,98166.5,709.99
2025-02-02 13:00:00,98166.5,98655.76,98166.5,98543.07,772.2
2025-02-02 13:15:00,98543.07,98818.95,98440.87,98743.19,510.81
2025-02-02 13:30:00,98743.19,98793.22,98568.59,98719.51,5555.08
2025-02-02 13:45:00,98719.51,98833.7,98499.48,98804.9,362.84
2025-02-02 14:00:00,98804.9,99316.66,98715.38,99281.62,869.15
2025-02-02 14:15:00,99281.62,99431.49,99130.72,99431.49,635.37
2025-02-02 14:30:00,99431.49,99448.01,99273.5,99362.69,387.52
2025-02-02 14:45:00,99362.69,99408.8,99182.22,99214.56,616.12
2025-02-02 15:00:00,99214.56,99267.5,98963.5,99070.01,746.99
2025-02-02 15:15:00,99070.01,99079.96,98833.5,98848.1,1002.38
2025-02-02 15:30:00,98848.1,99378.49,98730.05,99136.54,1033.47
2025-02-02 15:45:00,99136.54,99415.24,99086.43,99356.36,621.56
2025-02-02 16:00:00,99356.36,99371.46,98973.5,98993.1,493.86
2025-02-02 16:15:00,98993.1,99256.31,98826.06,98861.5,755.69
2025-02-02 16:30:00,98861.5,98962.35,98592.68,98598.78,1028.65
2025-02-02 16:45:00,98598.78,98636.95,98096.3,98273.5,1086.96
2025-02-02 17:00:00,98273.5,98578.03,98114.32,98205.24,1124.92
2025-02-02 17:15:00,98205.24,98385.32,97642.09,97865.51,1100.35
2025-02-02 17:30:00,97865.51,98137.19,97560.39,97752.3,1717.45
2025-02-02 17:45:00,97752.3,97789.6,97028.51,97207.05,1763.79
2025-02-02 18:00:00,97207.05,97544.26,97028.5,97483.08,1656.89
2025-02-02 18:15:00,97483.08,97932.57,97163.44,97832.29,1146.03
2025-02-02 18:30:00,97832.29,97868.87,96877.34,97047.11,1373.4
2025-02-02 18:45:00,97047.11,97476.82,96831.05,97112.31,1944.71
2025-02-02 19:00:00,97112.31,97580.05,96859.51,97311.51,1816.82
2025-02-02 19:15:00,97311.51,97580.91,97042.1,97531.44,1444.87
2025-02-02 19:30:00,97531.44,98394.1,97517.5,98355.8,1738.76
2025-02-02 19:45:00,98355.8,98709.49,98038.44,98280.64,1478.15
2025-02-02 20:00:00,98280.64,98633.43,98224.3,98501.41,728.85
2025-02-02 20:15:00,98501.41,98572.28,98109.5,98176.5,566.96
2025-02-02 20:30:00,98176.5,98259.5,97846.17,97951.9,552.22
2025-02-02 20:45:00,97951.9,97951.9,97660.04,97807.5,715.2
2025-02-02 21:00:00,97807.5,97983.33,97539.84,97562.25,785.88
2025-02-02 21:15:00,97562.25,97621.68,96945.51,96949.5,779.58
2025-02-02 21:30:00,96949.5,97323.51,96582.98,96791.23,979.84
2025-02-02 21:45:00,96791.23,97099.77,96629.5,97024.19,922.22
2025-02-02 22:00:00,97024.19,97717.83,96990.46,97512.26,965.49
2025-02-02 22:15:00,97512.26,97733.88,97181.5,97421.39,754.77
2025-02-02 22:30:00,97421.39,97421.39,96156.92,97168.66,1825.04
2025-02-02 22:45:00,97168.66,98030.22,97088.39,97987.77,1211.31
2025-02-02 23:00:00,97987.77,97987.77,97196.77,97728.67,2101.75
2025-02-02 23:15:00,97728.67,97932.57,96552.6,97028.29,2172.44
2025-02-02 23:30:00,97028.29,97646.76,96761.5,97335.59,2139.15
2025-02-02 23:45:00,97335.59,97802.76,97313.48,97689.5,1307.83
2025-02-03 00:00:00,97689.5,97792.29,97276.6,97322.89,1504.49
2025-02-03 00:15:00,97322.89,97580.91,96069.51,97082.01,2055.3
2025-02-03 00:30:00,97082.01,97197.35,95524.51,95668.0,2237.58
2025-02-03 00:45:00,95668.0,96906.45,95617.5,96524.39,3267.52
2025-02-03 01:00:00,96524.39,96946.33,95792.15,95803.89,2687.69
2025-02-03 01:15:00,95803.89,95858.89,95063.66,95163.03,2770.97
2025-02-03 01:30:00,95163.03,95463.14,93817.29,94139.91,2848.14
2025-02-03 01:45:00,94139.91,94157.49,92001.29,93348.67,4499.32
2025-02-03 02:00:00,93348.67,94289.5,91252.52,94031.1,4477.09
2025-02-03 02:15:00,94031.1,94979.49,93571.95,93897.82,4396.63
2025-02-03 02:30:00,93897.82,94177.32,93253.36,93861.5,3524.42
2025-02-03 02:45:00,93861.5,94079.5,93320.61,93575.5,2672.73
2025-02-03 03:00:00,93575.5,94592.61,93436.0,94345.14,2079.41
2025-02-03 03:15:00,94345.14,94697.0,94295.51,94442.44,1699.37
2025-02-03 03:30:00,94442.44,94524.35,93785.51,93866.51,1446.24
2025-02-03 03:45:00,93866.51,94266.92,93811.01,94032.91,1194.9
2025-02-03 04:00:00,94032.91,94482.07,93791.03,93907.91,1147.32
2025-02-03 04:15:00,93907.91,94138.86,93173.5,93359.5,996.98
2025-02-03 04:30:00,93359.5,93537.26,92848.28,93016.02,1450.06
2025-02-03 04:45:00,93016.02,93498.17,92669.94,92756.71,1102.14
2025-02-03 05:00:00,92756.71,93205.5,92756.71,92920.45,1027.06
2025-02-03 05:15:00,92920.45,93693.23,92882.59,93596.74,815.32
2025-02-03 05:30:00,93596.74,93969.49,93487.76,93624.11,798.89
2025-02-03 05:45:00,93624.11,94275.63,93574.64,94208.05,776.39
2025-02-03 06:00:00,94208.05,94254.84,93765.07,93948.46,813.28
2025-02-03 06:15:00,93948.46,94477.25,93820.32,94449.28,651.9
2025-02-03 06:30:00,94449.28,94609.5,93982.9,94015.5,825.26
2025-02-03 06:45:00,94015.5,94272.4,93672.55,93915.68,863.48
2025-02-03 07:00:00,93915.68,94214.15,93857.09,93993.49,924.58
2025-02-03 07:15:00,93993.49,94341.29,93993.49,94217.5,796.91
2025-02-03 07:30:00,94217.5,94688.09,94028.15,94579.51,758.16
2025-02-03 07:45:00,94579.51,95428.45,94471.04,95342.5,1240.13
2025-02-03 08:00:00,95342.5,95409.5,94934.25,95409.5,1407.02
2025-02-03 08:15:00,95409.5,95559.56,95067.63,95399.89,1038.98
2025-02-03 08:30:00,95399.89,95643.89,94860.36,95031.88,1745.99
2025-02-03 08:45:00,95031.88,95417.48,94976.82,95348.85,1016.41
2025-02-03 09:00:00,95348.85,95885.73,95280.0,95809.51,1296.99
2025-02-03 09:15:00,95809.51,95959.49,95295.22,95885.99,991.33
2025-02-03 09:30:00,95885.99,95931.9,95541.5,95745.5,902.57
2025-02-03 09:45:00,95745.5,95765.5,95249.49,95282.22,957.0
2025-02-03 10:00:00,95282.22,95433.42,95138.27,95237.68,746.8
2025-02-03 10:15:00,95237.68,95308.87,94818.11,95062.45,785.05
2025-02-03 10:30:00,95062.45,95432.93,94959.2,95370.27,607.36
2025-02-03 10:45:00,95370.27,95734.75,95270.36,95706.46,550.73
2025-02-03 11:00:00,95706.46,95719.49,95483.0,95603.53,480.61
2025-02-03 11:15:00,95603.53,95613.91,95318.66,95423.36,680.77
2025-02-03 11:30:00,95423.36,95423.36,95024.8,95115.93,540.07
2025-02-03 11:45:00,95115.93,95215.29,94963.1,95117.38,532.7
2025-02-03 12:00:00,95117.38,95349.49,94950.11,95320.49,961.03
2025-02-03 12:15:00,95320.49,95629.11,95251.93,95377.83,750.24
2025-02-03 12:30:00,95377.83,95425.5,95094.25,95227.52,796.58
2025-02-03 12:45:00,95227.52,95241.3,94773.21,94779.2,679.08
2025-02-03 13:00:00,94779.2,95121.35,94581.18,94717.0,1181.71
2025-02-03 13:15:00,94717.0,94993.93,94381.82,94383.86,862.97
2025-02-03 13:30:00,94383.86,95389.49,94381.48,95357.96,946.12
2025-02-03 13:45:00,95357.96,95409.36,94673.46,94674.01,867.06
2025-02-03 14:00:00,94674.01,94749.5,94170.85,94516.78,1456.08
2025-02-03 14:15:00,94516.78,94880.33,94247.83,94781.5,1686.07
2025-02-03 14:30:00,94781.5,96498.33,94381.9,96146.5,3705.61
2025-02-03 14:45:00,96146.5,96703.51,95613.96,96603.51,2711.07
2025-02-03 15:00:00,96603.51,96973.59,96200.56,96711.46,2331.16
2025-02-03 15:15:00,96711.46,98556.08,96579.5,98345.54,2424.66
2025-02-03 15:30:00,98345.54,99004.5,97826.66,98665.95,2649.89
2025-02-03 15:45:00,98665.95,99500.0,98577.06,98841.38,2259.36
2025-02-03 16:00:00,98841.38,99048.97,98173.5,98484.83,2328.74
2025-02-03 16:15:00,98484.83,99019.47,98220.51,98705.16,1502.74
2025-02-03 16:30:00,98705.16,99009.49,98469.01,98769.0,1182.93
2025-02-03 16:45:00,98769.0,98972.68,98521.5,98521.5,962.28
2025-02-03 17:00:00,98521.5,98588.02,98054.99,98531.5,974.55
2025-02-03 17:15:00,98531.5,98927.73,98376.7,98543.52,669.77
2025-02-03 17:30:00,98543.52,98543.52,98057.5,98208.66,899.61
2025-02-03 17:45:00,98208.66,99322.58,98127.14,99247.51,1708.03
2025-02-03 18:00:00,99247.51,99521.41,98951.01,99079.51,1351.82
2025-02-03 18:15:00,99079.51,99629.47,99000.0,99472.74,1048.06
2025-02-03 18:30:00,99472.74,99857.99,99252.02,99638.11,1058.51
2025-02-03 18:45:00,99638.11,99944.73,99467.16,99825.55,905.96
2025-02-03 19:00:00,99825.55,100128.67,99585.52,99955.63,1283.8
2025-02-03 19:15:00,99955.63,100872.7,99945.5,100483.2,1337.48
2025-02-03 19:30:00,100483.2,101242.49,100476.75,101242.49,1023.8
2025-02-03 19:45:00,101242.49,101888.49,101221.52,101888.49,1519.94
2025-02-03 20:00:00,101888.49,101904.49,100991.55,101337.15,1608.37
2025-02-03 20:15:00,101337.15,101876.15,101275.49,101710.4,1114.92
2025-02-03 20:30:00,101710.4,101961.31,101372.63,101400.46,1042.14
2025-02-03 20:45:00,101400.46,101710.46,101052.01,101103.59,1157.87
2025-02-03 21:00:00,101103.59,101376.44,100930.35,101052.38,972.75
2025-02-03 21:15:00,101052.38,101326.16,100962.24,101222.95,764.2
2025-02-03 21:30:00,101222.95,101881.01,101137.53,101549.5,1160.96
2025-02-03 21:45:00,101549.5,101983.6,101549.5,101836.28,729.68
2025-02-03 22:00:00,101836.28,102491.9,101709.49,101808.84,1499.33
2025-02-03 22:15:00,101808.84,102199.89,101631.52,102001.38,823.99
2025-02-03 22:30:00,102001.38,102043.5,101579.27,101634.75,575.78
2025-02-03 22:45:00,101634.75,101764.62,101503.14,101693.5,442.08
2025-02-03 23:00:00,101693.5,101837.48,101509.51,101595.58,659.13
2025-02-03 23:15:00,101595.58,101658.4,101434.71,101538.3,329.47
2025-02-03 23:30:00,101538.3,101646.61,101369.63,101501.32,383.79
2025-02-03 23:45:00,101501.32,101576.77,101286.4,101329.49,197.29
2025-02-04 00:00:00,101329.49,101666.3,101329.49,101627.39,473.47
2025-02-04 00:15:00,101627.39,101651.53,101288.64,101322.94,623.67
2025-02-04 00:30:00,101322.94,101563.31,101272.8,101489.0,389.9
2025-02-04 00:45:00,101489.0,101489.0,101031.63,101067.5,358.12
2025-02-04 01:00:00,101067.5,101169.31,100752.34,100761.23,502.96
2025-02-04 01:15:00,100761.23,101254.08,100761.23,101251.5,435.2
2025-02-04 01:30:00,101251.5,101615.24,101103.45,101550.49,569.93
2025-02-04 01:45:00,101550.49,101723.96,101314.33,101392.19,472.61
2025-02-04 02:00:00,101392.19,101435.22,101102.5,101130.33,354.18
2025-02-04 02:15:00,101130.33,101188.11,101015.73,101071.71,371.97
2025-02-04 02:30:00,101071.71,101290.86,101029.5,101153.41,373.55
2025-02-04 02:45:00,101153.41,101256.06,100814.05,100849.48,430.41
2025-02-04 03:00:00,100849.48,101023.94,100798.5,100942.06,360.1
2025-02-04 03:15:00,100942.06,100942.09,100633.03,100647.5,323.77
2025-02-04 03:30:00,100647.5,100744.98,100558.97,100737.37,460.15
2025-02-04 03:45:00,100737.37,100775.19,100583.6,100629.13,4141.29
2025-02-04 04:00:00,100629.13,100773.61,100159.51,100279.27,593.85
2025-02-04 04:15:00,100279.27,100509.5,100196.99,100268.58,487.1
2025-02-04 04:30:00,100268.58,100346.69,100093.07,100187.84,534.89
2025-02-04 04:45:00,100187.84,100300.53,100019.47,100062.61,373.04
2025-02-04 05:00:00,100062.61,100094.36,99114.51,99133.49,1231.5
2025-02-04 05:15:00,99133.49,99382.22,98414.2,98842.61,2046.66
2025-02-04 05:30:00,98842.61,98949.53,98243.32,98780.7,1860.92
2025-02-04 05:45:00,98780.7,99299.44,98706.65,98871.38,1407.07
2025-02-04 06:00:00,98871.38,99360.84,98847.78,99259.51,790.76
2025-02-04 06:15:00,99259.51,99645.44,98907.14,99059.49,865.43
2025-02-04 06:30:00,99059.49,99461.49,99023.51,99447.02,763.28
2025-02-04 06:45:00,99447.02,99543.19,99309.5,99369.35,569.77
2025-02-04 07:00:00,99369.35,99402.57,99141.75,99254.51,543.23
2025-02-04 07:15:00,99254.51,99482.54,99010.5,99020.69,509.28
2025-02-04 07:30:00,99020.69,99109.35,98568.71,98612.33,711.77
2025-02-04 07:45:00,98612.33,98656.52,98328.69,98462.18,768.58
2025-02-04 08:00:00,98462.18,98677.5,98132.5,98429.27,1006.49
2025-02-04 08:15:00,98429.27,98734.65,98201.95,98640.01,833.6
2025-02-04 08:30:00,98640.01,98671.63,97869.5,97902.53,1013.69
2025-02-04 08:45:00,97902.53,98375.49,97881.99,98294.79,929.38
2025-02-04 09:00:00,98294.79,98631.08,98281.23,98578.2,627.16
2025-02-04 09:15:00,98578.2,98774.19,98363.66,98646.55,499.42
2025-02-04 09:30:00,98646.55,98809.49,98480.73,98706.45,445.97
2025-02-04 09:45:00,98706.45,98750.55,98314.39,98340.39,466.49
2025-02-04 10:00:00,98340.39,98748.65,98340.39,98635.87,535.27
2025-02-04 10:15:00,98635.87,98844.39,98612.17,98759.83,631.36
2025-02-04 10:30:00,98759.83,98982.69,98539.5,98934.46,506.25
2025-02-04 10:45:00,98934.46,98934.46,98643.25,98789.4,496.59
2025-02-04 11:00:00,98789.4,99454.66,98763.56,99276.96,620.55
2025-02-04 11:15:00,99276.96,99365.09,99165.96,99338.52,566.19
2025-02-04 11:30:00,99338.52,99377.49,99173.55,99261.47,734.43
2025-02-04 11:45:00,99261.47,99273.98,98911.5,98977.2,300.02
2025-02-04 12:00:00,98977.2,99287.63,98977.19,99240.79,395.12
2025-02-04 12:15:00,99240.79,99440.29,99220.52,99288.6,384.35
2025-02-04 12:30:00,99288.6,99794.98,99288.6,99372.95,497.25
2025-02-04 12:45:00,99372.95,99554.77,99192.83,99375.78,360.69
2025-02-04 13:00:00,99375.78,99534.84,99268.35,99501.5,425.05
2025-02-04 13:15:00,99501.5,99554.84,99319.31,99486.94,472.34
2025-02-04 13:30:00,99486.94,99509.5,99276.32,99416.94,489.94
2025-02-04 13:45:00,99416.94,99524.49,98994.52,99016.71,410.14
2025-02-04 14:00:00,99016.71,99255.23,98570.98,98687.09,607.51
2025-02-04 14:15:00,98687.09,99308.37,98687.09,99249.49,709.8
2025-02-04 14:30:00,99249.49,100424.49,99069.12,100168.71,1967.18
2025-02-04 14:45:00,100168.71,100280.8,99669.03,99994.22,1386.25
2025-02-04 15:00:00,99994.22,100224.49,99140.59,99234.86,2027.55
2025-02-04 15:15:00,99234.86,99432.44,98285.49,99002.86,2241.23
2025-02-04 15:30:00,99002.86,99440.73,98744.57,99047.85,1514.39
2025-02-04 15:45:00,99047.85,99610.35,99039.23,99356.69,1073.34
2025-02-04 16:00:00,99356.69,99934.56,99059.51,99868.2,1025.26
2025-02-04 16:15:00,99868.2,99919.83,99542.92,99759.41,788.32
2025-02-04 16:30:00,99759.41,99799.36,99199.87,99304.45,745.01
2025-02-04 16:45:00,99304.45,99465.98,99037.96,99052.97,675.16
2025-02-04 17:00:00,99052.97,99515.92,98896.95,99479.67,740.27
2025-02-04 17:15:00,99479.67,99620.98,98839.16,98880.99,706.41
2025-02-04 17:30:00,98880.99,99303.09,98880.99,99283.79,687.05
2025-02-04 17:45:00,99283.79,99308.27,98982.73,99178.48,533.98
2025-02-04 18:00:00,99178.48,99212.56,98789.47,99028.86,441.04
2025-02-04 18:15:00,99028.86,99244.89,99014.74,99075.81,406.61
2025-02-04 18:30:00,99075.81,99568.83,98959.41,99359.16,517.14
2025-02-04 18:45:00,99359.16,99490.3,99279.1,99426.89,340.72
2025-02-04 19:00:00,99426.89,99973.5,99337.5,99973.5,463.49
2025-02-04 19:15:00,99973.5,100709.35,99857.31,100433.48,960.47
2025-02-04 19:30:00,100433.48,100779.76,99871.63,100409.5,932.16
2025-02-04 19:45:00,100409.5,100530.2,98793.83,98874.85,2045.51
2025-02-04 20:00:00,98874.85,99431.66,98335.59,98580.58,2397.21
2025-02-04 20:15:00,98580.58,98836.39,97977.71,98289.11,1912.9
2025-02-04 20:30:00,98289.11,99000.92,98174.75,98815.3,1345.41
2025-02-04 20:45:00,98815.3,99045.35,98602.36,98659.0,804.44
2025-02-04 21:00:00,98659.0,98683.36,97629.9,98221.34,1637.63
2025-02-04 21:15:00,98221.34,98221.34,97209.5,97258.19,1096.74
2025-02-04 21:30:00,97258.19,97317.38,96613.66,96712.71,1664.26
2025-02-04 21:45:00,96712.71,97209.5,96434.03,96498.69,1401.27
2025-02-04 22:00:00,96498.69,96569.22,96159.5,96509.48,1567.12
2025-02-04 22:15:00,96509.48,97256.45,96485.51,96959.5,1048.1
2025-02-04 22:30:00,96959.5,97304.4,96778.73,97243.31,355.24
2025-02-04 22:45:00,97243.31,97949.15,97059.53,97691.6,567.43
2025-02-04 23:00:00,97691.6,97989.07,97545.91,97907.5,658.15
2025-02-04 23:15:00,97907.5,97909.49,97509.5,97541.74,564.38
2025-02-04 23:30:00,97541.74,97827.52,97488.71,97742.04,398.14
2025-02-04 23:45:00,97742.04,98219.5,97721.85,97785.5,465.16
2025-02-05 00:00:00,97785.5,98149.49,97748.63,97935.24,840.59
2025-02-05 00:15:00,97935.24,98199.47,97721.96,98171.26,605.46
2025-02-05 00:30:00,98171.26,98209.5,97933.51,98162.83,428.16
2025-02-05 00:45:00,98162.83,98381.51,98134.49,98288.39,468.68
2025-02-05 01:00:00,98288.39,98935.19,98277.97,98498.88,705.35
2025-02-05 01:15:00,98498.88,98681.5,98202.59,98226.89,467.29
2025-02-05 01:30:00,98226.89,98376.32,98047.83,98101.49,403.48
2025-02-05 01:45:00,98101.49,98214.71,97683.7,97846.29,487.17
2025-02-05 02:00:00,97846.29,98037.56,97685.51,97685.51,640.17
2025-02-05 02:15:00,97685.51,97703.49,97143.93,97416.43,869.46
2025-02-05 02:30:00,97416.43,97895.66,97413.5,97895.66,603.73
2025-02-05 02:45:00,97895.66,98198.43,97761.64,98008.7,815.52
2025-02-05 03:00:00,98008.7,98132.0,97820.92,97867.5,480.76
2025-02-05 03:15:00,97867.5,98063.5,97781.32,97935.45,519.35
2025-02-05 03:30:00,97935.45,98326.14,97935.45,98209.5,522.09
2025-02-05 03:45:00,98209.5,98232.84,97966.02,98067.22,315.05
2025-02-05 04:00:00,98067.22,98209.48,98014.5,98079.5,426.9
2025-02-05 04:15:00,98079.5,98194.28,97933.41,97933.41,264.95
2025-02-05 04:30:00,97933.41,98248.5,97925.53,98248.5,298.74
2025-02-05 04:45:00,98248.5,98338.31,98019.52,98045.49,280.89
2025-02-05 05:00:00,98045.49,98194.22,97962.36,98042.74,286.74
2025-02-05 05:15:00,98042.74,98055.5,97860.09,97933.37,302.74
2025-02-05 05:30:00,97933.37,98000.57,97698.5,97790.18,348.27
2025-02-05 05:45:00,97790.18,98300.08,97783.51,98147.89,480.96
2025-02-05 06:00:00,98147.89,98228.79,97881.5,98023.88,486.2
2025-02-05 06:15:00,98023.88,98047.5,97811.02,97907.5,416.7
2025-02-05 06:30:00,97907.5,97925.52,97587.82,97862.94,567.95
2025-02-05 06:45:00,97862.94,97862.94,97575.97,97655.5,465.5
2025-02-05 07:00:00,97655.5,97655.5,97411.73,97531.39,612.17
2025-02-05 07:15:00,97531.39,97668.58,97362.59,97658.81,391.14
2025-02-05 07:30:00,97658.81,97802.77,97510.01,97793.5,312.75
2025-02-05 07:45:00,97793.5,97991.51,97757.5,97873.83,406.72
2025-02-05 08:00:00,97873.83,98044.79,97816.17,97911.49,372.05
2025-02-05 08:15:00,97911.49,97911.49,97727.42,97815.5,246.16
2025-02-05 08:30:00,97815.5,97845.5,97618.38,97637.87,335.38
2025-02-05 08:45:00,97637.87,97728.42,97581.5,97647.25,256.83
2025-02-05 09:00:00,97647.25,97910.45,97537.5,97891.1,359.34
2025-02-05 09:15:00,97891.1,97970.63,97778.91,97799.5,355.65
2025-02-05 09:30:00,97799.5,97799.5,97286.23,97363.93,436.63
2025-02-05 09:45:00,97363.93,97465.29,97278.64,97426.07,256.57
2025-02-05 10:00:00,97426.07,97677.3,97371.71,97522.91,271.98
2025-02-05 10:15:00,97522.91,97939.51,97498.27,97937.77,260.97
2025-02-05 10:30:00,97937.77,98041.5,97854.52,97988.56,252.99
2025-02-05 10:45:00,97988.56,97999.67,97733.19,97744.46,338.31
2025-02-05 11:00:00,97744.46,98119.54,97719.5,98119.5,286.08
2025-02-05 11:15:00,98119.5,98187.4,97891.5,97895.52,342.95
2025-02-05 11:30:00,97895.52,98159.49,97880.89,98138.91,322.15
2025-02-05 11:45:00,98138.91,98228.56,98081.19,98209.86,262.61
2025-02-05 12:00:00,98209.86,98419.08,98165.41,98363.79,513.12
2025-02-05 12:15:00,98363.79,98719.67,98363.79,98559.49,525.23
2025-02-05 12:30:00,98559.49,98647.39,98310.06,98389.49,438.35
2025-02-05 12:45:00,98389.49,98389.49,98001.51,98067.11,261.39
2025-02-05 13:00:00,98067.11,98304.18,97951.1,98263.67,383.93
2025-02-05 13:15:00,98263.67,98551.66,98117.39,98428.4,500.82
2025-02-05 13:30:00,98428.4,98632.69,98408.56,98582.88,435.78
2025-02-05 13:45:00,98582.88,98688.23,98506.86,98602.34,265.42
2025-02-05 14:00:00,98602.34,98602.34,98392.04,98448.71,346.75
2025-02-05 14:15:00,98448.71,98768.94,98448.71,98727.25,352.8
2025-02-05 14:30:00,98727.25,99148.11,98388.29,98797.51,1074.28
2025-02-05 14:45:00,98797.51,99003.24,98131.48,98301.76,953.01
2025-02-05 15:00:00,98301.76,98542.97,97765.25,98275.47,1385.26
2025-02-05 15:15:00,98275.47,98489.5,97960.7,98489.5,819.88
2025-02-05 15:30:00,98489.5,98553.35,98035.51,98035.51,720.2
2025-02-05 15:45:00,98035.51,98241.51,97921.59,98129.5,784.04
2025-02-05 16:00:00,98129.5,98165.5,97647.3,97697.57,1070.88
2025-02-05 16:15:00,97697.57,97813.52,97336.49,97807.5,905.17
2025-02-05 16:30:00,97807.5,97891.52,97546.86,97675.08,875.32
2025-02-05 16:45:00,97675.08,98282.9,97609.5,97983.5,756.62
2025-02-05 17:00:00,97983.5,98265.49,97963.51,98051.78,642.45
2025-02-05 17:15:00,98051.78,98051.78,97412.2,97633.51,748.42
2025-02-05 17:30:00,97633.51,97770.36,97391.5,97405.4,804.22
2025-02-05 17:45:00,97405.4,97726.99,97363.85,97568.41,713.67
2025-02-05 18:00:00,97568.41,97709.49,96864.5,96885.22,815.24
2025-02-05 18:15:00,96885.22,97171.43,96847.42,97143.49,970.71
2025-02-05 18:30:00,97143.49,97339.94,96955.16,97012.19,587.04
2025-02-05 18:45:00,97012.19,97024.81,96526.72,96733.16,650.5
2025-02-05 19:00:00,96733.16,96979.5,96511.01,96837.18,635.93
2025-02-05 19:15:00,96837.18,97189.5,96815.89,97189.5,436.8
2025-02-05 19:30:00,97189.5,97459.5,97053.5,97248.63,697.73
2025-02-05 19:45:00,97248.63,97522.87,97159.31,97375.49,508.22
2025-02-05 20:00:00,97375.49,97689.5,97375.49,97591.5,488.14
2025-02-05 20:15:00,97591.5,97715.5,97583.42,97643.5,365.25
2025-02-05 20:30:00,97643.5,97709.49,96909.29,96913.19,489.94
2025-02-05 20:45:00,96913.19,97527.28,96879.9,97319.51,775.4
2025-02-05 21:00:00,97319.51,97533.49,97147.84,97152.13,544.66
2025-02-05 21:15:00,97152.13,97360.52,97109.61,97308.73,357.46
2025-02-05 21:30:00,97308.73,97503.45,97276.54,97348.32,272.54
2025-02-05 21:45:00,97348.32,97348.32,96785.3,96911.89,481.67
2025-02-05 22:00:00,96911.89,97048.03,96622.58,97028.45,723.72
2025-02-05 22:15:00,97028.45,97057.39,96465.5,96540.38,587.96
2025-02-05 22:30:00,96540.38,96849.49,96309.51,96309.51,718.34
2025-02-05 22:45:00,96309.51,96564.96,96261.42,96466.25,366.2
2025-02-05 23:00:00,96466.25,96830.46,96281.51,96721.18,664.95
2025-02-05 23:15:00,96721.18,96857.33,96306.24,96339.62,421.81
2025-02-05 23:30:00,96339.62,96650.55,96166.04,96589.11,512.92
2025-02-05 23:45:00,96589.11,96669.49,96465.71,96618.55,427.53
2025-02-06 00:00:00,96618.55,96823.24,96440.28,96741.64,801.65
2025-02-06 00:15:00,96741.64,96939.51,96619.4,96697.63,578.81
2025-02-06 00:30:00,96697.63,97000.69,96593.9,96921.96,479.73
2025-02-06 00:45:00,96921.96,96921.96,96690.0,96834.05,361.21
2025-02-06 01:00:00,96834.05,97226.89,96649.57,97226.89,487.26
2025-02-06 01:15:00,97226.89,97228.33,97028.61,97034.27,488.6
2025-02-06 01:30:00,97034.27,97175.21,96849.51,97028.82,463.28
2025-02-06 01:45:00,97028.82,97203.39,96975.11,97162.09,326.98
2025-02-06 02:00:00,97162.09,97419.23,97112.97,97393.73,381.13
2025-02-06 02:15:00,97393.73,97452.9,97146.97,97237.31,363.92
2025-02-06 02:30:00,97237.31,97350.82,97139.08,97336.96,280.84
2025-02-06 02:45:00,97336.96,97425.14,97272.67,97362.1,233.94
2025-02-06 03:00:00,97362.1,97409.5,97199.51,97217.71,294.06
2025-02-06 03:15:00,97217.71,97291.99,97083.91,97260.95,237.47
2025-02-06 03:30:00,97260.95,97502.56,97169.83,97485.66,239.36
2025-02-06 03:45:00,97485.66,97485.66,97318.4,97365.16,186.57
2025-02-06 04:00:00,97365.16,97485.0,97287.14,97393.49,166.63
2025-02-06 04:15:00,97393.49,97859.01,97393.49,97723.5,404.74
2025-02-06 04:30:00,97723.5,97723.5,97526.02,97611.23,207.88
2025-02-06 04:45:00,97611.23,97672.54,97538.0,97628.57,138.8
2025-02-06 05:00:00,97628.57,97789.0,97609.5,97709.73,132.27
2025-02-06 05:15:00,97709.73,97755.9,97619.65,97737.76,116.26
2025-02-06 05:30:00,97737.76,97887.79,97705.98,97771.5,144.63
2025-02-06 05:45:00,97771.5,97867.44,97762.08,97845.49,86.26
2025-02-06 06:00:00,97845.49,97976.47,97715.12,97968.26,212.27
2025-02-06 06:15:00,97968.26,98261.08,97937.3,98055.72,357.06
2025-02-06 06:30:00,98055.72,98422.74,98055.72,98372.26,251.56
2025-02-06 06:45:00,98372.26,98417.32,98209.71,98372.51,250.9
2025-02-06 07:00:00,98372.51,98390.28,98050.27,98069.19,169.91
2025-02-06 07:15:00,98069.19,98232.63,98069.19,98171.49,156.47
2025-02-06 07:30:00,98171.49,98307.91,98127.54,98133.77,165.01
2025-02-06 07:45:00,98133.77,98225.14,98022.23,98205.0,172.04
2025-02-06 08:00:00,98205.0,98331.31,98108.36,98152.24,268.42
2025-02-06 08:15:00,98152.24,98209.49,98050.03,98052.3,171.01
2025-02-06 08:30:00,98052.3,98129.07,97923.51,98053.5,147.75
2025-02-06 08:45:00,98053.5,98200.92,98011.5,98138.01,304.63
2025-02-06 09:00:00,98138.01,98685.31,98120.2,98666.29,333.12
2025-02-06 09:15:00,98666.29,98707.26,98468.96,98468.96,309.22
2025-02-06 09:30:00,98468.96,98726.47,98468.96,98497.9,228.25
2025-02-06 09:45:00,98497.9,98732.31,98497.9,98623.9,163.03
2025-02-06 10:00:00,98623.9,98877.06,98623.9,98819.26,302.5
2025-02-06 10:15:00,98819.26,98993.31,98729.38,98882.16,244.24
2025-02-06 10:30:00,98882.16,98951.23,98659.39,98805.32,250.02
2025-02-06 10:45:00,98805.32,99049.5,98805.32,99022.8,234.47
2025-02-06 11:00:00,99022.8,99041.98,98616.97,98754.98,305.76
2025-02-06 11:15:00,98754.98,98754.98,98518.19,98644.07,307.67
2025-02-06 11:30:00,98644.07,98965.51,98415.53,98956.7,331.09
2025-02-06 11:45:00,98956.7,99124.5,98827.52,98879.06,313.7
2025-02-06 12:00:00,98879.06,99045.94,98601.24,98601.24,428.78
2025-02-06 12:15:00,98601.24,98704.72,98524.98,98640.99,342.82
2025-02-06 12:30:00,98640.99,98654.03,98358.64,98551.5,440.81
2025-02-06 12:45:00,98551.5,98621.5,98301.1,98351.25,339.99
2025-02-06 13:00:00,98351.25,98478.8,98177.5,98271.12,486.38
2025-02-06 13:15:00,98271.12,98407.02,98178.5,98270.76,374.78
2025-02-06 13:30:00,98270.76,98792.9,98270.76,98538.3,657.21
2025-02-06 13:45:00,98538.3,98772.85,98416.65,98610.19,461.1
2025-02-06 14:00:00,98610.19,98748.64,98288.46,98478.42,534.49
2025-02-06 14:15:00,98478.42,98504.48,98127.5,98273.76,593.61
2025-02-06 14:30:00,98273.76,98929.65,97835.36,98107.91,1330.65
2025-02-06 14:45:00,98107.91,98381.92,97805.27,97835.57,1097.36
2025-02-06 15:00:00,97835.57,98061.62,97673.5,97956.07,1116.25
2025-02-06 15:15:00,97956.07,97996.61,97543.5,97596.94,1167.9
2025-02-06 15:30:00,97596.94,97596.94,97035.62,97185.66,1344.41
2025-02-06 15:45:00,97185.66,97334.64,96939.67,97334.64,1270.81
2025-02-06 16:00:00,97334.64,97547.23,97233.76,97547.23,1159.89
2025-02-06 16:15:00,97547.23,97554.07,96918.6,97061.49,901.33
2025-02-06 16:30:00,97061.49,97105.87,96600.0,96600.0,917.76
2025-02-06 16:45:00,96600.0,96788.17,96421.81,96592.5,1122.44
2025-02-06 17:00:00,96592.5,96869.5,96383.78,96510.23,1022.14
2025-02-06 17:15:00,96510.23,96836.99,96500.33,96827.5,546.71
2025-02-06 17:30:00,96827.5,97184.53,96655.87,96871.1,614.05
2025-02-06 17:45:00,96871.1,96993.37,96724.85,96724.85,440.71
2025-02-06 18:00:00,96724.85,96841.08,96279.51,96308.28,689.98
2025-02-06 18:15:00,96308.28,96457.28,96167.44,96183.19,622.36
2025-02-06 18:30:00,96183.19,96479.02,95897.5,96427.69,910.37
2025-02-06 18:45:00,96427.69,96598.06,96222.44,96326.34,628.94
2025-02-06 19:00:00,96326.34,96574.82,95943.2,96498.65,818.75
2025-02-06 19:15:00,96498.65,96922.86,96461.49,96468.29,721.13
2025-02-06 19:30:00,96468.29,96468.29,95935.5,96004.87,745.43
2025-02-06 19:45:00,96004.87,96199.68,95686.15,95992.49,713.25
2025-02-06 20:00:00,95992.49,96359.5,95809.5,96292.15,716.07
2025-02-06 20:15:00,96292.15,96451.21,96153.5,96406.81,496.48
2025-02-06 20:30:00,96406.81,96827.32,96389.61,96824.7,556.07
2025-02-06 20:45:00,96824.7,97095.5,96712.13,96926.5,633.67
2025-02-06 21:00:00,96926.5,96945.5,96651.14,96651.14,726.49
2025-02-06 21:15:00,96651.14,96729.13,96345.63,96517.82,520.1
2025-02-06 21:30:00,96517.82,96759.5,96103.33,96736.97,652.3
2025-02-06 21:45:00,96736.97,96851.58,96563.84,96815.09,531.59
2025-02-06 22:00:00,96815.09,96827.34,96177.55,96196.94,631.77
2025-02-06 22:15:00,96196.94,96626.04,96183.46,96626.04,499.68
2025-02-06 22:30:00,96626.04,96626.04,96374.13,96601.9,384.39
2025-02-06 22:45:00,96601.9,96947.21,96478.79,96947.21,164.52
2025-02-06 23:00:00,96947.21,96957.96,96601.42,96601.42,428.85
2025-02-06 23:15:00,96601.42,96680.51,96496.4,96629.06,301.42
2025-02-06 23:30:00,96629.06,96669.24,96212.48,96379.56,473.09
2025-02-06 23:45:00,96379.56,96617.5,96368.19,96563.84,331.95
2025-02-07 00:00:00,96563.84,96922.75,96549.34,96767.06,572.1
2025-02-07 00:15:00,96767.06,96931.45,96661.68,96802.28,429.46
2025-02-07 00:30:00,96802.28,96821.44,96498.69,96523.66,304.01
2025-02-07 00:45:00,96523.66,96617.5,96420.15,96522.91,392.72
2025-02-07 01:00:00,96522.91,96857.32,96514.83,96776.93,337.95
2025-02-07 01:15:00,96776.93,96851.87,96644.42,96720.24,261.37
2025-02-07 01:30:00,96720.24,96878.26,96559.5,96806.92,329.59
2025-02-07 01:45:00,96806.92,97809.49,96753.5,97422.51,740.43
2025-02-07 02:00:00,97422.51,97619.76,97206.18,97269.5,637.94
2025-02-07 02:15:00,97269.5,97518.95,97086.72,97414.18,381.78
2025-02-07 02:30:00,97414.18,97517.5,97341.2,97455.65,319.54
2025-02-07 02:45:00,97455.65,97629.5,97393.42,97585.09,219.67
2025-02-07 03:00:00,97585.09,97775.99,97477.29,97588.37,300.68
2025-02-07 03:15:00,97588.37,97697.49,97421.5,97437.53,237.71
2025-02-07 03:30:00,97437.53,97437.53,97259.5,97306.23,242.94
2025-02-07 03:45:00,97306.23,97462.35,97306.23,97444.46,175.91
2025-02-07 04:00:00,97444.46,97711.37,97396.52,97680.82,300.21
2025-02-07 04:15:00,97680.82,97765.96,97595.95,97636.28,199.47
2025-02-07 04:30:00,97636.28,97883.07,97502.96,97553.56,252.07
2025-02-07 04:45:00,97553.56,97625.5,97444.28,97462.19,183.99
2025-02-07 05:00:00,97462.19,97546.25,97322.36,97325.1,219.17
2025-02-07 05:15:00,97325.1,97394.51,97210.5,97220.24,245.47
2025-02-07 05:30:00,97220.24,97401.5,97151.63,97359.77,237.1
2025-02-07 05:45:00,97359.77,97365.5,97239.43,97322.82,163.87
2025-02-07 06:00:00,97322.82,97369.13,97174.18,97289.38,205.91
2025-02-07 06:15:00,97289.38,97355.24,96718.34,96813.67,396.89
2025-02-07 06:30:00,96813.67,96989.49,96590.04,96748.71,489.21
2025-02-07 06:45:00,96748.71,96885.51,96621.61,96756.37,383.58
2025-02-07 07:00:00,96756.37,97077.03,96722.2,96920.01,314.89
2025-02-07 07:15:00,96920.01,97219.73,96920.01,96943.5,345.21
2025-02-07 07:30:00,96943.5,97027.48,96707.52,96819.35,339.28
2025-02-07 07:45:00,96819.35,96871.27,96658.31,96766.54,253.52
2025-02-07 08:00:00,96766.54,96958.39,96623.07,96803.5,382.43
2025-02-07 08:15:00,96803.5,96942.1,96759.49,96873.51,301.49
2025-02-07 08:30:00,96873.51,97129.5,96871.93,97129.5,317.37
2025-02-07 08:45:00,97129.5,97268.26,97005.0,97030.51,280.05
2025-02-07 09:00:00,97030.51,97253.96,97030.51,97248.62,198.8
2025-02-07 09:15:00,97248.62,97389.5,97219.76,97291.49,227.81
2025-02-07 09:30:00,97291.49,97389.48,97174.4,97330.68,215.27
2025-02-07 09:45:00,97330.68,97390.15,97276.01,97304.73,143.46
2025-02-07 10:00:00,97304.73,97396.75,97271.53,97279.7,257.16
2025-02-07 10:15:00,97279.7,97489.46,97264.15,97426.66,225.92
2025-02-07 10:30:00,97426.66,97490.75,97346.45,97346.45,231.42
2025-02-07 10:45:00,97346.45,97370.5,97259.5,97271.01,179.94
2025-02-07 11:00:00,97271.01,97683.03,97271.01,97649.03,203.02
2025-02-07 11:15:00,97649.03,97720.42,97609.5,97649.0,145.11
2025-02-07 11:30:00,97649.0,97695.98,97578.4,97627.95,138.15
2025-02-07 11:45:00,97627.95,97749.5,97627.95,97747.47,132.46
2025-02-07 12:00:00,97747.47,97903.23,97623.29,97641.07,188.38
2025-02-07 12:15:00,97641.07,97720.81,97521.5,97707.45,186.58
2025-02-07 12:30:00,97707.45,97982.68,97695.01,97982.68,163.57
2025-02-07 12:45:00,97982.68,98045.5,97878.26,97941.55,181.49
2025-02-07 13:00:00,97941.55,98011.77,97630.29,97639.65,268.93
2025-02-07 13:15:00,97639.65,97743.96,97546.77,97689.49,301.59
2025-02-07 13:30:00,97689.49,98539.51,97186.02,98347.49,1731.92
2025-02-07 13:45:00,98347.49,98859.5,98183.04,98837.51,844.44
2025-02-07 14:00:00,98837.51,99622.54,98697.92,99577.04,1061.24
2025-02-07 14:15:00,99577.04,99996.28,99561.29,99667.49,913.32
2025-02-07 14:30:00,99667.49,99935.83,99179.56,99935.83,1337.02
2025-02-07 14:45:00,99935.83,100140.23,99647.58,99729.49,1173.44
2025-02-07 15:00:00,99729.49,99729.49,98286.51,98422.0,1883.79
2025-02-07 15:15:00,98422.0,98596.36,97625.77,98491.51,1509.99
2025-02-07 15:30:00,98491.51,98872.77,98259.04,98669.71,1169.24
2025-02-07 15:45:00,98669.71,99211.82,98009.5,98285.12,1672.06
2025-02-07 16:00:00,98285.12,98331.49,97659.23,97900.8,1455.2
2025-02-07 16:15:00,97900.8,98570.81,97891.86,98051.5,1031.84
2025-02-07 16:30:00,98051.5,98367.78,97879.5,98017.75,1053.68
2025-02-07 16:45:00,98017.75,98061.67,97696.9,97830.36,839.5
2025-02-07 17:00:00,97830.36,98174.74,97635.49,98004.97,1176.86
2025-02-07 17:15:00,98004.97,98043.5,97157.51,97445.5,1335.57
2025-02-07 17:30:00,97445.5,97676.55,97299.51,97585.58,817.98
2025-02-07 17:45:00,97585.58,97759.18,97411.67,97444.28,489.42
2025-02-07 18:00:00,97444.28,97874.89,97309.51,97863.96,550.39
2025-02-07 18:15:00,97863.96,98004.09,97759.79,97891.85,335.79
2025-02-07 18:30:00,97891.85,98355.38,97859.69,98089.48,566.49
2025-02-07 18:45:00,98089.48,98206.62,97676.16,97753.17,680.92
2025-02-07 19:00:00,97753.17,97832.25,97269.72,97414.37,690.02
2025-02-07 19:15:00,97414.37,97542.09,97231.74,97487.58,487.86
2025-02-07 19:30:00,97487.58,97533.0,96881.6,97034.67,465.69
2025-02-07 19:45:00,97034.67,97194.61,96915.31,96917.74,390.5
2025-02-07 20:00:00,96917.74,96941.91,96249.66,96339.37,766.36
2025-02-07 20:15:00,96339.37,96569.5,96180.85,96196.89,618.61
2025-02-07 20:30:00,96196.89,96251.37,95814.62,96009.5,1225.72
2025-02-07 20:45:00,96009.5,96123.55,95637.63,95769.5,754.05
2025-02-07 21:00:00,95769.5,96063.06,95713.21,96036.48,487.07
2025-02-07 21:15:00,96036.48,96164.57,95789.72,95821.48,451.63
2025-02-07 21:30:00,95821.48,96073.51,95713.26,95873.15,415.62
2025-02-07 21:45:00,95873.15,96027.94,95709.5,96001.18,249.0
2025-02-07 22:00:00,96001.18,96014.23,95679.91,95790.79,542.57
2025-02-07 22:15:00,95790.79,95897.0,95704.01,95865.59,385.16
2025-02-07 22:30:00,95865.59,95899.49,95641.73,95864.5,390.49
2025-02-07 22:45:00,95864.5,96110.36,95805.83,96072.26,157.45
2025-02-07 23:00:00,96072.26,96199.7,95876.3,96199.7,321.89
2025-02-07 23:15:00,96199.7,96263.26,96057.51,96244.74,264.06
2025-02-07 23:30:00,96244.74,96468.24,96129.5,96443.24,274.83
2025-02-07 23:45:00,96443.24,96524.1,96330.42,96514.72,186.92
2025-02-08 00:00:00,96514.72,96527.64,96379.72,96451.1,248.08
2025-02-08 00:15:00,96451.1,96859.5,96346.72,96709.5,385.05
2025-02-08 00:30:00,96709.5,96837.49,96592.67,96749.88,291.04
2025-02-08 00:45:00,96749.88,96773.27,96609.5,96659.64,227.46
2025-02-08 01:00:00,96659.64,96751.22,96552.51,96557.48,302.27
2025-02-08 01:15:00,96557.48,96731.5,96409.5,96659.5,274.83
2025-02-08 01:30:00,96659.5,96790.72,96659.5,96660.5,181.42
2025-02-08 01:45:00,96660.5,96715.74,96484.17,96518.7,167.16
2025-02-08 02:00:00,96518.7,96573.69,96409.5,96452.02,206.37
2025-02-08 02:15:00,96452.02,96745.5,96438.4,96726.9,187.99
2025-02-08 02:30:00,96726.9,96726.9,96520.77,96596.46,151.57
2025-02-08 02:45:00,96596.46,96821.5,96509.5,96753.49,140.82
2025-02-08 03:00:00,96753.49,96888.69,96753.49,96861.5,129.06
2025-02-08 03:15:00,96861.5,96861.5,96551.52,96589.76,198.02
2025-02-08 03:30:00,96589.76,96706.21,96555.82,96696.47,125.45
2025-02-08 03:45:00,96696.47,96728.18,96639.7,96708.73,98.52
2025-02-08 04:00:00,96708.73,96708.73,96557.5,96637.51,156.79
2025-02-08 04:15:00,96637.51,96637.51,96525.5,96526.25,93.66
2025-02-08 04:30:00,96526.25,96526.25,96231.5,96303.83,215.92
2025-02-08 04:45:00,96303.83,96423.99,96279.42,96309.5,168.42
2025-02-08 05:00:00,96309.5,96335.99,96125.71,96222.0,234.18
2025-02-08 05:15:00,96222.0,96323.89,96131.06,96205.5,171.76
2025-02-08 05:30:00,96205.5,96296.9,96075.14,96285.61,254.25
2025-02-08 05:45:00,96285.61,96376.16,96194.65,96220.57,161.88
2025-02-08 06:00:00,96220.57,96220.57,96109.5,96121.52,150.99
2025-02-08 06:15:00,96121.52,96231.45,96074.22,96144.94,160.95
2025-02-08 06:30:00,96144.94,96172.55,96096.79,96162.93,68.54
2025-02-08 06:45:00,96162.93,96177.26,95903.97,96007.44,133.3
2025-02-08 07:00:00,96007.44,96096.97,95909.49,95953.5,139.37
2025-02-08 07:15:00,95953.5,96038.34,95794.59,96009.5,197.48
2025-02-08 07:30:00,96009.5,96271.56,96009.5,96155.49,174.73
2025-02-08 07:45:00,96155.49,96320.36,96155.49,96219.41,154.1
2025-02-08 08:00:00,96219.41,96302.98,96146.91,96167.98,141.53
2025-02-08 08:15:00,96167.98,96205.16,96084.06,96205.15,134.02
2025-02-08 08:30:00,96205.15,96235.66,95957.48,96032.13,110.58
2025-02-08 08:45:00,96032.13,96073.91,95889.19,95895.49,129.08
2025-02-08 09:00:00,95895.49,96058.66,95895.49,96019.17,170.7
2025-02-08 09:15:00,96019.17,96211.28,96019.17,96195.76,96.99
2025-02-08 09:30:00,96195.76,96195.76,96090.6,96135.99,57.87
2025-02-08 09:45:00,96135.99,96168.79,96047.07,96168.79,85.33
2025-02-08 10:00:00,96168.79,96266.54,96140.5,96216.88,116.3
2025-02-08 10:15:00,96216.88,96284.75,96193.61,96230.33,65.72
2025-02-08 10:30:00,96230.33,96295.48,96112.3,96181.56,246.65
2025-02-08 10:45:00,96181.56,96220.69,96019.53,96060.13,148.67
2025-02-08 11:00:00,96060.13,96122.45,96009.5,96071.5,92.99
2025-02-08 11:15:00,96071.5,96095.56,95899.5,95899.5,91.79
2025-02-08 11:30:00,95899.5,96010.08,95879.08,95932.29,112.35
2025-02-08 11:45:00,95932.29,96120.62,95875.21,96120.61,141.59
2025-02-08 12:00:00,96120.61,96279.77,95980.22,96098.37,237.31
2025-02-08 12:15:00,96098.37,96128.89,95959.88,96021.0,163.17
2025-02-08 12:30:00,96021.0,96056.1,95906.3,95944.94,200.25
2025-02-08 12:45:00,95944.94,96093.46,95941.0,96068.74,179.85
2025-02-08 13:00:00,96068.74,96229.5,96021.08,96182.81,155.65
2025-02-08 13:15:00,96182.81,96209.49,96116.53,96199.87,95.01
2025-02-08 13:30:00,96199.87,96518.71,96173.58,96427.82,156.57
2025-02-08 13:45:00,96427.82,96427.82,96221.5,96256.2,179.07
2025-02-08 14:00:00,96256.2,96386.1,96166.04,96259.02,188.43
2025-02-08 14:15:00,96259.02,96259.02,95959.72,96024.7,234.68
2025-02-08 14:30:00,96024.7,96091.88,95959.72,96066.1,203.61
2025-02-08 14:45:00,96066.1,96122.49,95989.48,96100.84,208.17
2025-02-08 15:00:00,96100.84,96209.38,95977.99,96139.32,169.7
2025-02-08 15:15:00,96139.32,96179.31,95931.91,95931.91,127.18
2025-02-08 15:30:00,95931.91,95931.91,95702.77,95754.95,381.09
2025-02-08 15:45:00,95754.95,95854.24,95730.39,95854.24,174.65
2025-02-08 16:00:00,95854.24,96025.5,95854.24,95943.49,219.41
2025-02-08 16:15:00,95943.49,96009.5,95759.5,95982.0,210.63
2025-02-08 16:30:00,95982.0,96024.5,95916.92,95960.69,144.04
2025-02-08 16:45:00,95960.69,96134.97,95932.89,96134.97,282.05
2025-02-08 17:00:00,96134.97,96379.51,96134.97,96287.26,233.84
2025-02-08 17:15:00,96287.26,96287.26,96161.57,96195.81,181.64
2025-02-08 17:30:00,96195.81,96355.48,96195.81,96275.22,198.25
2025-02-08 17:45:00,96275.22,96387.56,96262.03,96384.29,163.66
2025-02-08 18:00:00,96384.29,96453.56,96270.77,96290.03,164.21
2025-02-08 18:15:00,96290.03,96468.96,96244.73,96405.72,108.77
2025-02-08 18:30:00,96405.72,96534.72,96391.04,96474.94,118.07
2025-02-08 18:45:00,96474.94,96521.5,96414.13,96521.49,108.9
2025-02-08 19:00:00,96521.49,96539.16,96408.77,96499.21,97.93
2025-02-08 19:15:00,96499.21,96683.07,96495.55,96662.0,136.51
2025-02-08 19:30:00,96662.0,96752.11,96573.87,96573.87,96.19
2025-02-08 19:45:00,96573.87,96600.29,96516.36,96586.48,98.97
2025-02-08 20:00:00,96586.48,96648.39,96401.74,96414.49,127.12
2025-02-08 20:15:00,96414.49,96491.61,96380.12,96472.87,91.21
2025-02-08 20:30:00,96472.87,96472.87,96415.5,96420.82,87.28
2025-02-08 20:45:00,96420.82,96485.21,96368.01,96465.41,156.59
2025-02-08 21:00:00,96465.41,96582.72,96406.28,96406.28,140.58
2025-02-08 21:15:00,96406.28,96467.34,96373.51,96425.21,101.62
2025-02-08 21:30:00,96425.21,96550.42,96372.2,96531.96,116.8
2025-02-08 21:45:00,96531.96,96609.5,96474.4,96530.04,128.76
2025-02-08 22:00:00,96530.04,96721.5,96530.04,96636.88,131.4
2025-02-08 22:15:00,96636.88,96652.5,96491.41,96576.13,84.59
2025-02-08 22:30:00,96576.13,96576.13,96398.39,96398.39,117.3
2025-02-08 22:45:00,96398.39,96481.2,96398.39,96480.68,42.72
2025-02-08 23:00:00,96480.68,96547.65,96471.59,96547.64,28.37
2025-02-08 23:15:00,96547.64,96636.16,96547.64,96573.88,42.49
2025-02-08 23:30:00,96573.88,96696.51,96573.3,96687.5,118.85
2025-02-08 23:45:00,96687.5,96687.5,96439.94,96448.21,206.11
2025-02-09 00:00:00,96448.21,96518.94,96417.66,96469.49,225.85
2025-02-09 00:15:00,96469.49,96520.16,96369.64,96398.93,140.23
2025-02-09 00:30:00,96398.93,96521.53,96373.57,96491.19,85.34
2025-02-09 00:45:00,96491.19,96594.4,96481.18,96577.5,90.64
2025-02-09 01:00:00,96577.5,96722.27,96494.11,96717.85,131.75
2025-02-09 01:15:00,96717.85,96893.49,96633.07,96886.7,158.7
2025-02-09 01:30:00,96886.7,96886.7,96714.99,96714.99,149.54
2025-02-09 01:45:00,96714.99,97001.87,96632.14,97001.87,131.47
2025-02-09 02:00:00,97001.87,97051.96,96833.27,96855.7,316.56
2025-02-09 02:15:00,96855.7,96933.68,96730.89,96730.89,115.73
2025-02-09 02:30:00,96730.89,96840.24,96721.4,96775.3,155.51
2025-02-09 02:45:00,96775.3,96835.67,96697.31,96736.81,89.11
2025-02-09 03:00:00,96736.81,96903.0,96713.71,96767.11,170.87
2025-02-09 03:15:00,96767.11,96919.32,96716.5,96913.22,144.17
2025-02-09 03:30:00,96913.22,97184.88,96885.34,97184.87,391.99
2025-02-09 03:45:00,97184.87,97309.49,97100.98,97309.49,393.85
2025-02-09 04:00:00,97309.49,97332.58,97087.41,97087.41,366.87
2025-02-09 04:15:00,97087.41,97111.11,96973.72,97059.1,104.42
2025-02-09 04:30:00,97059.1,97142.11,97004.33,97136.69,89.89
2025-02-09 04:45:00,97136.69,97312.41,97102.48,97230.08,104.01
2025-02-09 05:00:00,97230.08,97230.08,97113.5,97113.5,70.45
2025-02-09 05:15:00,97113.5,97194.9,97040.7,97040.7,111.21
2025-02-09 05:30:00,97040.7,97112.99,97023.24,97077.49,59.11
2025-02-09 05:45:00,97077.49,97107.44,97009.5,97033.64,54.92
2025-02-09 06:00:00,97033.64,97068.08,96851.95,96886.88,159.85
2025-02-09 06:15:00,96886.88,96969.5,96793.9,96911.49,130.89
2025-02-09 06:30:00,96911.49,96965.39,96821.35,96965.39,72.16
2025-02-09 06:45:00,96965.39,97077.54,96922.11,97018.5,69.15
2025-02-09 07:00:00,97018.5,97043.49,96942.38,97030.09,54.5
2025-02-09 07:15:00,97030.09,97050.17,96973.83,97039.67,66.06
2025-02-09 07:30:00,97039.67,97137.43,97015.69,97087.56,118.14
2025-02-09 07:45:00,97087.56,97130.38,97054.44,97067.32,67.96
2025-02-09 08:00:00,97067.32,97303.95,97067.32,97213.59,138.92
2025-02-09 08:15:00,97213.59,97259.49,97184.8,97235.92,59.98
2025-02-09 08:30:00,97235.92,97235.92,97094.2,97117.64,129.89
2025-02-09 08:45:00,97117.64,97204.72,97065.05,97095.49,140.26
2025-02-09 09:00:00,97095.49,97095.49,96899.8,97020.37,195.83
2025-02-09 09:15:00,97020.37,97024.18,96913.5,97005.38,99.39
2025-02-09 09:30:00,97005.38,97026.17,96909.51,96929.5,128.76
2025-02-09 09:45:00,96929.5,97014.63,96915.48,96940.58,91.15
2025-02-09 10:00:00,96940.58,96940.58,96666.29,96827.15,272.49
2025-02-09 10:15:00,96827.15,96833.14,96693.5,96799.65,122.31
2025-02-09 10:30:00,96799.65,96922.7,96788.92,96857.86,78.75
2025-02-09 10:45:00,96857.86,96897.5,96764.47,96771.5,109.12
2025-02-09 11:00:00,96771.5,97026.9,96771.5,96807.66,286.3
2025-02-09 11:15:00,96807.66,96869.49,96776.45,96776.45,102.24
2025-02-09 11:30:00,96776.45,96776.45,96590.36,96595.5,98.63
2025-02-09 11:45:00,96595.5,96669.5,96546.8,96563.5,115.27
2025-02-09 12:00:00,96563.5,96653.35,96407.06,96651.69,208.37
2025-02-09 12:15:00,96651.69,96712.6,96578.86,96619.5,106.89
2025-02-09 12:30:00,96619.5,96619.5,96412.44,96475.7,179.32
2025-02-09 12:45:00,96475.7,96541.78,96412.44,96541.78,167.75
2025-02-09 13:00:00,96541.78,96551.51,96397.14,96397.14,158.5
2025-02-09 13:15:00,96397.14,96402.96,96200.57,96200.57,203.73
2025-02-09 13:30:00,96200.57,96296.74,96109.5,96109.5,203.11
2025-02-09 13:45:00,96109.5,96135.87,95823.5,95887.42,348.36
2025-02-09 14:00:00,95887.42,96120.61,95709.51,96114.47,302.85
2025-02-09 14:15:00,96114.47,96309.51,95978.91,96070.29,280.75
2025-02-09 14:30:00,96070.29,96125.26,96007.34,96067.76,188.87
2025-02-09 14:45:00,96067.76,96149.5,96010.0,96144.73,183.67
2025-02-09 15:00:00,96144.73,96427.12,96119.43,96346.1,234.98
2025-02-09 15:15:00,96346.1,96559.27,96274.2,96395.37,215.61
2025-02-09 15:30:00,96395.37,96659.01,96347.53,96614.71,197.84
2025-02-09 15:45:00,96614.71,96614.71,96454.86,96497.64,187.84
2025-02-09 16:00:00,96497.64,96547.53,96372.72,96547.53,195.12
2025-02-09 16:15:00,96547.53,96547.53,96409.53,96450.08,175.1
2025-02-09 16:30:00,96450.08,96489.48,96336.46,96443.5,132.0
2025-02-09 16:45:00,96443.5,96523.02,96443.5,96450.62,120.12
2025-02-09 17:00:00,96450.62,96577.3,96413.91,96413.91,160.76
2025-02-09 17:15:00,96413.91,96413.91,96170.4,96217.05,256.87
2025-02-09 17:30:00,96217.05,96237.47,95927.49,96044.28,317.27
2025-02-09 17:45:00,96044.28,96249.5,96009.5,96180.67,184.39
2025-02-09 18:00:00,96180.67,96180.67,96023.75,96023.75,147.02
2025-02-09 18:15:00,96023.75,96154.15,95991.5,96069.44,175.71
2025-02-09 18:30:00,96069.44,96280.85,96059.85,96267.32,156.64
2025-02-09 18:45:00,96267.32,96267.32,96172.6,96216.93,112.66
2025-02-09 19:00:00,96216.93,96276.57,96141.57,96234.33,100.54
2025-02-09 19:15:00,96234.33,96234.33,96034.5,96042.69,99.27
2025-02-09 19:30:00,96042.69,96129.5,95898.38,95993.5,180.07
2025-02-09 19:45:00,95993.5,96081.67,95923.89,96074.23,132.97
2025-02-09 20:00:00,96074.23,96226.8,96058.7,96210.5,138.82
2025-02-09 20:15:00,96210.5,96610.6,96136.66,96531.05,192.09
2025-02-09 20:30:00,96531.05,96746.88,96405.72,96463.72,278.92
2025-02-09 20:45:00,96463.72,96463.72,96242.98,96344.34,134.32
2025-02-09 21:00:00,96344.34,96344.34,96193.58,96254.78,90.96
2025-02-09 21:15:00,96254.78,96267.3,95953.94,95966.31,210.64
2025-02-09 21:30:00,95966.31,95998.95,95010.5,95039.57,809.25
2025-02-09 21:45:00,95039.57,95295.68,94739.03,95183.28,1228.35
2025-02-09 22:00:00,95183.28,95524.83,94813.45,95446.6,889.12
2025-02-09 22:15:00,95446.6,95729.09,95295.11,95729.08,461.95
2025-02-09 22:30:00,95729.08,96460.24,95475.34,96409.5,432.27
2025-02-09 22:45:00,96409.5,96409.5,95547.62,95845.75,583.4
2025-02-09 23:00:00,95845.75,96149.52,95731.73,96095.93,591.2
2025-02-09 23:15:00,96095.93,96165.59,95997.73,96072.71,295.78
2025-02-09 23:30:00,96072.71,96375.38,96066.1,96334.28,242.06
2025-02-09 23:45:00,96334.28,96575.49,96297.02,96467.55,341.09
2025-02-10 00:00:00,96467.55,97102.1,96461.59,96956.15,619.85
2025-02-10 00:15:00,96956.15,97135.7,96725.5,96725.5,432.71
2025-02-10 00:30:00,96725.5,96953.49,96628.97,96801.94,374.67
2025-02-10 00:45:00,96801.94,96913.86,96716.09,96727.48,263.02
2025-02-10 01:00:00,96727.48,96842.83,96453.0,96489.61,338.04
2025-02-10 01:15:00,96489.61,96509.49,96135.97,96209.5,294.67
2025-02-10 01:30:00,96209.5,96384.99,95486.2,95548.26,505.81
2025-02-10 01:45:00,95548.26,95889.5,95265.5,95581.79,946.63
2025-02-10 02:00:00,95581.79,95779.99,95428.97,95507.95,597.18
2025-02-10 02:15:00,95507.95,95764.23,95481.06,95611.46,476.81
2025-02-10 02:30:00,95611.46,96037.25,95526.69,95964.32,452.42
2025-02-10 02:45:00,95964.32,96076.84,95707.81,95809.08,377.84
2025-02-10 03:00:00,95809.08,96075.36,95771.5,96002.27,395.16
2025-02-10 03:15:00,96002.27,96443.9,95964.17,96391.63,343.06
2025-02-10 03:30:00,96391.63,97097.99,96391.63,97001.51,1040.25
2025-02-10 03:45:00,97001.51,97083.79,96641.5,96816.74,486.65
2025-02-10 04:00:00,96816.74,96988.86,96642.31,96867.48,345.94
2025-02-10 04:15:00,96867.48,97066.31,96849.5,97041.49,259.65
2025-02-10 04:30:00,97041.49,97160.71,96814.06,96904.68,286.63
2025-02-10 04:45:00,96904.68,96983.12,96808.78,96944.94,235.16
2025-02-10 05:00:00,96944.94,97171.07,96777.5,97145.77,359.2
2025-02-10 05:15:00,97145.77,97215.44,96960.74,97029.5,165.1
2025-02-10 05:30:00,97029.5,97210.1,96959.6,97204.23,165.37
2025-02-10 05:45:00,97204.23,97645.05,96925.19,96999.54,621.16
2025-02-10 06:00:00,96999.54,97225.05,96809.5,96845.23,355.93
2025-02-10 06:15:00,96845.23,97133.78,96831.5,97030.84,222.49
2025-02-10 06:30:00,97030.84,97188.95,96957.53,97037.23,201.45
2025-02-10 06:45:00,97037.23,97176.17,97037.23,97143.5,170.73
2025-02-10 07:00:00,97143.5,97373.49,97143.5,97252.82,182.15
2025-02-10 07:15:00,97252.82,97261.2,97118.38,97200.38,158.59
2025-02-10 07:30:00,97200.38,97351.2,97122.7,97292.01,154.16
2025-02-10 07:45:00,97292.01,97492.37,97244.29,97431.52,158.02
2025-02-10 08:00:00,97431.52,97881.33,97368.29,97764.79,379.12
2025-02-10 08:15:00,97764.79,97908.24,97586.37,97730.14,286.89
2025-02-10 08:30:00,97730.14,97876.12,97561.5,97838.99,231.09
2025-02-10 08:45:00,97838.99,97875.32,97661.51,97689.5,240.9
2025-02-10 09:00:00,97689.5,97855.3,97689.5,97731.44,176.75
2025-02-10 09:15:00,97731.44,97887.78,97655.97,97673.49,186.67
2025-02-10 09:30:00,97673.49,97701.5,97515.74,97581.51,232.39
2025-02-10 09:45:00,97581.51,97685.5,97467.5,97674.28,189.73
2025-02-10 10:00:00,97674.28,97862.75,97599.44,97832.07,181.28
2025-02-10 10:15:00,97832.07,97960.71,97726.48,97925.22,188.77
2025-02-10 10:30:00,97925.22,97930.12,97696.42,97785.25,276.89
2025-02-10 10:45:00,97785.25,97859.49,97717.15,97728.15,191.65
2025-02-10 11:00:00,97728.15,97867.66,97624.13,97680.32,270.63
2025-02-10 11:15:00,97680.32,97855.37,97634.5,97839.49,237.37
2025-02-10 11:30:00,97839.49,97903.32,97795.5,97819.28,131.99
2025-02-10 11:45:00,97819.28,97879.99,97650.42,97670.65,183.48
2025-02-10 12:00:00,97670.65,97794.29,97601.5,97605.5,196.77
2025-02-10 12:15:00,97605.5,97645.49,97497.97,97581.5,166.2
2025-02-10 12:30:00,97581.5,97581.5,97277.87,97339.02,300.06
2025-02-10 12:45:00,97339.02,97420.38,97191.68,97368.08,262.58
2025-02-10 13:00:00,97368.08,97605.77,97365.53,97581.49,249.6
2025-02-10 13:15:00,97581.49,97669.49,97453.88,97500.64,279.75
2025-02-10 13:30:00,97500.64,97829.22,97423.1,97765.5,325.04
2025-02-10 13:45:00,97765.5,98352.53,97758.7,98222.67,663.42
2025-02-10 14:00:00,98222.67,98310.04,97725.18,97735.22,612.19
2025-02-10 14:15:00,97735.22,97819.69,97534.56,97744.16,420.35
2025-02-10 14:30:00,97744.16,98000.2,97249.21,97500.06,1154.11
2025-02-10 14:45:00,97500.06,97638.48,97083.92,97271.96,792.07
2025-02-10 15:00:00,97271.96,97575.15,97254.93,97500.22,654.98
2025-02-10 15:15:00,97500.22,97534.74,96963.09,97073.5,604.92
2025-02-10 15:30:00,97073.5,97203.85,96876.17,97095.58,554.61
2025-02-10 15:45:00,97095.58,97285.47,96953.94,97221.51,397.78
2025-02-10 16:00:00,97221.51,97389.0,97148.69,97190.09,479.92
2025-02-10 16:15:00,97190.09,97190.09,97019.5,97053.5,337.95
2025-02-10 16:30:00,97053.5,97139.41,96875.89,97139.41,334.19
2025-02-10 16:45:00,97139.41,97378.82,97084.89,97310.24,245.92
2025-02-10 17:00:00,97310.24,97379.75,96913.49,96983.99,408.42
2025-02-10 17:15:00,96983.99,97299.43,96893.51,97286.56,334.73
2025-02-10 17:30:00,97286.56,97359.52,97194.0,97251.47,257.09
2025-02-10 17:45:00,97251.47,97524.56,97201.93,97503.33,324.46
2025-02-10 18:00:00,97503.33,97559.76,97300.31,97300.31,366.6
2025-02-10 18:15:00,97300.31,97482.29,97195.54,97482.29,346.14
2025-02-10 18:30:00,97482.29,97536.38,97248.4,97273.65,295.9
2025-02-10 18:45:00,97273.65,97559.49,97257.7,97559.48,275.03
2025-02-10 19:00:00,97559.48,97625.2,97464.91,97607.49,309.36
2025-02-10 19:15:00,97607.49,97630.95,97537.81,97609.5,194.68
2025-02-10 19:30:00,97609.5,97646.35,97409.5,97409.5,212.29
2025-02-10 19:45:00,97409.5,97432.47,97275.41,97385.49,209.48
2025-02-10 20:00:00,97385.49,97437.94,97296.95,97420.79,187.34
2025-02-10 20:15:00,97420.79,97466.28,97229.37,97285.18,197.48
2025-02-10 20:30:00,97285.18,97478.91,97279.07,97478.91,138.55
2025-02-10 20:45:00,97478.91,97499.28,97315.53,97341.45,216.56
2025-02-10 21:00:00,97341.45,97358.03,97262.07,97287.52,78.62
2025-02-10 21:15:00,97287.52,97309.5,97138.29,97303.43,114.03
2025-02-10 21:30:00,97303.43,97315.21,97209.51,97288.11,117.4
2025-02-10 21:45:00,97288.11,97387.79,97153.54,97381.5,127.12
2025-02-10 22:00:00,97381.5,97395.04,97293.86,97313.49,99.08
2025-02-10 22:15:00,97313.49,97500.06,97289.9,97500.06,89.57
2025-02-10 22:30:00,97500.06,97500.06,97326.39,97439.6,121.27
2025-02-10 22:45:00,97439.6,97447.87,97297.83,97399.75,119.87
2025-02-10 23:00:00,97399.75,97408.69,97249.5,97307.22,280.19
2025-02-10 23:15:00,97307.22,97449.5,97255.37,97255.37,170.58
2025-02-10 23:30:00,97255.37,97345.72,97255.37,97332.89,107.62
2025-02-10 23:45:00,97332.89,97447.34,97319.2,97440.32,84.33
2025-02-11 00:00:00,97440.32,97829.24,97426.12,97744.82,377.47
2025-02-11 00:15:00,97744.82,97864.92,97645.51,97777.31,302.6
2025-02-11 00:30:00,97777.31,98143.34,97745.64,97996.09,410.75
2025-02-11 00:45:00,97996.09,98065.5,97785.5,97795.71,244.58
2025-02-11 01:00:00,97795.71,98044.37,97792.62,97900.92,269.97
2025-02-11 01:15:00,97900.92,98103.1,97866.27,97985.0,201.32
2025-02-11 01:30:00,97985.0,98101.93,97915.8,98009.5,201.32
2025-02-11 01:45:00,98009.5,98087.81,97915.81,98003.73,161.83
2025-02-11 02:00:00,98003.73,98100.89,97868.55,97895.98,191.69
2025-02-11 02:15:00,97895.98,97918.35,97638.78,97658.58,257.96
2025-02-11 02:30:00,97658.58,97701.5,97474.17,97681.47,325.58
2025-02-11 02:45:00,97681.47,97886.08,97678.83,97765.5,239.99
2025-02-11 03:00:00,97765.5,97776.38,97533.15,97638.49,222.56
2025-02-11 03:15:00,97638.49,97714.97,97577.81,97577.81,167.84
2025-02-11 03:30:00,97577.81,97623.99,97489.66,97541.32,134.8
2025-02-11 03:45:00,97541.32,97637.79,97516.31,97619.6,126.44
2025-02-11 04:00:00,97619.6,97663.19,97568.68,97568.68,117.34
2025-02-11 04:15:00,97568.68,97649.49,97568.68,97623.89,353.57
2025-02-11 04:30:00,97623.89,98025.93,97623.89,97994.06,239.99
2025-02-11 04:45:00,97994.06,98202.75,97990.16,98074.85,282.87
2025-02-11 05:00:00,98074.85,98302.09,98020.09,98188.79,258.26
2025-02-11 05:15:00,98188.79,98271.79,98053.0,98244.14,210.94
2025-02-11 05:30:00,98244.14,98296.19,98122.02,98289.71,127.1
2025-02-11 05:45:00,98289.71,98486.52,98155.1,98418.47,213.75
2025-02-11 06:00:00,98418.47,98443.47,98190.4,98195.61,244.7
2025-02-11 06:15:00,98195.61,98333.55,98145.17,98304.97,124.77
2025-02-11 06:30:00,98304.97,98354.21,98253.65,98339.49,92.9
2025-02-11 06:45:00,98339.49,98485.0,98297.54,98433.82,185.58
2025-02-11 07:00:00,98433.82,98433.82,98332.42,98371.5,115.3
2025-02-11 07:15:00,98371.5,98422.91,98293.97,98417.93,194.81
2025-02-11 07:30:00,98417.93,98473.53,98346.98,98437.91,110.3
2025-02-11 07:45:00,98437.91,98437.91,98267.96,98278.48,142.09
2025-02-11 08:00:00,98278.48,98328.51,98159.5,98201.99,188.62
2025-02-11 08:15:00,98201.99,98227.75,98118.8,98118.8,107.01
2025-02-11 08:30:00,98118.8,98332.68,98118.8,98274.94,146.09
2025-02-11 08:45:00,98274.94,98274.94,98192.22,98225.88,156.28
2025-02-11 09:00:00,98225.88,98304.4,98225.88,98237.24,81.07
2025-02-11 09:15:00,98237.24,98257.83,98109.5,98198.67,63.12
2025-02-11 09:30:00,98198.67,98221.5,97932.59,97947.71,144.07
2025-02-11 09:45:00,97947.71,98120.95,97941.51,98009.49,191.28
2025-02-11 10:00:00,98009.49,98138.15,97979.2,98109.5,171.58
2025-02-11 10:15:00,98109.5,98134.62,97894.63,97921.99,142.91
2025-02-11 10:30:00,97921.99,98025.98,97921.99,97980.87,99.06
2025-02-11 10:45:00,97980.87,98042.46,97970.51,97970.74,95.65
2025-02-11 11:00:00,97970.74,98039.32,97903.89,97938.75,57.31
2025-02-11 11:15:00,97938.75,98099.5,97938.75,98094.78,86.76
2025-02-11 11:30:00,98094.78,98115.58,97979.9,98053.78,121.58
2025-02-11 11:45:00,98053.78,98241.5,98053.78,98161.01,96.0
2025-02-11 12:00:00,98161.01,98161.01,97821.49,97821.49,297.27
2025-02-11 12:15:00,97821.49,97909.31,97711.48,97720.9,289.51
2025-02-11 12:30:00,97720.9,97786.12,97689.99,97740.97,132.53
2025-02-11 12:45:00,97740.97,97859.5,97740.97,97775.62,95.95
2025-02-11 13:00:00,97775.62,97859.49,97670.26,97823.73,189.87
2025-02-11 13:15:00,97823.73,97837.66,97503.84,97544.2,260.8
2025-02-11 13:30:00,97544.2,97612.61,97259.8,97259.8,303.71
2025-02-11 13:45:00,97259.8,97335.62,96683.62,96811.53,703.41
2025-02-11 14:00:00,96811.53,97105.34,96605.03,96934.88,685.92
2025-02-11 14:15:00,96934.88,97035.31,96834.3,96903.79,276.09
2025-02-11 14:30:00,96903.79,97231.13,96783.08,97186.33,625.77
2025-02-11 14:45:00,97186.33,97330.82,96971.53,96971.53,474.07
2025-02-11 15:00:00,96971.53,97272.06,96640.89,96853.57,819.21
2025-02-11 15:15:00,96853.57,97176.16,96853.57,96937.85,465.22
2025-02-11 15:30:00,96937.85,97047.71,96804.56,96868.57,2508.63
2025-02-11 15:45:00,96868.57,97114.73,96865.82,97008.29,287.21
2025-02-11 16:00:00,97008.29,97048.32,96826.51,97020.64,285.98
2025-02-11 16:15:00,97020.64,97050.12,96497.26,96669.69,387.65
2025-02-11 16:30:00,96669.69,96669.69,96420.09,96518.22,495.5
2025-02-11 16:45:00,96518.22,96542.53,96312.5,96371.02,427.0
2025-02-11 17:00:00,96371.02,96404.77,96092.0,96092.96,565.73
2025-02-11 17:15:00,96092.96,96359.24,96081.45,96262.99,325.38
2025-02-11 17:30:00,96262.99,96315.15,96100.84,96118.19,289.49
2025-02-11 17:45:00,96118.19,96216.65,95959.88,96172.55,267.83
2025-02-11 18:00:00,96172.55,96172.55,95850.02,95923.49,349.69
2025-02-11 18:15:00,95923.49,95923.49,95617.51,95682.11,329.36
2025-02-11 18:30:00,95682.11,96057.54,95640.94,95717.48,355.09
2025-02-11 18:45:00,95717.48,95731.07,95419.42,95471.06,384.75
2025-02-11 19:00:00,95471.06,95667.74,95402.09,95415.54,445.94
2025-02-11 19:15:00,95415.54,95421.14,95009.51,95045.87,580.22
2025-02-11 19:30:00,95045.87,95224.54,94886.38,95064.39,788.85
2025-02-11 19:45:00,95064.39,95278.73,94936.44,95044.34,522.18
2025-02-11 20:00:00,95044.34,95332.17,94946.51,95218.74,563.79
2025-02-11 20:15:00,95218.74,95298.96,95039.19,95298.96,358.19
2025-02-11 20:30:00,95298.96,95448.77,95071.47,95071.47,329.13
2025-02-11 20:45:00,95071.47,95322.42,94990.54,95322.42,399.83
2025-02-11 21:00:00,95322.42,95500.76,95266.3,95456.15,334.07
2025-02-11 21:15:00,95456.15,95792.37,95447.49,95728.9,308.0
2025-02-11 21:30:00,95728.9,96234.62,95663.71,96234.62,333.26
2025-02-11 21:45:00,96234.62,96449.51,96084.97,96385.51,408.43
2025-02-11 22:00:00,96385.51,96515.88,96222.14,96222.14,249.66
2025-02-11 22:15:00,96222.14,96418.2,96159.51,96242.56,174.29
2025-02-11 22:30:00,96242.56,96242.56,95765.87,95823.38,372.65
2025-02-11 22:45:00,95823.38,96110.29,95363.53,95581.59,420.6
2025-02-11 23:00:00,95581.59,95811.5,95499.56,95802.45,481.55
2025-02-11 23:15:00,95802.45,95940.82,95749.13,95935.33,182.67
2025-02-11 23:30:00,95935.33,95971.04,95746.33,95746.33,172.3
2025-02-11 23:45:00,95746.33,95867.45,95746.33,95769.5,100.49
2025-02-12 00:00:00,95769.5,95985.1,95701.71,95984.1,199.69
2025-02-12 00:15:00,95984.1,96003.31,95684.57,95899.5,286.32
2025-02-12 00:30:00,95899.5,96033.49,95749.51,95939.2,304.23
2025-02-12 00:45:00,95939.2,96129.5,95929.43,96085.0,150.2
2025-02-12 01:00:00,96085.0,96159.5,95938.02,95938.02,256.14
2025-02-12 01:15:00,95938.02,95971.04,95827.19,95963.77,186.1
2025-02-12 01:30:00,95963.77,96038.65,95850.71,96038.65,159.02
2025-02-12 01:45:00,96038.65,96273.48,96038.65,96216.82,157.63
2025-02-12 02:00:00,96216.82,96216.82,96008.06,96060.5,176.45
2025-02-12 02:15:00,96060.5,96109.49,95957.25,96031.6,114.85
2025-02-12 02:30:00,96031.6,96073.11,95961.37,96015.49,124.24
2025-02-12 02:45:00,96015.49,96036.99,95400.99,95588.64,352.37
2025-02-12 03:00:00,95588.64,95682.19,95109.5,95392.34,524.53
2025-02-12 03:15:00,95392.34,95768.34,95392.34,95715.51,179.33
2025-02-12 03:30:00,95715.51,95715.51,95552.13,95624.15,179.81
2025-02-12 03:45:00,95624.15,95624.15,95295.56,95308.77,305.45
2025-02-12 04:00:00,95308.77,95530.14,95277.21,95530.14,331.04
2025-02-12 04:15:00,95530.14,95620.61,95314.1,95377.75,300.74
2025-02-12 04:30:00,95377.75,95458.28,95309.5,95433.78,207.22
2025-02-12 04:45:00,95433.78,95603.5,95433.78,95555.48,242.93
2025-02-12 05:00:00,95555.48,95810.19,95524.1,95783.09,254.81
2025-02-12 05:15:00,95783.09,95942.79,95683.01,95932.51,236.31
2025-02-12 05:30:00,95932.51,95932.51,95753.61,95776.12,256.96
2025-02-12 05:45:00,95776.12,95909.5,95776.12,95896.03,115.4
2025-02-12 06:00:00,95896.03,95940.88,95785.0,95929.02,158.94
2025-02-12 06:15:00,95929.02,95961.54,95794.47,95794.47,195.29
2025-02-12 06:30:00,95794.47,95896.3,95693.5,95896.3,134.38
2025-02-12 06:45:00,95896.3,95896.3,95763.71,95828.2,149.29
2025-02-12 07:00:00,95828.2,95933.99,95802.62,95852.6,137.87
2025-02-12 07:15:00,95852.6,96096.85,95852.6,96095.44,141.96
2025-02-12 07:30:00,96095.44,96189.13,96036.47,96076.95,176.09
2025-02-12 07:45:00,96076.95,96087.0,95959.52,96069.49,175.43
2025-02-12 08:00:00,96069.49,96280.19,96057.23,96229.44,209.0
2025-02-12 08:15:00,96229.44,96269.5,96148.09,96264.91,130.24
2025-02-12 08:30:00,96264.91,96384.18,96233.6,96349.06,151.28
2025-02-12 08:45:00,96349.06,96479.27,96298.45,96367.96,160.76
2025-02-12 09:00:00,96367.96,96382.0,96184.25,96249.0,246.96
2025-02-12 09:15:00,96249.0,96302.37,96039.69,96149.49,213.08
2025-02-12 09:30:00,96149.49,96201.8,96059.5,96199.56,105.17
2025-02-12 09:45:00,96199.56,96204.73,96109.22,96145.42,87.98
2025-02-12 10:00:00,96145.42,96192.57,96111.94,96122.7,138.45
2025-02-12 10:15:00,96122.7,96133.5,96042.05,96111.91,116.06
2025-02-12 10:30:00,96111.91,96198.17,96109.7,96109.7,70.2
2025-02-12 10:45:00,96109.7,96142.69,95922.99,95987.49,108.29
2025-02-12 11:00:00,95987.49,96235.92,95987.49,96166.69,447.16
2025-02-12 11:15:00,96166.69,96249.5,96153.82,96218.68,91.2
2025-02-12 11:30:00,96218.68,96339.5,96192.52,96309.51,63.63
2025-02-12 11:45:00,96309.51,96383.67,96047.23,96103.97,185.37
2025-02-12 12:00:00,96103.97,96233.56,96103.97,96211.35,89.93
2025-02-12 12:15:00,96211.35,96353.5,96153.48,96229.27,158.14
2025-02-12 12:30:00,96229.27,96266.5,96123.5,96174.52,142.75
2025-02-12 12:45:00,96174.52,96209.58,95953.95,95989.99,127.16
2025-02-12 13:00:00,95989.99,96001.93,95809.5,95966.32,338.8
2025-02-12 13:15:00,95966.32,96640.85,95966.32,96506.87,564.17
2025-02-12 13:30:00,96506.87,96576.59,94097.92,94519.65,2634.46
2025-02-12 13:45:00,94519.65,95231.99,94459.5,94984.87,1173.52
2025-02-12 14:00:00,94984.87,95205.5,94680.86,94931.5,1067.17
2025-02-12 14:15:00,94931.5,95089.13,94626.66,94717.22,845.9
2025-02-12 14:30:00,94717.22,95673.01,94509.58,95553.75,1356.26
2025-02-12 14:45:00,95553.75,95688.64,95254.57,95638.42,1049.51
2025-02-12 15:00:00,95638.42,95679.5,94732.02,94989.49,1397.77
2025-02-12 15:15:00,94989.49,95997.6,94885.5,95610.5,1293.47
2025-02-12 15:30:00,95610.5,95875.44,95537.5,95658.07,958.51
2025-02-12 15:45:00,95658.07,95843.22,95494.88,95820.83,633.72
2025-02-12 16:00:00,95820.83,95820.83,95266.32,95365.51,821.42
2025-02-12 16:15:00,95365.51,95637.86,95129.8,95394.1,793.03
2025-02-12 16:30:00,95394.1,95969.49,95372.53,95969.49,561.82
2025-02-12 16:45:00,95969.49,97095.68,95797.51,96995.5,847.13
2025-02-12 17:00:00,96995.5,97246.38,96784.38,97056.41,1431.93
2025-02-12 17:15:00,97056.41,97530.49,96837.53,97526.48,1103.11
2025-02-12 17:30:00,97526.48,97706.71,97130.71,97186.89,715.19
2025-02-12 17:45:00,97186.89,97579.59,97180.75,97360.25,458.25
2025-02-12 18:00:00,97360.25,97459.5,96866.49,97095.34,590.13
2025-02-12 18:15:00,97095.34,97124.64,96644.03,96819.45,802.66
2025-02-12 18:30:00,96819.45,96964.14,96634.5,96768.86,419.54
2025-02-12 18:45:00,96768.86,97059.12,96768.86,96930.92,313.97
2025-02-12 19:00:00,96930.92,96989.45,96363.88,96566.02,467.85
2025-02-12 19:15:00,96566.02,96817.64,96540.51,96758.05,311.79
2025-02-12 19:30:00,96758.05,96975.09,96758.05,96924.5,302.49
2025-02-12 19:45:00,96924.5,97281.8,96915.5,97205.99,368.57
2025-02-12 20:00:00,97205.99,97466.64,96981.5,97451.41,388.19
2025-02-12 20:15:00,97451.41,97629.5,97277.5,97424.06,514.11
2025-02-12 20:30:00,97424.06,97435.47,97038.86,97086.66,387.12
2025-02-12 20:45:00,97086.66,97132.03,96941.39,97026.32,523.85
2025-02-12 21:00:00,97026.32,97405.72,96864.47,97394.97,323.82
2025-02-12 21:15:00,97394.97,97599.49,97394.97,97440.7,245.47
2025-02-12 21:30:00,97440.7,97882.07,97440.7,97872.92,277.4
2025-02-12 21:45:00,97872.92,97918.48,97583.81,97656.0,281.69
2025-02-12 22:00:00,97656.0,97699.4,97476.16,97476.16,137.0
2025-02-12 22:15:00,97476.16,97959.5,97425.9,97959.5,535.79
2025-02-12 22:30:00,97959.5,98119.49,97582.5,97833.03,623.58
2025-02-12 22:45:00,97833.03,98060.93,97693.45,97816.07,533.44
2025-02-12 23:00:00,97816.07,98009.51,97787.86,97991.06,429.52
2025-02-12 23:15:00,97991.06,97991.06,97682.58,97709.6,238.32
2025-02-12 23:30:00,97709.6,97766.05,97592.7,97739.79,236.62
2025-02-12 23:45:00,97739.79,97896.29,97641.38,97879.5,162.15
2025-02-13 00:00:00,97879.5,97879.5,97543.58,97556.66,263.57
2025-02-13 00:15:00,97556.66,97762.46,97556.66,97726.15,241.34
2025-02-13 00:30:00,97726.15,97809.52,97635.17,97672.72,172.29
2025-02-13 00:45:00,97672.72,97828.4,97581.58,97828.4,235.29
2025-02-13 01:00:00,97828.4,97907.99,97770.3,97900.35,126.51
2025-02-13 01:15:00,97900.35,97922.2,97759.53,97896.29,258.36
2025-02-13 01:30:00,97896.29,97904.87,97769.5,97824.61,206.82
2025-02-13 01:45:00,97824.61,98090.01,97824.61,97995.68,320.97
2025-02-13 02:00:00,97995.68,97995.68,97731.72,97802.22,181.53
2025-02-13 02:15:00,97802.22,97849.82,97649.38,97649.38,366.19
2025-02-13 02:30:00,97649.38,97730.48,97609.51,97609.51,102.64
2025-02-13 02:45:00,97609.51,97683.12,97376.96,97475.02,184.19
2025-02-13 03:00:00,97475.02,97629.5,97475.02,97580.19,164.68
2025-02-13 03:15:00,97580.19,97640.52,97459.85,97481.0,122.82
2025-02-13 03:30:00,97481.0,97583.38,97452.56,97536.41,151.15
2025-02-13 03:45:00,97536.41,97613.94,97490.57,97507.92,114.82
2025-02-13 04:00:00,97507.92,97570.58,97441.81,97482.61,146.34
2025-02-13 04:15:00,97482.61,97500.74,97340.08,97340.78,194.34
2025-02-13 04:30:00,97340.78,97340.78,97140.08,97176.93,180.53
2025-02-13 04:45:00,97176.93,97183.06,96778.74,96936.96,332.63
2025-02-13 05:00:00,96936.96,96936.96,96521.74,96783.52,403.48
2025-02-13 05:15:00,96783.52,96864.32,96579.52,96827.19,256.55
2025-02-13 05:30:00,96827.19,96827.19,96671.43,96740.69,206.4
2025-02-13 05:45:00,96740.69,96817.5,96639.63,96675.87,129.41
2025-02-13 06:00:00,96675.87,96757.51,96380.46,96582.71,333.06
2025-02-13 06:15:00,96582.71,96608.01,96473.16,96538.98,184.97
2025-02-13 06:30:00,96538.98,96538.98,96073.51,96174.51,428.2
2025-02-13 06:45:00,96174.51,96174.51,95809.5,96064.45,529.04
2025-02-13 07:00:00,96064.45,96238.48,95931.9,96164.09,392.41
2025-02-13 07:15:00,96164.09,96166.79,95953.94,96058.25,299.68
2025-02-13 07:30:00,96058.25,96213.95,95936.32,96103.3,298.87
2025-02-13 07:45:00,96103.3,96192.6,95998.16,96079.73,215.17
2025-02-13 08:00:00,96079.73,96184.84,95995.22,96016.57,263.15
2025-02-13 08:15:00,96016.57,96134.14,95859.51,96037.9,430.64
2025-02-13 08:30:00,96037.9,96083.3,95909.51,95975.56,289.73
2025-02-13 08:45:00,95975.56,96038.95,95709.89,95953.12,432.34
2025-02-13 09:00:00,95953.12,96199.51,95800.81,96128.54,328.68
2025-02-13 09:15:00,96128.54,96208.22,96120.47,96151.51,174.73
2025-02-13 09:30:00,96151.51,96307.26,96104.71,96233.84,188.87
2025-02-13 09:45:00,96233.84,96275.86,96184.35,96267.16,141.07
2025-02-13 10:00:00,96267.16,96336.04,96176.16,96325.92,268.91
2025-02-13 10:15:00,96325.92,96333.5,96146.22,96211.48,280.97
2025-02-13 10:30:00,96211.48,96279.11,96112.64,96276.16,153.81
2025-02-13 10:45:00,96276.16,96276.16,96141.6,96161.87,187.4
2025-02-13 11:00:00,96161.87,96270.3,96092.26,96241.54,227.12
2025-02-13 11:15:00,96241.54,96297.53,96114.65,96114.65,180.59
2025-02-13 11:30:00,96114.65,96114.65,95815.5,96067.82,372.22
2025-02-13 11:45:00,96067.82,96116.35,95609.08,95938.0,530.06
2025-02-13 12:00:00,95938.0,96034.88,95763.84,95813.49,498.42
2025-02-13 12:15:00,95813.49,95909.76,95717.0,95879.49,375.03
2025-02-13 12:30:00,95879.49,96078.56,95869.73,95983.49,347.26
2025-02-13 12:45:00,95983.49,95989.54,95790.86,95820.82,261.14
2025-02-13 13:00:00,95820.82,95896.28,95761.3,95807.33,303.94
2025-02-13 13:15:00,95807.33,96004.35,95676.04,95833.5,327.05
2025-02-13 13:30:00,95833.5,96301.5,95768.55,96032.76,1157.64
2025-02-13 13:45:00,96032.76,96198.18,95826.54,96074.23,573.77
2025-02-13 14:00:00,96074.23,96113.5,95779.38,95864.26,523.98
2025-02-13 14:15:00,95864.26,95993.39,95761.97,95944.89,557.2
2025-02-13 14:30:00,95944.89,96038.54,95348.79,95990.67,1085.93
2025-02-13 14:45:00,95990.67,96105.49,95824.16,95866.22,764.58
2025-02-13 15:00:00,95866.22,96033.33,95556.49,95863.5,871.21
2025-02-13 15:15:00,95863.5,96489.55,95863.5,95977.48,791.38
2025-02-13 15:30:00,95977.48,96421.49,95895.73,96416.31,543.02
2025-02-13 15:45:00,96416.31,96427.98,95764.69,96003.49,657.47
2025-02-13 16:00:00,96003.49,96003.49,95620.16,95793.66,694.95
2025-02-13 16:15:00,95793.66,95815.1,95389.5,95468.96,645.61
2025-02-13 16:30:00,95468.96,95620.73,95309.66,95509.9,623.1
2025-02-13 16:45:00,95509.9,95629.14,95228.1,95368.72,515.5
2025-02-13 17:00:00,95368.72,95745.49,95311.5,95709.15,612.91
2025-02-13 17:15:00,95709.15,95886.73,95453.28,95818.74,559.65
2025-02-13 17:30:00,95818.74,95971.03,95703.51,95939.93,440.58
2025-02-13 17:45:00,95939.93,96017.52,95661.68,95701.47,395.38
2025-02-13 18:00:00,95701.47,95802.56,95489.5,95533.5,516.96
2025-02-13 18:15:00,95533.5,95788.56,95341.18,95704.14,612.34
2025-02-13 18:30:00,95704.14,95841.56,95461.11,95671.48,616.5
2025-02-13 18:45:00,95671.48,95988.44,95589.5,95973.5,628.81
2025-02-13 19:00:00,95973.5,96371.08,95957.51,96279.49,460.67
2025-02-13 19:15:00,96279.49,96332.5,95831.72,95877.49,398.61
2025-02-13 19:30:00,95877.49,95901.49,95615.58,95719.48,432.7
2025-02-13 19:45:00,95719.48,95756.87,95581.86,95634.54,362.76
2025-02-13 20:00:00,95634.54,96039.5,95609.5,96039.11,377.93
2025-02-13 20:15:00,96039.11,96251.58,96023.51,96140.99,359.23
2025-02-13 20:30:00,96140.99,96229.71,96027.95,96165.64,321.61
2025-02-13 20:45:00,96165.64,96301.44,96091.3,96274.02,448.9
2025-02-13 21:00:00,96274.02,96555.14,96265.22,96498.09,299.88
2025-02-13 21:15:00,96498.09,96529.48,96347.17,96433.0,214.3
2025-02-13 21:30:00,96433.0,96781.38,96424.59,96618.37,410.93
2025-02-13 21:45:00,96618.37,96647.55,96363.85,96490.8,280.4
2025-02-13 22:00:00,96490.8,96535.12,96410.24,96431.53,194.87
2025-02-13 22:15:00,96431.53,96604.96,96430.57,96478.37,122.96
2025-02-13 22:30:00,96478.37,96534.34,96383.51,96503.16,163.6
2025-02-13 22:45:00,96503.16,96503.16,96274.66,96411.21,230.62
2025-02-13 23:00:00,96411.21,96478.91,96325.8,96397.98,353.08
2025-02-13 23:15:00,96397.98,96477.25,96359.0,96446.12,229.32
2025-02-13 23:30:00,96446.12,96604.68,96426.4,96577.81,188.76
2025-02-13 23:45:00,96577.81,96635.49,96509.51,96607.15,183.96
2025-02-14 00:00:00,96607.15,96738.99,96584.71,96604.12,180.14
2025-02-14 00:15:00,96604.12,96876.16,96541.5,96870.68,159.66
2025-02-14 00:30:00,96870.68,96973.6,96584.09,96599.56,251.32
2025-02-14 00:45:00,96599.56,96766.52,96565.05,96756.23,173.73
2025-02-14 01:00:00,96756.23,96893.91,96707.39,96718.82,212.4
2025-02-14 01:15:00,96718.82,96776.68,96655.22,96685.3,187.74
2025-02-14 01:30:00,96685.3,96713.36,96374.5,96391.94,298.8
2025-02-14 01:45:00,96391.94,96613.27,96391.94,96525.55,242.07
2025-02-14 02:00:00,96525.55,96842.09,96450.77,96755.35,272.32
2025-02-14 02:15:00,96755.35,96778.45,96657.51,96691.51,183.28
2025-02-14 02:30:00,96691.51,96755.6,96620.62,96698.29,229.93
2025-02-14 02:45:00,96698.29,96760.86,96537.97,96537.97,242.07
2025-02-14 03:00:00,96537.97,96740.19,96537.21,96663.96,177.77
2025-02-14 03:15:00,96663.96,96682.6,96570.83,96656.51,115.08
2025-02-14 03:30:00,96656.51,96748.19,96656.51,96745.99,107.05
2025-02-14 03:45:00,96745.99,97186.95,96745.99,97135.95,271.28
2025-02-14 04:00:00,97135.95,97253.67,96927.31,96943.49,262.29
2025-02-14 04:15:00,96943.49,96986.95,96855.51,96880.48,110.0
2025-02-14 04:30:00,96880.48,96917.48,96799.22,96832.85,84.26
2025-02-14 04:45:00,96832.85,96887.07,96759.5,96759.5,118.01
2025-02-14 05:00:00,96759.5,96863.58,96759.5,96812.2,137.17
2025-02-14 05:15:00,96812.2,96915.64,96804.09,96811.82,108.28
2025-02-14 05:30:00,96811.82,96811.82,96631.5,96643.61,184.96
2025-02-14 05:45:00,96643.61,96723.48,96571.38,96692.79,170.89
2025-02-14 06:00:00,96692.79,96858.56,96624.55,96808.11,133.41
2025-02-14 06:15:00,96808.11,96818.32,96697.26,96756.78,118.13
2025-02-14 06:30:00,96756.78,96756.78,96629.2,96678.47,111.67
2025-02-14 06:45:00,96678.47,96863.6,96669.84,96836.14,100.33
2025-02-14 07:00:00,96836.14,96987.85,96816.01,96981.2,130.72
2025-02-14 07:15:00,96981.2,97029.5,96905.21,97029.5,120.72
2025-02-14 07:30:00,97029.5,97084.65,96991.52,97042.99,125.17
2025-02-14 07:45:00,97042.99,97058.64,96953.59,96953.59,109.6
2025-02-14 08:00:00,96953.59,97035.06,96818.51,96840.93,242.94
2025-02-14 08:15:00,96840.93,97007.49,96809.5,97007.48,117.52
2025-02-14 08:30:00,97007.48,97019.5,96902.93,96902.93,122.24
2025-02-14 08:45:00,96902.93,96902.93,96809.49,96859.99,61.59
2025-02-14 09:00:00,96859.99,97059.43,96840.5,97032.09,135.09
2025-02-14 09:15:00,97032.09,97062.97,96974.17,97035.8,75.08
2025-02-14 09:30:00,97035.8,97134.49,96998.63,97079.5,100.17
2025-02-14 09:45:00,97079.5,97162.99,97009.41,97117.8,105.53
2025-02-14 10:00:00,97117.8,97205.03,97082.57,97109.48,132.62
2025-02-14 10:15:00,97109.48,97170.97,96979.78,97004.99,114.85
2025-02-14 10:30:00,97004.99,97119.39,96993.09,97119.39,115.47
2025-02-14 10:45:00,97119.39,97136.22,96971.77,97027.07,120.43
2025-02-14 11:00:00,97027.07,97103.0,97002.5,97082.23,93.26
2025-02-14 11:15:00,97082.23,97151.36,96867.5,96867.5,137.91
2025-02-14 11:30:00,96867.5,96965.93,96813.5,96813.5,162.39
2025-02-14 11:45:00,96813.5,96924.03,96809.83,96897.06,130.68
2025-02-14 12:00:00,96897.06,96897.06,96687.27,96687.27,166.05
2025-02-14 12:15:00,96687.27,96767.18,96634.12,96730.16,182.59
2025-02-14 12:30:00,96730.16,96825.29,96597.88,96597.88,127.37
2025-02-14 12:45:00,96597.88,96672.63,96532.5,96654.62,177.69
2025-02-14 13:00:00,96654.62,96698.41,96565.05,96609.51,321.65
2025-02-14 13:15:00,96609.51,96632.27,96469.51,96514.87,129.1
2025-02-14 13:30:00,96514.87,96985.5,96514.87,96720.14,418.44
2025-02-14 13:45:00,96720.14,96896.31,96720.14,96809.38,143.3
2025-02-14 14:00:00,96809.38,96928.77,96738.18,96751.83,171.77
2025-02-14 14:15:00,96751.83,96805.18,96605.39,96620.16,162.86
2025-02-14 14:30:00,96620.16,97269.24,96581.51,97123.0,733.33
2025-02-14 14:45:00,97123.0,97573.87,97114.88,97284.42,528.36
2025-02-14 15:00:00,97284.42,97418.79,96621.49,96661.5,866.35
2025-02-14 15:15:00,96661.5,96661.5,96279.24,96437.5,872.81
2025-02-14 15:30:00,96437.5,96769.58,96371.52,96749.44,581.05
2025-02-14 15:45:00,96749.44,97103.83,96620.61,96933.36,509.79
2025-02-14 16:00:00,96933.36,97039.21,96712.43,96813.62,550.59
2025-02-14 16:15:00,96813.62,96875.82,96504.87,96773.31,551.09
2025-02-14 16:30:00,96773.31,96829.96,96646.39,96793.59,313.41
2025-02-14 16:45:00,96793.59,97697.39,96663.07,97669.42,519.5
2025-02-14 17:00:00,97669.42,97669.42,97151.5,97253.27,788.48
2025-02-14 17:15:00,97253.27,97595.5,97202.25,97378.48,483.66
2025-02-14 17:30:00,97378.48,98033.66,97301.56,97974.63,724.09
2025-02-14 17:45:00,97974.63,98833.49,97974.63,98527.48,781.91
2025-02-14 18:00:00,98527.48,98738.25,98418.68,98483.63,811.24
2025-02-14 18:15:00,98483.63,98568.68,98176.16,98291.5,692.17
2025-02-14 18:30:00,98291.5,98493.85,98191.59,98319.25,546.9
2025-02-14 18:45:00,98319.25,98500.07,98202.33,98202.33,348.2
2025-02-14 19:00:00,98202.33,98458.96,98202.33,98429.33,455.64
2025-02-14 19:15:00,98429.33,98438.95,98155.09,98175.32,374.41
2025-02-14 19:30:00,98175.32,98267.18,97821.75,98248.93,589.79
2025-02-14 19:45:00,98248.93,98259.38,97665.5,97949.49,481.56
2025-02-14 20:00:00,97949.49,98104.53,97833.61,98072.24,423.15
2025-02-14 20:15:00,98072.24,98274.2,97920.51,97996.5,346.51
2025-02-14 20:30:00,97996.5,98020.49,97812.43,97868.67,280.18
2025-02-14 20:45:00,97868.67,97868.67,97012.79,97197.96,562.77
2025-02-14 21:00:00,97197.96,97337.5,96707.07,96906.91,703.22
2025-02-14 21:15:00,96906.91,97198.18,96765.51,97092.32,519.21
2025-02-14 21:30:00,97092.32,97395.06,97068.76,97320.96,446.18
2025-02-14 21:45:00,97320.96,97498.05,97281.29,97466.28,261.47
2025-02-14 22:00:00,97466.28,97546.72,97398.38,97398.9,241.27
2025-02-14 22:15:00,97398.9,97455.85,97317.5,97453.48,199.16
2025-02-14 22:30:00,97453.48,97453.48,97065.05,97291.96,362.54
2025-02-14 22:45:00,97291.96,97291.96,96940.89,97144.09,407.77
2025-02-14 23:00:00,97144.09,97249.49,97016.66,97221.99,293.49
2025-02-14 23:15:00,97221.99,97398.38,97221.99,97330.5,176.59
2025-02-14 23:30:00,97330.5,97471.01,97306.73,97424.13,200.63
2025-02-14 23:45:00,97424.13,97529.48,97406.08,97509.97,134.79
2025-02-15 00:00:00,97509.97,97509.97,97370.75,97463.14,309.23
2025-02-15 00:15:00,97463.14,97517.18,97333.25,97366.54,346.91
2025-02-15 00:30:00,97366.54,97414.17,97233.08,97414.17,232.67
2025-02-15 00:45:00,97414.17,97484.58,97410.86,97477.19,101.33
2025-02-15 01:00:00,97477.19,97694.57,97446.43,97620.88,160.73
2025-02-15 01:15:00,97620.88,97746.25,97579.55,97693.23,128.05
2025-02-15 01:30:00,97693.23,97705.69,97596.9,97622.63,128.7
2025-02-15 01:45:00,97622.63,97837.45,97619.0,97813.73,213.38
2025-02-15 02:00:00,97813.73,97917.82,97783.1,97905.48,163.98
2025-02-15 02:15:00,97905.48,97905.48,97692.48,97692.48,130.05
2025-02-15 02:30:00,97692.48,97723.94,97634.8,97707.15,80.29
2025-02-15 02:45:00,97707.15,97844.67,97707.15,97833.81,127.81
2025-02-15 03:00:00,97833.81,97981.75,97833.81,97929.5,115.55
2025-02-15 03:15:00,97929.5,97929.5,97813.5,97813.5,45.4
2025-02-15 03:30:00,97813.5,97813.5,97651.66,97719.12,74.25
2025-02-15 03:45:00,97719.12,97719.12,97662.68,97662.68,77.95
2025-02-15 04:00:00,97662.68,97784.52,97589.61,97778.49,131.55
2025-02-15 04:15:00,97778.49,97778.49,97691.85,97691.85,75.06
2025-02-15 04:30:00,97691.85,97691.85,97498.5,97498.5,106.34
2025-02-15 04:45:00,97498.5,97578.65,97498.5,97537.13,86.03
2025-02-15 05:00:00,97537.13,97573.37,97462.43,97521.72,70.6
2025-02-15 05:15:00,97521.72,97597.91,97469.19,97593.69,130.3
2025-02-15 05:30:00,97593.69,97650.46,97563.18,97650.46,51.23
2025-02-15 05:45:00,97650.46,97650.46,97556.66,97613.26,49.76
2025-02-15 06:00:00,97613.26,97613.26,97533.5,97555.13,29.27
2025-02-15 06:15:00,97555.13,97668.36,97537.52,97635.0,82.68
2025-02-15 06:30:00,97635.0,97645.48,97537.5,97537.5,83.23
2025-02-15 06:45:00,97537.5,97537.5,97448.54,97498.12,94.75
2025-02-15 07:00:00,97498.12,97531.44,97411.46,97451.06,95.23
2025-02-15 07:15:00,97451.06,97475.3,97365.42,97475.3,83.18
2025-02-15 07:30:00,97475.3,97475.3,97372.82,97462.93,131.51
2025-02-15 07:45:00,97462.93,97467.49,97355.76,97355.76,2161.37
2025-02-15 08:00:00,97355.76,97469.7,97311.28,97381.5,155.61
2025-02-15 08:15:00,97381.5,97502.13,97381.5,97463.75,94.52
2025-02-15 08:30:00,97463.75,97553.5,97452.29,97546.7,68.06
2025-02-15 08:45:00,97546.7,97546.7,97481.19,97514.78,68.74
2025-02-15 09:00:00,97514.78,97616.29,97514.78,97552.77,85.08
2025-02-15 09:15:00,97552.77,97590.86,97463.5,97463.5,84.76
2025-02-15 09:30:00,97463.5,97568.9,97451.0,97568.9,73.72
2025-02-15 09:45:00,97568.9,97615.27,97559.51,97559.51,78.35
2025-02-15 10:00:00,97559.51,97597.95,97496.74,97517.32,60.76
2025-02-15 10:15:00,97517.32,97582.5,97467.5,97582.49,71.47
2025-02-15 10:30:00,97582.49,97626.3,97537.5,97570.3,106.45
2025-02-15 10:45:00,97570.3,97740.19,97562.13,97663.44,86.24
2025-02-15 11:00:00,97663.44,97677.4,97540.5,97540.5,96.81
2025-02-15 11:15:00,97540.5,97595.75,97482.25,97595.75,74.51
2025-02-15 11:30:00,97595.75,97640.59,97509.5,97616.35,130.37
2025-02-15 11:45:00,97616.35,97665.05,97587.76,97622.12,121.63
2025-02-15 12:00:00,97622.12,97658.6,97571.66,97571.66,107.94
2025-02-15 12:15:00,97571.66,97663.83,97545.38,97658.34,55.54
2025-02-15 12:30:00,97658.34,97770.08,97544.82,97749.79,238.45
2025-02-15 12:45:00,97749.79,97836.5,97688.13,97763.32,143.32
2025-02-15 13:00:00,97763.32,97828.41,97702.94,97717.84,124.26
2025-02-15 13:15:00,97717.84,97814.57,97686.78,97803.92,204.73
2025-02-15 13:30:00,97803.92,97963.4,97709.62,97756.6,197.93
2025-02-15 13:45:00,97756.6,97876.5,97687.45,97738.45,216.67
2025-02-15 14:00:00,97738.45,97758.82,97604.23,97710.75,282.37
2025-02-15 14:15:00,97710.75,97765.13,97551.11,97567.36,203.83
2025-02-15 14:30:00,97567.36,97594.41,97436.08,97497.67,193.17
2025-02-15 14:45:00,97497.67,97630.5,97488.56,97601.49,227.76
2025-02-15 15:00:00,97601.49,97722.67,97597.5,97717.49,221.45
2025-02-15 15:15:00,97717.49,97717.49,97589.95,97614.38,156.71
2025-02-15 15:30:00,97614.38,97724.18,97566.25,97707.62,99.58
2025-02-15 15:45:00,97707.62,97711.53,97589.8,97642.71,103.4
2025-02-15 16:00:00,97642.71,97717.28,97585.71,97611.36,151.74
2025-02-15 16:15:00,97611.36,97692.82,97564.88,97600.0,112.95
2025-02-15 16:30:00,97600.0,97600.0,97500.5,97501.13,179.08
2025-02-15 16:45:00,97501.13,97560.81,97464.98,97544.14,173.56
2025-02-15 17:00:00,97544.14,97589.46,97489.16,97580.77,91.01
2025-02-15 17:15:00,97580.77,97591.96,97369.5,97409.67,110.49
2025-02-15 17:30:00,97409.67,97409.67,97334.5,97355.86,152.67
2025-02-15 17:45:00,97355.86,97433.26,97326.65,97419.78,181.02
2025-02-15 18:00:00,97419.78,97516.3,97385.33,97449.47,96.46
2025-02-15 18:15:00,97449.47,97486.22,97386.78,97466.92,68.88
2025-02-15 18:30:00,97466.92,97526.64,97463.11,97516.01,92.82
2025-02-15 18:45:00,97516.01,97594.4,97516.01,97547.51,112.48
2025-02-15 19:00:00,97547.51,97655.72,97547.51,97602.12,57.01
2025-02-15 19:15:00,97602.12,97656.99,97566.3,97647.81,39.04
2025-02-15 19:30:00,97647.81,97647.81,97561.14,97561.14,85.0
2025-02-15 19:45:00,97561.14,97619.39,97519.11,97541.23,103.8
2025-02-15 20:00:00,97541.23,97651.27,97536.0,97616.98,169.52
2025-02-15 20:15:00,97616.98,97616.98,97520.34,97580.07,100.0
2025-02-15 20:30:00,97580.07,97580.07,97433.5,97454.03,137.29
2025-02-15 20:45:00,97454.03,97543.03,97426.68,97543.03,115.1
2025-02-15 21:00:00,97543.03,97646.82,97543.03,97645.87,101.71
2025-02-15 21:15:00,97645.87,97677.5,97612.9,97642.29,98.32
2025-02-15 21:30:00,97642.29,97649.04,97579.01,97645.54,56.9
2025-02-15 21:45:00,97645.54,97697.54,97634.09,97693.72,69.05
2025-02-15 22:00:00,97693.72,97742.61,97684.01,97742.61,27.65
2025-02-15 22:15:00,97742.61,97742.61,97459.51,97459.51,97.65
2025-02-15 22:30:00,97459.51,97556.66,97444.96,97452.56,124.59
2025-02-15 22:45:00,97452.56,97567.5,97442.0,97545.99,275.93
2025-02-15 23:00:00,97545.99,97568.79,97437.11,97450.99,339.08
2025-02-15 23:15:00,97450.99,97627.25,97450.99,97595.61,150.5
2025-02-15 23:30:00,97595.61,97635.01,97556.84,97556.84,86.08
2025-02-15 23:45:00,97556.84,97583.23,97528.75,97578.86,85.46
2025-02-16 00:00:00,97578.86,97630.18,97564.16,97612.07,106.29
2025-02-16 00:15:00,97612.07,97710.37,97612.07,97684.47,90.64
2025-02-16 00:30:00,97684.47,97708.9,97649.96,97691.55,60.66
2025-02-16 00:45:00,97691.55,97691.55,97597.36,97604.08,91.57
2025-02-16 01:00:00,97604.08,97644.92,97569.5,97596.01,89.01
2025-02-16 01:15:00,97596.01,97623.97,97548.37,97586.59,90.25
2025-02-16 01:30:00,97586.59,97604.17,97555.37,97600.04,60.79
2025-02-16 01:45:00,97600.04,97666.72,97595.92,97652.5,69.12
2025-02-16 02:00:00,97652.5,97657.43,97549.68,97562.87,122.09
2025-02-16 02:15:00,97562.87,97657.5,97558.08,97651.49,97.61
2025-02-16 02:30:00,97651.49,97651.49,97561.5,97577.11,48.21
2025-02-16 02:45:00,97577.11,97618.42,97478.79,97533.49,111.19
2025-02-16 03:00:00,97533.49,97533.49,97450.93,97524.35,139.12
2025-02-16 03:15:00,97524.35,97527.44,97420.61,97492.75,205.41
2025-02-16 03:30:00,97492.75,97541.91,97438.32,97508.83,145.53
2025-02-16 03:45:00,97508.83,97556.66,97508.83,97556.66,28.58
2025-02-16 04:00:00,97556.66,97588.69,97527.68,97546.68,59.12
2025-02-16 04:15:00,97546.68,97552.2,97484.51,97498.5,49.63
2025-02-16 04:30:00,97498.5,97561.4,97481.54,97534.72,70.7
2025-02-16 04:45:00,97534.72,97552.83,97501.12,97539.25,45.25
2025-02-16 05:00:00,97539.25,97549.49,97495.44,97511.43,51.68
2025-02-16 05:15:00,97511.43,97521.95,97496.26,97521.95,11.89
2025-02-16 05:30:00,97521.95,97610.66,97499.31,97598.4,46.82
2025-02-16 05:45:00,97598.4,97679.5,97595.62,97609.5,62.77
2025-02-16 06:00:00,97609.5,97609.5,97549.09,97563.7,60.78
2025-02-16 06:15:00,97563.7,97599.43,97549.88,97599.43,10.34
2025-02-16 06:30:00,97599.43,97628.55,97533.0,97533.0,50.35
2025-02-16 06:45:00,97533.0,97548.39,97461.49,97496.76,43.29
2025-02-16 07:00:00,97496.76,97496.76,97409.5,97442.08,51.64
2025-02-16 07:15:00,97442.08,97463.01,97369.01,97383.38,102.85
2025-02-16 07:30:00,97383.38,97425.82,97383.38,97388.86,29.51
2025-02-16 07:45:00,97388.86,97388.86,97222.62,97249.85,74.21
2025-02-16 08:00:00,97249.85,97332.65,97210.5,97311.21,93.48
2025-02-16 08:15:00,97311.21,97326.6,97226.63,97269.35,69.95
2025-02-16 08:30:00,97269.35,97319.3,97176.16,97189.48,170.9
2025-02-16 08:45:00,97189.48,97209.49,97138.42,97173.36,93.47
2025-02-16 09:00:00,97173.36,97214.84,97121.8,97133.02,116.48
2025-02-16 09:15:00,97133.02,97188.92,97071.08,97188.55,71.77
2025-02-16 09:30:00,97188.55,97315.35,97177.44,97306.82,117.56
2025-02-16 09:45:00,97306.82,97375.24,97296.52,97375.24,91.2
2025-02-16 10:00:00,97375.24,97395.02,97316.19,97330.11,72.42
2025-02-16 10:15:00,97330.11,97330.11,97276.31,97277.4,35.8
2025-02-16 10:30:00,97277.4,97277.4,97238.39,97269.49,42.01
2025-02-16 10:45:00,97269.49,97310.5,97176.16,97187.55,73.41
2025-02-16 11:00:00,97187.55,97244.69,97166.04,97214.12,55.89
2025-02-16 11:15:00,97214.12,97289.5,97212.26,97286.63,98.9
2025-02-16 11:30:00,97286.63,97323.74,97236.77,97248.92,55.83
2025-02-16 11:45:00,97248.92,97319.36,97248.92,97319.36,57.98
2025-02-16 12:00:00,97319.36,97335.75,97242.1,97242.1,48.93
2025-02-16 12:15:00,97242.1,97273.28,97215.01,97256.28,38.6
2025-02-16 12:30:00,97256.28,97256.28,97155.87,97174.77,92.92
2025-02-16 12:45:00,97174.77,97174.77,97105.63,97125.8,46.81
2025-02-16 13:00:00,97125.8,97128.44,97019.24,97128.44,98.72
2025-02-16 13:15:00,97128.44,97209.49,97111.36,97132.89,99.59
2025-02-16 13:30:00,97132.89,97188.29,96909.49,96925.75,146.43
2025-02-16 13:45:00,96925.75,97013.1,96797.71,96859.87,279.99
2025-02-16 14:00:00,96859.87,96941.11,96678.03,96857.95,291.12
2025-02-16 14:15:00,96857.95,96883.83,96723.12,96835.38,227.85
2025-02-16 14:30:00,96835.38,96927.85,96754.5,96909.6,281.69
2025-02-16 14:45:00,96909.6,97031.27,96899.61,96970.75,180.44
2025-02-16 15:00:00,96970.75,97065.72,96936.27,96936.27,125.05
2025-02-16 15:15:00,96936.27,97099.11,96920.5,97079.88,165.11
2025-02-16 15:30:00,97079.88,97079.88,96959.5,97004.81,134.65
2025-02-16 15:45:00,97004.81,97019.28,96920.5,96920.5,126.56
2025-02-16 16:00:00,96920.5,97064.75,96889.5,97042.97,124.01
2025-02-16 16:15:00,97042.97,97103.84,96994.5,97092.1,85.49
2025-02-16 16:30:00,97092.1,97119.49,97011.52,97032.54,99.78
2025-02-16 16:45:00,97032.54,97057.1,96960.15,97053.99,121.26
2025-02-16 17:00:00,97053.99,97178.64,97042.73,97151.59,78.85
2025-02-16 17:15:00,97151.59,97157.66,97087.97,97099.51,84.39
2025-02-16 17:30:00,97099.51,97099.51,96973.5,97044.17,94.29
2025-02-16 17:45:00,97044.17,97045.89,96940.56,96966.06,109.79
2025-02-16 18:00:00,96966.06,97006.42,96862.86,96896.5,127.55
2025-02-16 18:15:00,96896.5,96945.51,96777.57,96786.15,197.28
2025-02-16 18:30:00,96786.15,96895.2,96651.02,96858.73,310.48
2025-02-16 18:45:00,96858.73,96972.58,96798.44,96931.5,191.93
2025-02-16 19:00:00,96931.5,96936.86,96772.61,96896.93,207.11
2025-02-16 19:15:00,96896.93,96983.49,96828.37,96942.53,154.19
2025-02-16 19:30:00,96942.53,97092.48,96942.53,97080.45,117.33
2025-02-16 19:45:00,97080.45,97115.14,97017.21,97066.46,93.86
2025-02-16 20:00:00,97066.46,97129.87,97008.5,97086.67,103.66
2025-02-16 20:15:00,97086.67,97165.99,97043.5,97052.36,134.78
2025-02-16 20:30:00,97052.36,97052.36,96926.62,96938.52,124.71
2025-02-16 20:45:00,96938.52,96965.83,96870.88,96921.44,99.73
2025-02-16 21:00:00,96921.44,97038.42,96873.62,96883.51,134.67
2025-02-16 21:15:00,96883.51,97001.02,96862.04,96996.44,210.01
2025-02-16 21:30:00,96996.44,97285.87,96973.92,97169.58,183.78
2025-02-16 21:45:00,97169.58,97186.41,97115.5,97169.65,110.55
2025-02-16 22:00:00,97169.65,97194.0,97092.56,97092.56,94.23
2025-02-16 22:15:00,97092.56,97092.56,96687.31,96889.36,158.03
2025-02-16 22:30:00,96889.36,96903.81,96579.97,96800.48,250.0
2025-02-16 22:45:00,96800.48,96945.5,96747.7,96861.84,161.66
2025-02-16 23:00:00,96861.84,96882.84,96317.2,96342.33,540.78
2025-02-16 23:15:00,96342.33,96467.63,96173.1,96239.51,264.31
2025-02-16 23:30:00,96239.51,96239.51,96057.5,96180.73,343.92
2025-02-16 23:45:00,96180.73,96207.9,96080.85,96127.63,161.41
2025-02-17 00:00:00,96127.63,96302.97,96033.28,96219.25,397.85
2025-02-17 00:15:00,96219.25,96448.09,96163.38,96433.68,403.57
2025-02-17 00:30:00,96433.68,96433.68,96339.5,96373.87,283.67
2025-02-17 00:45:00,96373.87,96408.9,96209.5,96317.5,241.31
2025-02-17 01:00:00,96317.5,96447.95,96226.31,96422.38,175.42
2025-02-17 01:15:00,96422.38,96422.38,96090.99,96253.11,270.48
2025-02-17 01:30:00,96253.11,96398.91,96235.42,96310.73,205.53
2025-02-17 01:45:00,96310.73,96533.45,96290.51,96529.5,178.82
2025-02-17 02:00:00,96529.5,96638.94,96405.62,96431.63,272.4
2025-02-17 02:15:00,96431.63,96462.33,96326.84,96461.34,141.4
2025-02-17 02:30:00,96461.34,96471.41,96300.79,96300.79,102.46
2025-02-17 02:45:00,96300.79,96304.17,96166.05,96237.8,97.01
2025-02-17 03:00:00,96237.8,96237.8,96132.84,96156.37,104.93
2025-02-17 03:15:00,96156.37,96201.48,96066.32,96201.48,80.65
2025-02-17 03:30:00,96201.48,96235.9,96171.02,96186.94,47.62
2025-02-17 03:45:00,96186.94,96284.01,96169.77,96224.83,155.88
2025-02-17 04:00:00,96224.83,96224.83,96082.5,96093.15,80.38
2025-02-17 04:15:00,96093.15,96220.2,96022.5,96220.2,177.54
2025-02-17 04:30:00,96220.2,96261.45,96073.5,96073.5,70.21
2025-02-17 04:45:00,96073.5,96156.82,96035.51,96035.51,87.73
2025-02-17 05:00:00,96035.51,96337.64,95809.5,96249.93,945.78
2025-02-17 05:15:00,96249.93,96310.16,95912.7,96044.14,319.87
2025-02-17 05:30:00,96044.14,96209.56,96032.64,96182.5,242.74
2025-02-17 05:45:00,96182.5,96289.56,96163.55,96248.79,169.74
2025-02-17 06:00:00,96248.79,96432.83,96217.82,96383.56,181.24
2025-02-17 06:15:00,96383.56,96406.98,96300.47,96379.9,128.14
2025-02-17 06:30:00,96379.9,96443.66,96317.19,96358.34,237.69
2025-02-17 06:45:00,96358.34,96386.03,96267.73,96381.46,146.9
2025-02-17 07:00:00,96381.46,96472.7,96294.39,96294.39,151.21
2025-02-17 07:15:00,96294.39,96295.0,96112.11,96148.06,184.77
2025-02-17 07:30:00,96148.06,96163.19,95954.59,95975.28,165.15
2025-02-17 07:45:00,95975.28,96103.99,95910.44,96089.39,154.16
2025-02-17 08:00:00,96089.39,96217.5,95952.09,96217.5,182.93
2025-02-17 08:15:00,96217.5,96217.5,96049.87,96060.84,129.55
2025-02-17 08:30:00,96060.84,96126.15,95972.89,96033.23,207.01
2025-02-17 08:45:00,96033.23,96302.86,96033.23,96152.89,216.88
2025-02-17 09:00:00,96152.89,96285.5,96099.46,96236.16,169.55
2025-02-17 09:15:00,96236.16,96267.5,96177.44,96240.46,88.91
2025-02-17 09:30:00,96240.46,96318.74,96186.0,96316.19,117.43
2025-02-17 09:45:00,96316.19,96328.12,96144.31,96179.59,94.01
2025-02-17 10:00:00,96179.59,96391.13,96156.29,96391.13,147.05
2025-02-17 10:15:00,96391.13,96405.17,96251.83,96285.58,140.56
2025-02-17 10:30:00,96285.58,96285.58,96088.7,96091.51,163.35
2025-02-17 10:45:00,96091.51,96158.55,96059.5,96115.67,351.97
2025-02-17 11:00:00,96115.67,96305.2,96064.16,96248.16,201.44
2025-02-17 11:15:00,96248.16,96282.54,96179.64,96179.64,102.97
2025-02-17 11:30:00,96179.64,96193.5,96001.35,96045.5,103.96
2025-02-17 11:45:00,96045.5,96098.99,96029.18,96064.56,89.91
2025-02-17 12:00:00,96064.56,96272.23,96064.56,96260.57,138.81
2025-02-17 12:15:00,96260.57,96373.07,96223.11,96274.33,185.86
2025-02-17 12:30:00,96274.33,96383.32,96209.34,96320.86,217.29
2025-02-17 12:45:00,96320.86,96513.18,96320.86,96467.25,169.2
2025-02-17 13:00:00,96467.25,96487.34,96317.51,96361.0,158.76
2025-02-17 13:15:00,96361.0,96480.54,96310.5,96317.55,158.06
2025-02-17 13:30:00,96317.55,96360.93,96263.41,96360.93,104.59
2025-02-17 13:45:00,96360.93,96422.46,96343.8,96422.46,246.49
2025-02-17 14:00:00,96422.46,96974.01,96409.5,96934.71,442.52
2025-02-17 14:15:00,96934.71,97055.54,96574.64,96617.63,482.99
2025-02-17 14:30:00,96617.63,96805.54,96614.8,96668.04,309.19
2025-02-17 14:45:00,96668.04,96829.59,96617.5,96809.5,240.23
2025-02-17 15:00:00,96809.5,96908.38,96617.54,96628.99,269.77
2025-02-17 15:15:00,96628.99,96664.49,96485.22,96537.8,156.5
2025-02-17 15:30:00,96537.8,96537.8,96122.0,96133.39,514.48
2025-02-17 15:45:00,96133.39,96178.99,95577.5,95680.95,659.34
2025-02-17 16:00:00,95680.95,95954.99,95559.51,95603.3,600.75
2025-02-17 16:15:00,95603.3,95724.22,95509.48,95509.48,546.78
2025-02-17 16:30:00,95509.48,95695.99,95370.8,95533.44,382.31
2025-02-17 16:45:00,95533.44,95543.23,95312.71,95339.19,481.55
2025-02-17 17:00:00,95339.19,95633.3,95333.07,95633.3,284.87
2025-02-17 17:15:00,95633.3,95730.85,95399.5,95399.5,369.88
2025-02-17 17:30:00,95399.5,95605.0,95297.5,95531.5,277.58
2025-02-17 17:45:00,95531.5,95695.98,95474.67,95489.27,262.12
2025-02-17 18:00:00,95489.27,95679.69,95369.5,95659.43,396.04
2025-02-17 18:15:00,95659.43,95780.36,95484.83,95509.49,232.38
2025-02-17 18:30:00,95509.49,95509.49,95330.71,95330.71,281.95
2025-02-17 18:45:00,95330.71,95418.91,95249.72,95350.33,263.29
2025-02-17 19:00:00,95350.33,95476.96,95216.19,95325.0,330.3
2025-02-17 19:15:00,95325.0,95471.63,95231.21,95430.79,439.72
2025-02-17 19:30:00,95430.79,95556.38,95370.81,95475.97,196.77
2025-02-17 19:45:00,95475.97,95597.72,95419.81,95540.85,109.18
2025-02-17 20:00:00,95540.85,95741.49,95498.4,95671.61,261.61
2025-02-17 20:15:00,95671.61,95849.32,95609.05,95788.3,130.58
2025-02-17 20:30:00,95788.3,96019.7,95712.5,96019.7,191.19
2025-02-17 20:45:00,96019.7,96269.5,95994.78,95994.78,360.58
2025-02-17 21:00:00,95994.78,96125.49,95967.0,96067.15,184.97
2025-02-17 21:15:00,96067.15,96115.43,95927.22,96115.43,172.76
2025-02-17 21:30:00,96115.43,96217.49,96076.24,96151.69,255.76
2025-02-17 21:45:00,96151.69,96422.92,96102.65,96422.92,237.62
2025-02-17 22:00:00,96422.92,96422.92,96135.96,96135.96,299.56
2025-02-17 22:15:00,96135.96,96200.21,96105.5,96133.82,72.4
2025-02-17 22:30:00,96133.82,96166.45,96009.51,96038.3,73.3
2025-02-17 22:45:00,96038.3,96104.14,95854.37,95872.59,163.78
2025-02-17 23:00:00,95872.59,96017.49,95872.59,95887.36,180.4
2025-02-17 23:15:00,95887.36,95909.25,95769.5,95769.5,112.98
2025-02-17 23:30:00,95769.5,95871.88,95755.14,95769.7,133.18
2025-02-17 23:45:00,95769.7,95819.64,95698.63,95789.5,125.07
2025-02-18 00:00:00,95789.5,96058.81,95789.5,95899.74,221.11
2025-02-18 00:15:00,95899.74,95918.3,95574.67,95610.8,216.58
2025-02-18 00:30:00,95610.8,95753.6,95581.0,95631.03,190.63
2025-02-18 00:45:00,95631.03,95738.93,95559.5,95638.31,141.46
2025-02-18 01:00:00,95638.31,96089.14,95615.97,95985.68,283.74
2025-02-18 01:15:00,95985.68,96139.48,95950.44,96005.95,201.19
2025-02-18 01:30:00,96005.95,96130.89,96005.95,96114.87,130.08
2025-02-18 01:45:00,96114.87,96309.49,96069.58,96275.73,163.38
2025-02-18 02:00:00,96275.73,96332.46,96166.93,96206.39,150.63
2025-02-18 02:15:00,96206.39,96219.39,96092.11,96215.61,95.48
2025-02-18 02:30:00,96215.61,96263.62,96073.51,96105.92,192.97
2025-02-18 02:45:00,96105.92,96151.51,96024.71,96073.96,190.28
2025-02-18 03:00:00,96073.96,96205.89,96009.5,96180.06,200.4
2025-02-18 03:15:00,96180.06,96255.61,96111.48,96221.41,133.5
2025-02-18 03:30:00,96221.41,96297.5,96212.41,96273.38,99.34
2025-02-18 03:45:00,96273.38,96287.65,96164.51,96200.66,100.75
2025-02-18 04:00:00,96200.66,96309.51,96179.0,96269.54,107.71
2025-02-18 04:15:00,96269.54,96269.54,96100.1,96116.01,175.99
2025-02-18 04:30:00,96116.01,96242.56,96090.66,96215.33,409.12
2025-02-18 04:45:00,96215.33,96230.46,95977.6,96080.3,150.26
2025-02-18 05:00:00,96080.3,96120.12,95953.82,95953.82,242.87
2025-02-18 05:15:00,95953.82,95953.82,95769.89,95875.04,346.64
2025-02-18 05:30:00,95875.04,95929.37,95755.93,95759.5,186.94
2025-02-18 05:45:00,95759.5,95759.5,95565.03,95618.99,339.22
2025-02-18 06:00:00,95618.99,95648.83,95312.5,95312.5,483.42
2025-02-18 06:15:00,95312.5,95476.84,95312.5,95443.46,398.07
2025-02-18 06:30:00,95443.46,95557.22,95263.62,95518.93,479.77
2025-02-18 06:45:00,95518.93,95619.5,95310.69,95382.84,364.42
2025-02-18 07:00:00,95382.84,95549.12,95308.38,95404.87,352.68
2025-02-18 07:15:00,95404.87,95589.47,95404.87,95569.29,255.24
2025-02-18 07:30:00,95569.29,95722.54,95509.51,95509.51,220.37
2025-02-18 07:45:00,95509.51,95567.74,95431.78,95466.43,163.26
2025-02-18 08:00:00,95466.43,95491.47,95272.5,95335.5,274.41
2025-02-18 08:15:00,95335.5,95549.5,95289.07,95475.53,287.4
2025-02-18 08:30:00,95475.53,95585.02,95310.55,95367.99,235.02
2025-02-18 08:45:00,95367.99,95400.62,95107.35,95241.64,260.03
2025-02-18 09:00:00,95241.64,95447.38,95160.41,95447.37,386.6
2025-02-18 09:15:00,95447.37,95763.09,95437.16,95638.08,408.99
2025-02-18 09:30:00,95638.08,95692.71,95588.18,95605.8,326.12
2025-02-18 09:45:00,95605.8,95782.88,95595.26,95782.88,199.33
2025-02-18 10:00:00,95782.88,95871.84,95643.55,95656.21,260.98
2025-02-18 10:15:00,95656.21,95761.01,95644.7,95734.62,275.43
2025-02-18 10:30:00,95734.62,95877.99,95696.33,95875.11,135.53
2025-02-18 10:45:00,95875.11,95880.61,95726.29,95750.3,85.06
2025-02-18 11:00:00,95750.3,95750.3,95647.54,95647.54,114.82
2025-02-18 11:15:00,95647.54,95739.74,95576.34,95739.74,130.85
2025-02-18 11:30:00,95739.74,95791.59,95638.84,95638.84,109.31
2025-02-18 11:45:00,95638.84,95686.07,95578.96,95649.84,132.83
2025-02-18 12:00:00,95649.84,95821.96,95613.5,95821.96,152.56
2025-02-18 12:15:00,95821.96,95988.26,95811.54,95947.35,190.93
2025-02-18 12:30:00,95947.35,96286.09,95934.02,96161.49,327.23
2025-02-18 12:45:00,96161.49,96240.15,96102.81,96203.5,182.32
2025-02-18 13:00:00,96203.5,96359.5,96185.38,96359.49,305.25
2025-02-18 13:15:00,96359.49,96481.51,96226.34,96254.69,281.48
2025-02-18 13:30:00,96254.69,96339.49,96198.16,96278.87,265.45
2025-02-18 13:45:00,96278.87,96320.52,96117.27,96234.94,235.58
2025-02-18 14:00:00,96234.94,96364.45,96122.7,96295.88,238.5
2025-02-18 14:15:00,96295.88,96759.22,96266.5,96517.94,428.85
2025-02-18 14:30:00,96517.94,96625.49,95759.51,95941.49,1138.16
2025-02-18 14:45:00,95941.49,96017.38,95421.52,95525.5,1038.38
2025-02-18 15:00:00,95525.5,95732.46,95378.5,95587.51,794.01
2025-02-18 15:15:00,95587.51,95662.9,95369.07,95426.88,808.34
2025-02-18 15:30:00,95426.88,95732.23,95371.75,95539.8,781.92
2025-02-18 15:45:00,95539.8,95625.5,95209.5,95562.39,623.76
2025-02-18 16:00:00,95562.39,95624.17,95390.57,95412.07,494.39
2025-02-18 16:15:00,95412.07,95642.64,95259.5,95269.5,601.22
2025-02-18 16:30:00,95269.5,95272.35,94675.83,94675.83,967.87
2025-02-18 16:45:00,94675.83,94918.57,94627.21,94648.88,844.42
2025-02-18 17:00:00,94648.88,94887.33,94648.88,94783.67,612.68
2025-02-18 17:15:00,94783.67,94783.67,94466.2,94539.08,579.27
2025-02-18 17:30:00,94539.08,94558.8,94190.63,94257.81,859.94
2025-02-18 17:45:00,94257.81,94352.29,94111.65,94111.65,478.23
2025-02-18 18:00:00,94111.65,94355.21,93777.51,94044.81,1231.35
2025-02-18 18:15:00,94044.81,94189.49,93872.5,94059.04,714.49
2025-02-18 18:30:00,94059.04,94059.04,93716.86,93753.3,645.15
2025-02-18 18:45:00,93753.3,94044.03,93609.5,93933.52,670.86
2025-02-18 19:00:00,93933.52,93933.52,93401.51,93518.41,781.5
2025-02-18 19:15:00,93518.41,93885.3,93431.69,93689.12,598.38
2025-02-18 19:30:00,93689.12,94031.26,93615.97,94031.26,459.97
2025-02-18 19:45:00,94031.26,94409.25,93961.13,94106.92,642.2
2025-02-18 20:00:00,94106.92,94460.83,93969.98,94453.5,457.13
2025-02-18 20:15:00,94453.5,94453.5,94113.06,94244.54,483.56
2025-02-18 20:30:00,94244.54,94325.8,93742.65,93848.78,533.73
2025-02-18 20:45:00,93848.78,94331.46,93848.78,94201.11,775.96
2025-02-18 21:00:00,94201.11,95190.61,94128.3,95170.5,1168.19
2025-02-18 21:15:00,95170.5,95352.42,94915.16,95168.6,739.1
2025-02-18 21:30:00,95168.6,95244.13,94809.1,94917.9,488.7
2025-02-18 21:45:00,94917.9,95086.99,94715.38,95074.95,499.37
2025-02-18 22:00:00,95074.95,95104.22,94865.49,95019.72,434.03
2025-02-18 22:15:00,95019.72,95433.49,95006.61,95409.44,284.06
2025-02-18 22:30:00,95409.44,95543.63,95224.77,95281.7,293.6
2025-02-18 22:45:00,95281.7,95366.65,95191.5,95313.92,208.0
2025-02-18 23:00:00,95313.92,95556.66,95266.65,95444.0,348.39
2025-02-18 23:15:00,95444.0,95607.15,95444.0,95586.25,145.12
2025-02-18 23:30:00,95586.25,95586.51,95394.11,95396.26,204.73
2025-02-18 23:45:00,95396.26,95690.18,95361.45,95679.5,217.34
2025-02-19 00:00:00,95679.5,95847.41,95577.61,95607.01,383.3
2025-02-19 00:15:00,95607.01,95702.12,95436.42,95481.19,203.68
2025-02-19 00:30:00,95481.19,95643.54,95429.5,95500.92,245.02
2025-02-19 00:45:00,95500.92,95593.31,95289.44,95332.62,196.97
2025-02-19 01:00:00,95332.62,95374.12,95224.51,95224.51,257.33
2025-02-19 01:15:00,95224.51,95224.51,95064.5,95201.97,343.24
2025-02-19 01:30:00,95201.97,95330.89,95155.29,95330.89,328.03
2025-02-19 01:45:00,95330.89,95489.49,95318.47,95489.49,231.02
2025-02-19 02:00:00,95489.49,95736.76,95467.53,95604.8,303.09
2025-02-19 02:15:00,95604.8,95687.63,95489.66,95542.76,239.86
2025-02-19 02:30:00,95542.76,95729.48,95542.62,95729.48,192.76
2025-02-19 02:45:00,95729.48,95961.71,95729.48,95841.26,273.07
2025-02-19 03:00:00,95841.26,95841.26,95659.52,95663.55,168.23
2025-02-19 03:15:00,95663.55,95752.56,95577.24,95714.48,119.87
2025-02-19 03:30:00,95714.48,95728.36,95612.48,95715.09,95.77
2025-02-19 03:45:00,95715.09,95807.5,95681.46,95719.08,155.97
2025-02-19 04:00:00,95719.08,95777.07,95613.2,95641.49,136.09
2025-02-19 04:15:00,95641.49,95676.84,95504.93,95545.48,84.78
2025-02-19 04:30:00,95545.48,95612.67,95389.85,95389.85,177.54
2025-02-19 04:45:00,95389.85,95453.5,95239.34,95239.34,154.09
2025-02-19 05:00:00,95239.34,95285.48,95131.76,95268.55,465.54
2025-02-19 05:15:00,95268.55,95268.55,95037.72,95118.79,769.71
2025-02-19 05:30:00,95118.79,95349.55,95118.79,95324.21,239.31
2025-02-19 05:45:00,95324.21,95347.92,95259.79,95293.34,98.92
2025-02-19 06:00:00,95293.34,95379.67,95259.15,95360.96,140.58
2025-02-19 06:15:00,95360.96,95405.72,95311.0,95391.83,98.5
2025-02-19 06:30:00,95391.83,95409.36,95339.26,95366.61,108.82
2025-02-19 06:45:00,95366.61,95659.48,95366.61,95626.13,204.69
2025-02-19 07:00:00,95626.13,95783.07,95610.68,95747.65,136.48
2025-02-19 07:15:00,95747.65,95747.65,95597.5,95639.07,122.46
2025-02-19 07:30:00,95639.07,95725.5,95639.07,95725.5,46.31
2025-02-19 07:45:00,95725.5,95847.67,95697.21,95697.21,178.33
2025-02-19 08:00:00,95697.21,95820.54,95681.52,95746.59,119.0
2025-02-19 08:15:00,95746.59,95875.5,95746.59,95823.26,96.86
2025-02-19 08:30:00,95823.26,95873.48,95712.41,95759.5,98.84
2025-02-19 08:45:00,95759.5,95759.5,95638.55,95638.55,106.68
2025-02-19 09:00:00,95638.55,95801.79,95638.55,95755.38,123.3
2025-02-19 09:15:00,95755.38,95820.16,95677.51,95820.16,91.15
2025-02-19 09:30:00,95820.16,95872.0,95745.66,95871.99,95.8
2025-02-19 09:45:00,95871.99,96022.77,95858.95,95948.58,132.08
2025-02-19 10:00:00,95948.58,96469.5,95946.9,96364.35,471.07
2025-02-19 10:15:00,96364.35,96404.69,96261.9,96319.46,151.26
2025-02-19 10:30:00,96319.46,96375.54,96160.44,96257.24,231.87
2025-02-19 10:45:00,96257.24,96343.65,96233.74,96339.81,120.55
2025-02-19 11:00:00,96339.81,96391.45,96273.67,96379.63,126.38
2025-02-19 11:15:00,96379.63,96389.26,96214.9,96249.58,97.24
2025-02-19 11:30:00,96249.58,96327.41,96228.46,96273.65,103.2
2025-02-19 11:45:00,96273.65,96432.09,96273.65,96432.09,61.66
2025-02-19 12:00:00,96432.09,96497.65,96396.45,96396.45,188.75
2025-02-19 12:15:00,96396.45,96454.9,96338.28,96446.32,84.04
2025-02-19 12:30:00,96446.32,96446.32,96292.86,96297.33,98.26
2025-02-19 12:45:00,96297.33,96297.33,96153.43,96164.05,97.86
2025-02-19 13:00:00,96164.05,96284.92,96164.05,96192.53,103.84
2025-02-19 13:15:00,96192.53,96309.49,96192.53,96245.64,75.18
2025-02-19 13:30:00,96245.64,96483.5,96207.26,96376.61,217.21
2025-02-19 13:45:00,96376.61,96409.91,96259.5,96287.04,199.98
2025-02-19 14:00:00,96287.04,96312.49,96071.5,96199.34,271.61
2025-02-19 14:15:00,96199.34,96397.52,96039.99,96383.5,254.13
2025-02-19 14:30:00,96383.5,96698.49,95893.27,96014.96,910.8
2025-02-19 14:45:00,96014.96,96224.61,95701.5,95768.81,750.66
2025-02-19 15:00:00,95768.81,95951.58,95554.36,95783.5,865.56
2025-02-19 15:15:00,95783.5,96178.44,95689.51,95999.65,760.82
2025-02-19 15:30:00,95999.65,96409.81,95988.47,96275.16,827.34
2025-02-19 15:45:00,96275.16,96286.48,95934.02,95953.24,453.21
2025-02-19 16:00:00,95953.24,96221.19,95940.04,96207.47,418.04
2025-02-19 16:15:00,96207.47,96375.5,96186.6,96325.84,377.08
2025-02-19 16:30:00,96325.84,96342.56,96031.51,96213.5,366.2
2025-02-19 16:45:00,96213.5,96308.14,96058.91,96308.14,307.23
2025-02-19 17:00:00,96308.14,96471.71,96213.32,96227.11,282.12
2025-02-19 17:15:00,96227.11,96413.39,96204.41,96218.79,286.71
2025-02-19 17:30:00,96218.79,96474.42,96131.5,96445.02,275.64
2025-02-19 17:45:00,96445.02,96485.21,96359.51,96404.25,185.92
2025-02-19 18:00:00,96404.25,96424.22,95889.77,95928.84,306.3
2025-02-19 18:15:00,95928.84,96159.21,95881.18,96047.23,332.31
2025-02-19 18:30:00,96047.23,96072.5,95851.95,95907.63,314.49
2025-02-19 18:45:00,95907.63,95945.79,95649.53,95681.56,309.39
2025-02-19 19:00:00,95681.56,96018.58,95421.36,96018.58,500.6
2025-02-19 19:15:00,96018.58,96206.33,95828.36,95954.85,663.85
2025-02-19 19:30:00,95954.85,96191.93,95894.79,96052.31,385.25
2025-02-19 19:45:00,96052.31,96239.08,95971.76,96216.04,420.83
2025-02-19 20:00:00,96216.04,96438.41,96111.4,96401.58,397.17
2025-02-19 20:15:00,96401.58,96489.49,96239.14,96288.49,382.3
2025-02-19 20:30:00,96288.49,96474.99,96236.86,96329.35,397.65
2025-02-19 20:45:00,96329.35,96424.39,96139.11,96189.5,413.81
2025-02-19 21:00:00,96189.5,96273.66,96067.88,96259.4,234.13
2025-02-19 21:15:00,96259.4,96446.71,96256.84,96422.73,213.28
2025-02-19 21:30:00,96422.73,96490.5,96368.58,96431.35,100.75
2025-02-19 21:45:00,96431.35,96439.6,96209.51,96325.14,214.78
2025-02-19 22:00:00,96325.14,96475.28,96324.49,96439.05,211.53
2025-02-19 22:15:00,96439.05,96623.45,96349.5,96493.39,216.42
2025-02-19 22:30:00,96493.39,96493.39,96357.24,96483.46,156.5
2025-02-19 22:45:00,96483.46,96556.18,96483.46,96552.53,90.35
2025-02-19 23:00:00,96552.53,96898.2,96535.4,96604.79,381.45
2025-02-19 23:15:00,96604.79,96845.36,96604.79,96666.72,227.45
2025-02-19 23:30:00,96666.72,96726.7,96597.51,96696.43,152.05
2025-02-19 23:45:00,96696.43,96696.43,96556.79,96653.86,106.75
2025-02-20 00:00:00,96653.86,96697.33,96522.32,96546.62,176.58
2025-02-20 00:15:00,96546.62,96598.04,96424.59,96522.01,187.07
2025-02-20 00:30:00,96522.01,96558.53,96436.89,96551.13,134.33
2025-02-20 00:45:00,96551.13,96863.48,96548.59,96863.48,177.99
2025-02-20 01:00:00,96863.48,97003.49,96709.5,96728.27,322.35
2025-02-20 01:15:00,96728.27,96857.49,96703.61,96706.74,209.45
2025-02-20 01:30:00,96706.74,96740.75,96651.01,96696.79,130.93
2025-02-20 01:45:00,96696.79,96769.49,96636.59,96769.49,156.55
2025-02-20 02:00:00,96769.49,96955.64,96768.66,96948.51,110.71
2025-02-20 02:15:00,96948.51,96948.51,96832.18,96859.49,117.81
2025-02-20 02:30:00,96859.49,96938.49,96748.98,96881.45,169.47
2025-02-20 02:45:00,96881.45,97281.65,96881.45,97143.09,301.11
2025-02-20 03:00:00,97143.09,97368.96,97141.57,97159.5,351.75
2025-02-20 03:15:00,97159.5,97159.5,96988.79,96991.13,223.69
2025-02-20 03:30:00,96991.13,97127.48,96991.13,97083.81,123.87
2025-02-20 03:45:00,97083.81,97126.39,97033.79,97064.75,121.73
2025-02-20 04:00:00,97064.75,97141.49,97044.09,97135.1,105.06
2025-02-20 04:15:00,97135.1,97288.83,97077.51,97259.5,185.17
2025-02-20 04:30:00,97259.5,97347.5,97208.01,97226.45,200.36
2025-02-20 04:45:00,97226.45,97259.5,97175.5,97233.95,196.66
2025-02-20 05:00:00,97233.95,97233.95,97121.41,97131.5,106.48
2025-02-20 05:15:00,97131.5,97228.92,97021.67,97033.51,119.19
2025-02-20 05:30:00,97033.51,97151.96,97033.51,97122.29,90.5
2025-02-20 05:45:00,97122.29,97122.29,96900.97,96917.5,139.38
2025-02-20 06:00:00,96917.5,96932.46,96791.07,96814.08,376.7
2025-02-20 06:15:00,96814.08,96980.15,96814.08,96962.24,109.31
2025-02-20 06:30:00,96962.24,96999.4,96889.5,96956.0,108.09
2025-02-20 06:45:00,96956.0,96956.0,96877.38,96917.49,89.74
2025-02-20 07:00:00,96917.49,96932.43,96813.5,96838.34,148.4
2025-02-20 07:15:00,96838.34,96969.5,96838.34,96969.5,82.18
2025-02-20 07:30:00,96969.5,97095.65,96969.5,97021.33,105.67
2025-02-20 07:45:00,97021.33,97021.33,96877.42,96877.42,106.96
2025-02-20 08:00:00,96877.42,96897.78,96811.11,96885.4,98.4
2025-02-20 08:15:00,96885.4,96981.61,96858.08,96981.6,86.73
2025-02-20 08:30:00,96981.6,97035.23,96952.89,97035.23,94.08
2025-02-20 08:45:00,97035.23,97207.23,97010.01,97159.5,131.69
2025-02-20 09:00:00,97159.5,97264.25,97159.5,97237.63,95.16
2025-02-20 09:15:00,97237.63,97257.01,97189.43,97212.3,101.59
2025-02-20 09:30:00,97212.3,97286.42,97159.5,97286.42,97.48
2025-02-20 09:45:00,97286.42,97286.42,97192.77,97192.77,75.45
2025-02-20 10:00:00,97192.77,97209.5,97105.25,97121.02,73.63
2025-02-20 10:15:00,97121.02,97240.68,97121.02,97222.22,140.07
2025-02-20 10:30:00,97222.22,97308.5,97222.22,97285.83,83.56
2025-02-20 10:45:00,97285.83,97377.8,97259.17,97377.79,70.06
2025-02-20 11:00:00,97377.79,97389.46,97299.91,97299.91,142.22
2025-02-20 11:15:00,97299.91,97323.25,97266.97,97293.03,107.61
2025-02-20 11:30:00,97293.03,97293.03,97165.69,97205.01,105.47
2025-02-20 11:45:00,97205.01,97254.78,97171.61,97209.5,108.29
2025-02-20 12:00:00,97209.5,97474.43,97209.5,97466.7,188.31
2025-02-20 12:15:00,97466.7,97504.23,97382.44,97431.18,134.96
2025-02-20 12:30:00,97431.18,97551.5,97414.5,97502.02,164.47
2025-02-20 12:45:00,97502.02,97533.49,97370.91,97432.24,94.9
2025-02-20 13:00:00,97432.24,97503.24,97409.79,97409.79,182.74
2025-02-20 13:15:00,97409.79,97427.37,97327.87,97405.73,116.17
2025-02-20 13:30:00,97405.73,97519.73,97288.89,97326.99,241.55
2025-02-20 13:45:00,97326.99,97567.43,97326.99,97559.5,170.12
2025-02-20 14:00:00,97559.5,97759.49,97557.83,97742.27,434.56
2025-02-20 14:15:00,97742.27,97989.5,97717.41,97808.64,321.75
2025-02-20 14:30:00,97808.64,98061.1,97763.68,97763.68,611.89
2025-02-20 14:45:00,97763.68,97763.68,96887.01,96969.29,1074.71
2025-02-20 15:00:00,96969.29,97252.62,96809.11,97062.18,985.37
2025-02-20 15:15:00,97062.18,97262.5,96990.65,97100.24,533.89
2025-02-20 15:30:00,97100.24,97323.5,97059.5,97226.36,459.0
2025-02-20 15:45:00,97226.36,97231.64,96859.5,96908.19,466.64
2025-02-20 16:00:00,96908.19,97677.11,96897.5,97457.75,586.36
2025-02-20 16:15:00,97457.75,97710.62,97370.94,97710.62,500.01
2025-02-20 16:30:00,97710.62,97969.5,97561.5,97953.49,590.55
2025-02-20 16:45:00,97953.49,97977.5,97523.12,97560.22,438.53
2025-02-20 17:00:00,97560.22,97780.3,97556.66,97763.53,335.0
2025-02-20 17:15:00,97763.53,97965.78,97763.53,97885.72,219.33
2025-02-20 17:30:00,97885.72,97986.58,97819.5,97943.02,262.96
2025-02-20 17:45:00,97943.02,98006.92,97893.17,97968.23,187.85
2025-02-20 18:00:00,97968.23,98329.71,97952.84,98215.5,428.98
2025-02-20 18:15:00,98215.5,98423.01,98095.51,98286.36,298.68
2025-02-20 18:30:00,98286.36,98442.41,98135.45,98280.7,310.73
2025-02-20 18:45:00,98280.7,98358.01,98153.14,98304.58,217.16
2025-02-20 19:00:00,98304.58,98428.62,98302.47,98420.96,227.83
2025-02-20 19:15:00,98420.96,98523.1,98309.5,98476.29,328.17
2025-02-20 19:30:00,98476.29,98476.29,98251.49,98367.49,267.51
2025-02-20 19:45:00,98367.49,98461.66,98342.5,98432.3,269.04
2025-02-20 20:00:00,98432.3,98494.49,98323.23,98439.51,287.5
2025-02-20 20:15:00,98439.51,98717.4,98386.85,98602.52,381.85
2025-02-20 20:30:00,98602.52,98677.49,98424.59,98621.5,415.45
2025-02-20 20:45:00,98621.5,98647.07,98362.99,98462.34,384.72
2025-02-20 21:00:00,98462.34,98507.92,98274.86,98313.85,274.14
2025-02-20 21:15:00,98313.85,98315.3,98180.75,98180.75,169.4
2025-02-20 21:30:00,98180.75,98269.5,98123.5,98123.5,177.44
2025-02-20 21:45:00,98123.5,98165.94,98009.92,98108.33,146.92
2025-02-20 22:00:00,98108.33,98323.0,98075.64,98143.78,185.1
2025-02-20 22:15:00,98143.78,98201.4,98071.58,98186.28,117.66
2025-02-20 22:30:00,98186.28,98381.15,98186.28,98317.17,131.62
2025-02-20 22:45:00,98317.17,98317.17,98122.7,98148.86,203.44
2025-02-20 23:00:00,98148.86,98400.87,98124.51,98259.51,297.79
2025-02-20 23:15:00,98259.51,98417.16,98259.06,98315.25,115.02
2025-02-20 23:30:00,98315.25,98513.09,98315.24,98405.88,193.18
2025-02-20 23:45:00,98405.88,98434.32,98303.74,98305.5,102.89
2025-02-21 00:00:00,98305.5,98509.5,98305.5,98478.28,199.35
2025-02-21 00:15:00,98478.28,98478.28,98305.63,98342.77,138.61
2025-02-21 00:30:00,98342.77,98415.49,98158.72,98158.72,206.92
2025-02-21 00:45:00,98158.72,98264.11,98093.56,98249.41,194.86
2025-02-21 01:00:00,98249.41,98293.86,98154.47,98183.92,130.74
2025-02-21 01:15:00,98183.92,98238.58,98124.08,98180.99,119.48
2025-02-21 01:30:00,98180.99,98273.58,98122.7,98218.28,220.93
2025-02-21 01:45:00,98218.28,98352.27,98201.31,98321.49,145.27
2025-02-21 02:00:00,98321.49,98377.5,98237.65,98359.01,211.76
2025-02-21 02:15:00,98359.01,98379.5,98259.87,98269.68,178.28
2025-02-21 02:30:00,98269.68,98300.83,98174.22,98174.22,146.98
2025-02-21 02:45:00,98174.22,98238.17,98124.46,98124.46,139.42
2025-02-21 03:00:00,98124.46,98205.49,98095.46,98160.26,130.95
2025-02-21 03:15:00,98160.26,98299.49,98136.76,98266.29,108.43
2025-02-21 03:30:00,98266.29,98276.12,98113.62,98144.77,93.28
2025-02-21 03:45:00,98144.77,98181.49,98094.65,98149.49,88.12
2025-02-21 04:00:00,98149.49,98253.5,98149.49,98247.51,91.42
2025-02-21 04:15:00,98247.51,98273.35,98149.5,98177.45,85.64
2025-02-21 04:30:00,98177.45,98273.54,98128.79,98269.33,104.78
2025-02-21 04:45:00,98269.33,98269.33,98182.91,98211.5,79.36
2025-02-21 05:00:00,98211.5,98268.25,98166.44,98268.25,123.74
2025-02-21 05:15:00,98268.25,98300.78,98227.56,98270.9,123.71
2025-02-21 05:30:00,98270.9,98369.5,98254.01,98369.5,110.02
2025-02-21 05:45:00,98369.5,98398.81,98297.5,98339.68,104.92
2025-02-21 06:00:00,98339.68,98425.23,98302.13,98370.59,158.27
2025-02-21 06:15:00,98370.59,98426.6,98370.59,98379.88,87.08
2025-02-21 06:30:00,98379.88,98421.5,98370.13,98389.9,36.89
2025-02-21 06:45:00,98389.9,98419.5,98362.28,98419.5,45.65
2025-02-21 07:00:00,98419.5,98493.86,98396.67,98460.95,55.32
2025-02-21 07:15:00,98460.95,98619.66,98436.72,98437.56,138.11
2025-02-21 07:30:00,98437.56,98437.56,98251.62,98287.6,130.46
2025-02-21 07:45:00,98287.6,98308.27,98181.5,98181.5,50.89
2025-02-21 08:00:00,98181.5,98270.12,98179.5,98254.89,152.73
2025-02-21 08:15:00,98254.89,98254.89,98160.45,98191.7,118.23
2025-02-21 08:30:00,98191.7,98257.78,98159.5,98214.76,77.09
2025-02-21 08:45:00,98214.76,98246.94,98181.08,98213.86,76.4
2025-02-21 09:00:00,98213.86,98377.49,98213.86,98375.42,72.24
2025-02-21 09:15:00,98375.42,98898.39,98368.32,98381.95,684.68
2025-02-21 09:30:00,98381.95,98487.51,98131.5,98220.3,400.2
2025-02-21 09:45:00,98220.3,98381.81,98203.91,98344.03,177.63
2025-02-21 10:00:00,98344.03,98447.44,98250.13,98441.08,211.64
2025-02-21 10:15:00,98441.08,98537.49,98408.51,98420.54,94.91
2025-02-21 10:30:00,98420.54,98583.5,98420.54,98540.9,189.83
2025-02-21 10:45:00,98540.9,98689.33,98525.49,98617.04,139.31
2025-02-21 11:00:00,98617.04,98682.68,98500.34,98587.51,160.52
2025-02-21 11:15:00,98587.51,98794.49,98513.53,98775.3,242.48
2025-02-21 11:30:00,98775.3,98832.51,98668.29,98721.49,275.31
2025-02-21 11:45:00,98721.49,98733.49,98631.5,98631.5,94.92
2025-02-21 12:00:00,98631.5,98655.5,98541.35,98632.01,156.37
2025-02-21 12:15:00,98632.01,98906.69,98632.01,98872.29,276.95
2025-02-21 12:30:00,98872.29,98906.1,98754.85,98790.33,190.36
2025-02-21 12:45:00,98790.33,98955.79,98790.33,98913.5,234.5
2025-02-21 13:00:00,98913.5,99409.49,98809.51,99326.32,700.69
2025-02-21 13:15:00,99326.32,99361.12,99076.16,99216.25,448.02
2025-02-21 13:30:00,99216.25,99451.13,99216.25,99344.7,451.06
2025-02-21 13:45:00,99344.7,99476.22,99307.5,99344.42,428.57
2025-02-21 14:00:00,99344.42,99389.66,99082.63,99128.74,399.29
2025-02-21 14:15:00,99128.74,99219.43,98965.5,99064.27,466.86
2025-02-21 14:30:00,99064.27,99064.27,98355.19,98656.19,1120.34
2025-02-21 14:45:00,98656.19,99020.04,98543.11,98784.29,855.38
2025-02-21 15:00:00,98784.29,99302.46,98617.5,99200.3,1068.12
2025-02-21 15:15:00,99200.3,99340.36,97668.22,98232.12,1516.26
2025-02-21 15:30:00,98232.12,98232.12,97192.71,97609.5,1472.02
2025-02-21 15:45:00,97609.5,98298.82,97443.47,98109.06,1376.13
2025-02-21 16:00:00,98109.06,98571.58,97739.67,98557.64,1100.31
2025-02-21 16:15:00,98557.64,98759.5,98265.71,98305.5,916.81
2025-02-21 16:30:00,98305.5,98659.5,98205.4,98377.5,637.79
2025-02-21 16:45:00,98377.5,98377.5,98138.92,98225.31,510.13
2025-02-21 17:00:00,98225.31,98432.41,97965.3,97987.33,536.38
2025-02-21 17:15:00,97987.33,98197.27,97821.5,97921.48,651.62
2025-02-21 17:30:00,97921.48,97921.48,97120.61,97132.94,904.46
2025-02-21 17:45:00,97132.94,97186.14,96841.51,96981.4,930.87
2025-02-21 18:00:00,96981.4,97187.04,96692.45,96731.61,1140.03
2025-02-21 18:15:00,96731.61,97224.38,96731.61,97091.76,943.08
2025-02-21 18:30:00,97091.76,97121.49,96794.9,96865.15,644.09
2025-02-21 18:45:00,96865.15,96865.15,96532.15,96546.29,526.46
2025-02-21 19:00:00,96546.29,96829.02,96355.5,96589.96,825.2
2025-02-21 19:15:00,96589.96,96589.96,95873.73,95907.49,789.41
2025-02-21 19:30:00,95907.49,96299.04,95413.24,95455.32,1105.93
2025-02-21 19:45:00,95455.32,95765.93,95256.65,95294.6,1150.25
2025-02-21 20:00:00,95294.6,95673.15,95242.5,95293.79,960.0
2025-02-21 20:15:00,95293.79,95447.96,95148.0,95257.1,683.97
2025-02-21 20:30:00,95257.1,95593.5,95191.5,95367.35,789.1
2025-02-21 20:45:00,95367.35,95367.35,94881.5,95076.96,743.23
2025-02-21 21:00:00,95076.96,95419.18,95028.36,95379.1,810.21
2025-02-21 21:15:00,95379.1,95386.51,95092.87,95109.5,512.76
2025-02-21 21:30:00,95109.5,95305.98,95015.64,95179.3,500.86
2025-02-21 21:45:00,95179.3,95488.88,95179.3,95417.4,466.78
2025-02-21 22:00:00,95417.4,95624.88,95255.01,95562.3,407.63
2025-02-21 22:15:00,95562.3,95935.15,95480.08,95787.5,262.54
2025-02-21 22:30:00,95787.5,95916.36,95518.5,95754.1,383.18
2025-02-21 22:45:00,95754.1,95931.37,95670.9,95833.03,188.85
2025-02-21 23:00:00,95833.03,95916.4,95676.38,95797.01,311.77
2025-02-21 23:15:00,95797.01,96093.33,95797.01,96062.04,241.27
2025-02-21 23:30:00,96062.04,96176.04,96021.8,96171.02,185.47
2025-02-21 23:45:00,96171.02,96206.2,96142.89,96184.33,88.96
2025-02-22 00:00:00,96184.33,96194.64,95897.5,95994.94,264.57
2025-02-22 00:15:00,95994.94,96057.56,95780.94,95808.61,168.03
2025-02-22 00:30:00,95808.61,96171.5,95791.39,96146.11,194.61
2025-02-22 00:45:00,96146.11,96222.12,96100.81,96187.96,160.32
2025-02-22 01:00:00,96187.96,96293.36,96136.23,96279.34,213.19
2025-02-22 01:15:00,96279.34,96377.29,96199.88,96367.47,120.17
2025-02-22 01:30:00,96367.47,96459.49,96355.91,96422.8,103.83
2025-02-22 01:45:00,96422.8,96422.8,96196.87,96242.69,127.98
2025-02-22 02:00:00,96242.69,96296.57,96188.28,96234.91,133.65
2025-02-22 02:15:00,96234.91,96277.45,96120.02,96120.02,122.46
2025-02-22 02:30:00,96120.02,96459.7,96118.1,96434.6,166.09
2025-02-22 02:45:00,96434.6,96434.6,96258.3,96343.48,124.92
2025-02-22 03:00:00,96343.48,96343.48,96220.5,96220.5,130.64
2025-02-22 03:15:00,96220.5,96357.29,96220.5,96325.58,91.68
2025-02-22 03:30:00,96325.58,96325.58,96190.19,96202.61,85.28
2025-02-22 03:45:00,96202.61,96305.0,96166.03,96290.31,91.13
2025-02-22 04:00:00,96290.31,96438.49,96287.13,96435.67,146.26
2025-02-22 04:15:00,96435.67,96454.18,96335.66,96379.5,118.36
2025-02-22 04:30:00,96379.5,96469.5,96352.62,96443.5,122.44
2025-02-22 04:45:00,96443.5,96479.8,96366.1,96394.49,127.09
2025-02-22 05:00:00,96394.49,96422.37,96321.5,96404.55,104.58
2025-02-22 05:15:00,96404.55,96498.23,96404.55,96497.22,114.11
2025-02-22 05:30:00,96497.22,96528.35,96478.1,96528.35,95.72
2025-02-22 05:45:00,96528.35,96528.35,96443.52,96499.15,96.08
2025-02-22 06:00:00,96499.15,96585.5,96451.8,96490.8,128.93
2025-02-22 06:15:00,96490.8,96519.16,96434.89,96446.54,89.81
2025-02-22 06:30:00,96446.54,96489.49,96336.62,96366.13,78.29
2025-02-22 06:45:00,96366.13,96461.58,96366.13,96404.5,57.95
2025-02-22 07:00:00,96404.5,96496.83,96404.5,96425.68,111.77
2025-02-22 07:15:00,96425.68,96521.42,96399.62,96459.5,153.66
2025-02-22 07:30:00,96459.5,96480.48,96420.56,96432.93,175.13
2025-02-22 07:45:00,96432.93,96446.23,96297.59,96297.59,55.12
2025-02-22 08:00:00,96297.59,96358.1,96175.24,96175.24,91.95
2025-02-22 08:15:00,96175.24,96273.49,96172.96,96267.34,152.21
2025-02-22 08:30:00,96267.34,96301.46,96215.15,96223.77,121.77
2025-02-22 08:45:00,96223.77,96287.4,96169.78,96229.3,187.12
2025-02-22 09:00:00,96229.3,96433.49,96160.5,96379.17,329.67
2025-02-22 09:15:00,96379.17,96425.93,96332.2,96368.0,108.04
2025-02-22 09:30:00,96368.0,96424.6,96368.0,96393.13,71.43
2025-02-22 09:45:00,96393.13,96527.78,96393.13,96499.15,114.81
2025-02-22 10:00:00,96499.15,96588.74,96446.74,96504.38,247.07
2025-02-22 10:15:00,96504.38,96569.5,96504.38,96548.02,141.72
2025-02-22 10:30:00,96548.02,96553.19,96469.49,96535.81,100.56
2025-02-22 10:45:00,96535.81,96589.77,96463.61,96500.53,142.27
2025-02-22 11:00:00,96500.53,96562.4,96500.53,96533.97,104.93
2025-02-22 11:15:00,96533.97,96567.5,96522.46,96539.21,77.81
2025-02-22 11:30:00,96539.21,96600.33,96531.5,96600.33,70.4
2025-02-22 11:45:00,96600.33,96614.7,96573.01,96589.5,62.49
2025-02-22 12:00:00,96589.5,96680.43,96589.0,96655.17,56.72
2025-02-22 12:15:00,96655.17,96722.49,96584.5,96608.7,159.66
2025-02-22 12:30:00,96608.7,96798.44,96608.7,96718.59,109.41
2025-02-22 12:45:00,96718.59,96986.5,96718.59,96833.43,221.22
2025-02-22 13:00:00,96833.43,96893.68,96796.43,96838.48,185.17
2025-02-22 13:15:00,96838.48,96922.49,96778.14,96778.14,158.25
2025-02-22 13:30:00,96778.14,96778.14,96614.39,96668.37,171.97
2025-02-22 13:45:00,96668.37,96754.68,96537.8,96573.63,117.42
2025-02-22 14:00:00,96573.63,96713.76,96573.63,96618.03,120.99
2025-02-22 14:15:00,96618.03,96726.21,96614.28,96659.12,115.51
2025-02-22 14:30:00,96659.12,96699.23,96541.5,96624.82,158.81
2025-02-22 14:45:00,96624.82,96629.49,96529.49,96548.07,80.16
2025-02-22 15:00:00,96548.07,96640.5,96548.07,96605.99,1026.43
2025-02-22 15:15:00,96605.99,96608.58,96542.26,96566.79,67.51
2025-02-22 15:30:00,96566.79,96604.52,96494.87,96549.5,119.91
2025-02-22 15:45:00,96549.5,96715.38,96549.5,96601.5,200.35
2025-02-22 16:00:00,96601.5,96809.5,96601.5,96744.37,314.0
2025-02-22 16:15:00,96744.37,96820.53,96700.4,96730.34,207.56
2025-02-22 16:30:00,96730.34,96739.18,96648.57,96650.31,189.6
2025-02-22 16:45:00,96650.31,96688.48,96464.51,96513.51,172.03
2025-02-22 17:00:00,96513.51,96639.51,96486.11,96617.74,113.75
2025-02-22 17:15:00,96617.74,96630.38,96521.16,96609.93,97.45
2025-02-22 17:30:00,96609.93,96685.36,96548.66,96685.36,92.66
2025-02-22 17:45:00,96685.36,96695.17,96603.23,96641.5,105.44
2025-02-22 18:00:00,96641.5,96726.49,96641.5,96682.62,62.56
2025-02-22 18:15:00,96682.62,96774.49,96682.62,96774.49,52.23
2025-02-22 18:30:00,96774.49,96827.68,96659.49,96659.49,111.93
2025-02-22 18:45:00,96659.49,96659.49,96426.05,96461.02,130.89
2025-02-22 19:00:00,96461.02,96505.5,96354.99,96478.21,186.97
2025-02-22 19:15:00,96478.21,96601.5,96477.17,96600.08,92.28
2025-02-22 19:30:00,96600.08,96644.02,96584.2,96621.18,38.54
2025-02-22 19:45:00,96621.18,96649.49,96621.18,96649.49,16.62
2025-02-22 20:00:00,96649.49,96649.49,96544.22,96589.49,55.53
2025-02-22 20:15:00,96589.49,96613.28,96546.8,96548.67,63.93
2025-02-22 20:30:00,96548.67,96649.5,96517.5,96585.0,99.98
2025-02-22 20:45:00,96585.0,96608.81,96550.29,96587.5,67.99
2025-02-22 21:00:00,96587.5,96605.52,96537.51,96605.52,45.28
2025-02-22 21:15:00,96605.52,96605.52,96537.52,96537.52,234.19
2025-02-22 21:30:00,96537.52,96633.48,96536.7,96633.48,246.81
2025-02-22 21:45:00,96633.48,96674.13,96631.65,96674.13,15.07
2025-02-22 22:00:00,96674.13,96709.48,96653.94,96653.95,66.61
2025-02-22 22:15:00,96653.95,96661.63,96641.94,96641.94,13.24
2025-02-22 22:30:00,96641.94,96669.5,96613.27,96669.5,37.78
2025-02-22 22:45:00,96669.5,96688.34,96613.29,96643.55,72.2
2025-02-22 23:00:00,96643.55,96643.55,96499.5,96635.49,104.68
2025-02-22 23:15:00,96635.49,96659.02,96579.84,96614.25,55.84
2025-02-22 23:30:00,96614.25,96626.47,96586.02,96605.5,58.54
2025-02-22 23:45:00,96605.5,96605.5,96560.5,96560.5,22.79
2025-02-23 00:00:00,96560.5,96560.5,96501.5,96509.5,86.0
2025-02-23 00:15:00,96509.5,96611.9,96509.5,96547.49,121.08
2025-02-23 00:30:00,96547.49,96605.27,96547.49,96589.95,44.52
2025-02-23 00:45:00,96589.95,96638.33,96580.3,96638.33,57.09
2025-02-23 01:00:00,96638.33,96639.5,96564.0,96564.39,45.98
2025-02-23 01:15:00,96564.39,96564.39,96510.5,96515.51,48.35
2025-02-23 01:30:00,96515.51,96515.51,96424.48,96427.92,46.29
2025-02-23 01:45:00,96427.92,96483.49,96370.56,96461.2,94.02
2025-02-23 02:00:00,96461.2,96505.5,96413.31,96489.73,94.34
2025-02-23 02:15:00,96489.73,96489.73,96409.5,96433.03,52.17
2025-02-23 02:30:00,96433.03,96466.01,96396.74,96466.01,59.49
2025-02-23 02:45:00,96466.01,96470.22,96409.51,96419.5,104.63
2025-02-23 03:00:00,96419.5,96537.28,96392.12,96449.5,104.76
2025-02-23 03:15:00,96449.5,96566.38,96449.5,96537.82,77.31
2025-02-23 03:30:00,96537.82,96570.65,96486.69,96507.49,77.79
2025-02-23 03:45:00,96507.49,96534.92,96422.56,96422.56,114.32
2025-02-23 04:00:00,96422.56,96453.31,96386.85,96451.5,77.61
2025-02-23 04:15:00,96451.5,96529.0,96433.5,96469.63,75.74
2025-02-23 04:30:00,96469.63,96469.63,96441.7,96441.7,18.42
2025-02-23 04:45:00,96441.7,96449.59,96399.5,96399.5,42.04
2025-02-23 05:00:00,96399.5,96411.43,96356.72,96363.8,70.93
2025-02-23 05:15:00,96363.8,96363.8,96287.62,96327.4,68.19
2025-02-23 05:30:00,96327.4,96395.11,96277.5,96283.0,75.02
2025-02-23 05:45:00,96283.0,96286.49,96219.32,96219.5,91.05
2025-02-23 06:00:00,96219.5,96259.48,96153.5,96207.81,103.13
2025-02-23 06:15:00,96207.81,96322.48,96207.51,96291.5,133.42
2025-02-23 06:30:00,96291.5,96357.5,96245.18,96319.12,129.52
2025-02-23 06:45:00,96319.12,96354.11,96311.39,96346.99,75.33
2025-02-23 07:00:00,96346.99,96346.99,96307.87,96330.56,108.94
2025-02-23 07:15:00,96330.56,96472.87,96330.56,96409.5,149.82
2025-02-23 07:30:00,96409.5,96561.26,96409.5,96561.25,103.05
2025-02-23 07:45:00,96561.25,96561.25,96491.63,96518.35,75.47
2025-02-23 08:00:00,96518.35,96518.35,96405.8,96432.24,102.32
2025-02-23 08:15:00,96432.24,96444.36,96340.78,96340.78,80.1
2025-02-23 08:30:00,96340.78,96381.51,96338.71,96361.49,86.43
2025-02-23 08:45:00,96361.49,96367.77,96317.5,96364.81,91.23
2025-02-23 09:00:00,96364.81,96471.5,96327.02,96327.02,134.1
2025-02-23 09:15:00,96327.02,96346.08,96278.74,96315.63,54.89
2025-02-23 09:30:00,96315.63,96368.76,96271.32,96337.78,83.12
2025-02-23 09:45:00,96337.78,96377.36,96295.51,96295.51,84.68
2025-02-23 10:00:00,96295.51,96304.8,96221.59,96252.33,67.28
2025-02-23 10:15:00,96252.33,96280.5,96239.73,96261.87,1010.14
2025-02-23 10:30:00,96261.87,96261.87,96105.51,96141.5,131.08
2025-02-23 10:45:00,96141.5,96195.06,96102.36,96195.06,61.24
2025-02-23 11:00:00,96195.06,96229.78,96144.0,96228.38,69.93
2025-02-23 11:15:00,96228.38,96255.48,96204.5,96204.5,47.72
2025-02-23 11:30:00,96204.5,96204.5,96126.5,96159.5,58.95
2025-02-23 11:45:00,96159.5,96159.5,96095.2,96123.32,73.72
2025-02-23 12:00:00,96123.32,96164.63,96011.52,96036.88,98.7
2025-02-23 12:15:00,96036.88,96036.88,95824.15,95824.15,139.38
2025-02-23 12:30:00,95824.15,95876.44,95728.81,95767.83,160.76
2025-02-23 12:45:00,95767.83,95833.56,95668.34,95733.49,210.53
2025-02-23 13:00:00,95733.49,95962.77,95732.62,95862.17,254.54
2025-02-23 13:15:00,95862.17,95962.34,95730.83,95756.66,326.06
2025-02-23 13:30:00,95756.66,95902.87,95739.5,95887.48,223.69
2025-02-23 13:45:00,95887.48,95984.46,95874.61,95984.46,121.74
2025-02-23 14:00:00,95984.46,96050.06,95932.66,96038.19,139.78
2025-02-23 14:15:00,96038.19,96038.19,95936.82,95990.73,140.61
2025-02-23 14:30:00,95990.73,95990.73,95767.52,95845.5,588.12
2025-02-23 14:45:00,95845.5,95849.13,95562.27,95603.38,169.21
2025-02-23 15:00:00,95603.38,95722.13,95551.87,95628.5,186.38
2025-02-23 15:15:00,95628.5,95734.29,95628.5,95725.5,151.28
2025-02-23 15:30:00,95725.5,95725.5,95590.02,95617.74,177.14
2025-02-23 15:45:00,95617.74,95617.74,95423.75,95443.49,321.17
2025-02-23 16:00:00,95443.49,95633.18,95438.39,95572.95,208.09
2025-02-23 16:15:00,95572.95,95576.49,95464.51,95576.49,146.71
2025-02-23 16:30:00,95576.49,95601.43,95505.48,95538.49,118.09
2025-02-23 16:45:00,95538.49,95609.0,95430.0,95430.0,119.6
2025-02-23 17:00:00,95430.0,95474.15,95326.77,95343.93,196.6
2025-02-23 17:15:00,95343.93,95400.3,95270.26,95270.26,210.2
2025-02-23 17:30:00,95270.26,95599.65,95245.41,95584.11,336.32
2025-02-23 17:45:00,95584.11,95759.49,95506.59,95668.48,342.56
2025-02-23 18:00:00,95668.48,95731.68,95632.15,95664.51,177.77
2025-02-23 18:15:00,95664.51,95885.49,95664.51,95841.51,227.42
2025-02-23 18:30:00,95841.51,95884.43,95769.87,95769.87,182.7
2025-02-23 18:45:00,95769.87,95769.87,95669.95,95743.97,60.87
2025-02-23 19:00:00,95743.97,95807.44,95715.5,95777.55,103.99
2025-02-23 19:15:00,95777.55,95858.62,95735.71,95851.7,80.46
2025-02-23 19:30:00,95851.7,95851.7,95800.98,95800.98,66.31
2025-02-23 19:45:00,95800.98,95800.98,95735.51,95759.5,35.91
2025-02-23 20:00:00,95759.5,95813.19,95699.92,95761.16,65.3
2025-02-23 20:15:00,95761.16,95769.49,95723.5,95735.49,24.7
2025-02-23 20:30:00,95735.49,95751.16,95689.5,95751.16,40.86
2025-02-23 20:45:00,95751.16,95787.1,95751.16,95787.09,24.03
2025-02-23 21:00:00,95787.09,95787.09,95725.3,95729.5,29.77
2025-02-23 21:15:00,95729.5,95752.16,95661.68,95694.99,90.9
2025-02-23 21:30:00,95694.99,95719.49,95668.79,95685.9,26.69
2025-02-23 21:45:00,95685.9,95773.48,95685.9,95758.01,38.48
2025-02-23 22:00:00,95758.01,95771.51,95698.03,95698.03,22.11
2025-02-23 22:15:00,95698.03,95698.03,95552.23,95602.74,63.67
2025-02-23 22:30:00,95602.74,95859.55,95602.74,95855.14,50.08
2025-02-23 22:45:00,95855.14,95934.97,95796.63,95796.63,154.85
2025-02-23 23:00:00,95796.63,96186.37,95784.1,96182.25,561.5
2025-02-23 23:15:00,96182.25,96282.48,95866.64,95866.64,385.01
2025-02-23 23:30:00,95866.64,96037.5,95866.64,95998.96,160.13
2025-02-23 23:45:00,95998.96,96334.91,95998.96,96263.5,229.41
2025-02-24 00:00:00,96263.5,96509.5,96204.38,96490.51,280.25
2025-02-24 00:15:00,96490.51,96490.51,96324.61,96418.1,300.95
2025-02-24 00:30:00,96418.1,96418.1,96166.92,96313.49,243.11
2025-02-24 00:45:00,96313.49,96500.06,96250.15,96250.15,259.39
2025-02-24 01:00:00,96250.15,96343.9,96079.01,96135.22,253.69
2025-02-24 01:15:00,96135.22,96303.5,96069.5,96102.01,257.56
2025-02-24 01:30:00,96102.01,96111.3,95772.93,95877.5,391.74
2025-02-24 01:45:00,95877.5,95996.23,95779.5,95984.84,284.36
2025-02-24 02:00:00,95984.84,96201.9,95858.55,96095.71,270.03
2025-02-24 02:15:00,96095.71,96110.68,95823.51,95975.26,291.51
2025-02-24 02:30:00,95975.26,96081.2,95912.28,95945.81,297.8
2025-02-24 02:45:00,95945.81,96038.04,95762.19,95830.29,262.14
2025-02-24 03:00:00,95830.29,95830.29,95684.46,95752.12,303.88
2025-02-24 03:15:00,95752.12,95752.12,95493.51,95524.51,341.33
2025-02-24 03:30:00,95524.51,95781.4,95320.5,95747.47,526.93
2025-02-24 03:45:00,95747.47,95779.49,95442.71,95442.71,302.23
2025-02-24 04:00:00,95442.71,95606.52,95385.71,95480.66,463.01
2025-02-24 04:15:00,95480.66,95485.02,95299.27,95359.5,353.71
2025-02-24 04:30:00,95359.5,95392.61,95087.51,95289.52,621.98
2025-02-24 04:45:00,95289.52,95442.5,95248.0,95305.06,319.62
2025-02-24 05:00:00,95305.06,95498.97,95251.03,95477.48,349.03
2025-02-24 05:15:00,95477.48,95569.5,95382.57,95510.24,195.54
2025-02-24 05:30:00,95510.24,95729.83,95497.21,95707.61,184.97
2025-02-24 05:45:00,95707.61,95771.83,95678.98,95736.89,104.43
2025-02-24 06:00:00,95736.89,95745.34,95672.44,95683.07,136.28
2025-02-24 06:15:00,95683.07,95755.39,95622.06,95688.14,137.03
2025-02-24 06:30:00,95688.14,95820.82,95688.14,95735.32,119.58
2025-02-24 06:45:00,95735.32,95899.96,95735.32,95875.49,202.84
2025-02-24 07:00:00,95875.49,95954.49,95757.23,95782.46,114.48
2025-02-24 07:15:00,95782.46,95831.5,95705.5,95813.78,156.66
2025-02-24 07:30:00,95813.78,95917.43,95784.05,95784.05,222.59
2025-02-24 07:45:00,95784.05,95905.31,95729.14,95881.51,89.41
2025-02-24 08:00:00,95881.51,95937.24,95689.45,95730.19,216.92
2025-02-24 08:15:00,95730.19,95730.19,95420.6,95433.5,259.12
2025-02-24 08:30:00,95433.5,95587.75,95385.39,95557.62,220.77
2025-02-24 08:45:00,95557.62,95610.87,95469.5,95518.99,148.37
2025-02-24 09:00:00,95518.99,95762.01,95509.44,95736.93,205.5
2025-02-24 09:15:00,95736.93,96097.05,95694.52,96029.0,189.01
2025-02-24 09:30:00,96029.0,96181.37,95841.29,95851.92,228.69
2025-02-24 09:45:00,95851.92,95860.53,95563.45,95776.24,314.12
2025-02-24 10:00:00,95776.24,95924.53,95688.54,95766.07,239.08
2025-02-24 10:15:00,95766.07,95775.77,95571.51,95591.7,264.86
2025-02-24 10:30:00,95591.7,95647.5,95365.72,95564.34,320.31
2025-02-24 10:45:00,95564.34,95704.5,95521.6,95637.18,221.2
2025-02-24 11:00:00,95637.18,95691.49,95445.73,95478.49,279.21
2025-02-24 11:15:00,95478.49,95720.1,95420.51,95720.1,166.44
2025-02-24 11:30:00,95720.1,95817.29,95677.38,95782.35,203.72
2025-02-24 11:45:00,95782.35,95861.28,95728.83,95829.5,104.04
2025-02-24 12:00:00,95829.5,95840.93,95697.5,95803.51,125.72
2025-02-24 12:15:00,95803.51,95891.5,95755.5,95831.08,130.5
2025-02-24 12:30:00,95831.08,95947.48,95799.5,95856.35,216.6
2025-02-24 12:45:00,95856.35,95892.93,95756.32,95802.87,185.48
2025-02-24 13:00:00,95802.87,95849.5,95352.71,95787.49,640.79
2025-02-24 13:15:00,95787.49,95997.49,95729.88,95969.61,407.29
2025-02-24 13:30:00,95969.61,96099.59,95869.6,95883.9,285.02
2025-02-24 13:45:00,95883.9,95917.54,95604.06,95604.06,272.37
2025-02-24 14:00:00,95604.06,95783.07,95416.25,95433.71,371.8
2025-02-24 14:15:00,95433.71,95576.61,95395.5,95398.5,349.46
2025-02-24 14:30:00,95398.5,95809.49,95110.17,95144.41,943.95
2025-02-24 14:45:00,95144.41,95297.5,94587.51,94677.49,972.73
2025-02-24 15:00:00,94677.49,94968.8,94197.51,94891.5,1359.0
2025-02-24 15:15:00,94891.5,94960.5,94319.5,94335.5,1117.17
2025-02-24 15:30:00,94335.5,94481.5,94109.5,94109.5,781.32
2025-02-24 15:45:00,94109.5,94360.86,93826.77,94325.86,870.91
2025-02-24 16:00:00,94325.86,94969.49,94163.22,94737.1,895.53
2025-02-24 16:15:00,94737.1,94920.47,94438.07,94793.28,821.62
2025-02-24 16:30:00,94793.28,94835.38,94499.47,94781.5,679.68
2025-02-24 16:45:00,94781.5,94901.39,94329.5,94443.98,443.35
2025-02-24 17:00:00,94443.98,94679.83,94337.51,94613.33,636.33
2025-02-24 17:15:00,94613.33,95193.53,94594.74,94951.78,682.9
2025-02-24 17:30:00,94951.78,95129.6,94891.01,95127.56,552.26
2025-02-24 17:45:00,95127.56,95166.5,94583.04,94653.5,489.7
2025-02-24 18:00:00,94653.5,94763.57,94514.43,94665.72,466.57
2025-02-24 18:15:00,94665.72,94859.5,94523.01,94523.01,508.68
2025-02-24 18:30:00,94523.01,94562.33,94371.98,94371.98,449.67
2025-02-24 18:45:00,94371.98,94477.47,94144.63,94164.17,437.31
2025-02-24 19:00:00,94164.17,94407.89,94127.14,94325.69,539.65
2025-02-24 19:15:00,94325.69,94565.5,94252.74,94405.5,651.69
2025-02-24 19:30:00,94405.5,94494.86,93723.24,93769.2,717.59
2025-02-24 19:45:00,93769.2,94123.32,93684.67,93953.02,1082.94
2025-02-24 20:00:00,93953.02,94321.5,93845.54,94269.5,656.29
2025-02-24 20:15:00,94269.5,94484.33,94139.51,94187.5,636.24
2025-02-24 20:30:00,94187.5,94555.24,94187.5,94373.51,471.7
2025-02-24 20:45:00,94373.51,94575.79,94003.8,94021.5,624.36
2025-02-24 21:00:00,94021.5,94080.03,93627.5,93871.1,624.43
2025-02-24 21:15:00,93871.1,94120.75,93859.5,94107.5,369.03
2025-02-24 21:30:00,94107.5,94349.5,94107.5,94252.92,359.85
2025-02-24 21:45:00,94252.92,94264.22,93974.18,93974.18,404.46
2025-02-24 22:00:00,93974.18,93996.46,93127.5,93195.5,1778.18
2025-02-24 22:15:00,93195.5,93646.62,92994.29,93509.73,1191.22
2025-02-24 22:30:00,93509.73,93622.59,92952.29,93144.57,627.37
2025-02-24 22:45:00,93144.57,93144.68,92377.93,92441.56,1100.4
2025-02-24 23:00:00,92441.56,92875.54,92286.24,92509.51,778.02
2025-02-24 23:15:00,92509.51,92734.07,92012.51,92043.29,1014.91
2025-02-24 23:30:00,92043.29,92246.87,91616.5,92030.65,1196.64
2025-02-24 23:45:00,92030.65,92078.46,91358.76,91570.48,1061.06
2025-02-25 00:00:00,91570.48,91970.48,90921.87,91053.4,1156.07
2025-02-25 00:15:00,91053.4,92137.62,90976.66,91671.66,1023.64
2025-02-25 00:30:00,91671.66,91931.7,91453.94,91656.78,2132.09
2025-02-25 00:45:00,91656.78,92171.86,91472.5,91866.79,1083.85
2025-02-25 01:00:00,91866.79,92029.5,91174.69,91729.36,1120.7
2025-02-25 01:15:00,91729.36,92054.12,91594.3,91802.97,1340.69
2025-02-25 01:30:00,91802.97,92410.5,91755.63,92369.51,892.99
2025-02-25 01:45:00,92369.51,92374.79,91809.5,92041.5,727.63
2025-02-25 02:00:00,92041.5,92319.83,91809.5,91818.13,652.25
2025-02-25 02:15:00,91818.13,92117.98,91604.5,92113.13,869.24
2025-02-25 02:30:00,92113.13,92331.15,91991.51,92331.14,555.83
2025-02-25 02:45:00,92331.14,92534.75,92315.5,92386.15,554.7
2025-02-25 03:00:00,92386.15,92548.62,92179.37,92179.37,384.44
2025-02-25 03:15:00,92179.37,92231.72,91954.24,92076.17,1288.53
2025-02-25 03:30:00,92076.17,92387.03,92022.3,92303.63,492.72
2025-02-25 03:45:00,92303.63,92547.97,92136.56,92157.74,361.69
2025-02-25 04:00:00,92157.74,92159.34,91833.51,92068.57,693.19
2025-02-25 04:15:00,92068.57,92337.37,92068.57,92304.33,555.29
2025-02-25 04:30:00,92304.33,92315.95,91866.83,92027.41,633.81
2025-02-25 04:45:00,92027.41,92111.04,91909.5,91916.01,377.29
2025-02-25 05:00:00,91916.01,92009.48,91720.57,91962.61,645.84
2025-02-25 05:15:00,91962.61,92120.62,91869.5,91926.21,504.11
2025-02-25 05:30:00,91926.21,92074.61,91839.49,91936.31,480.02
2025-02-25 05:45:00,91936.31,92090.77,91870.75,92074.24,336.76
2025-02-25 06:00:00,92074.24,92133.96,91748.95,91780.19,391.21
2025-02-25 06:15:00,91780.19,91780.19,91542.1,91569.5,346.43
2025-02-25 06:30:00,91569.5,91676.15,91377.14,91594.34,296.35
2025-02-25 06:45:00,91594.34,91691.26,91216.42,91283.05,483.36
2025-02-25 07:00:00,91283.05,91451.31,90088.71,90393.46,1733.7
2025-02-25 07:15:00,90393.46,90734.11,89000.59,89413.5,2506.9
2025-02-25 07:30:00,89413.5,89572.11,88209.52,89123.81,2775.94
2025-02-25 07:45:00,89123.81,89584.29,88972.0,89368.8,1941.21
2025-02-25 08:00:00,89368.8,89978.2,89021.54,89850.67,1444.3
2025-02-25 08:15:00,89850.67,90009.49,89581.71,89659.48,1034.58
2025-02-25 08:30:00,89659.48,89968.83,89602.31,89685.5,767.84
2025-02-25 08:45:00,89685.5,89816.2,89371.63,89404.97,643.01
2025-02-25 09:00:00,89404.97,89595.47,89327.14,89357.07,748.03
2025-02-25 09:15:00,89357.07,89395.91,88571.98,88647.49,995.19
2025-02-25 09:30:00,88647.49,89159.13,88627.93,88984.88,1085.02
2025-02-25 09:45:00,88984.88,89116.91,88299.5,88311.01,1061.26
2025-02-25 10:00:00,88311.01,88904.83,87760.97,87766.63,1975.94
2025-02-25 10:15:00,87766.63,88072.16,86897.6,87791.51,2742.65
2025-02-25 10:30:00,87791.51,88471.01,87745.94,88028.37,1826.75
2025-02-25 10:45:00,88028.37,88347.86,87785.5,88223.27,1206.02
2025-02-25 11:00:00,88223.27,88358.85,87736.69,88167.51,1158.2
2025-02-25 11:15:00,88167.51,88188.77,87628.41,87747.52,1029.08
2025-02-25 11:30:00,87747.52,88920.52,87719.2,88857.51,1243.79
2025-02-25 11:45:00,88857.51,89367.62,88786.3,89241.39,1054.58
2025-02-25 12:00:00,89241.39,89373.48,89011.52,89253.52,914.45
2025-02-25 12:15:00,89253.52,89540.74,89122.71,89283.31,1385.39
2025-02-25 12:30:00,89283.31,89309.5,88963.13,89003.77,837.21
2025-02-25 12:45:00,89003.77,89421.53,88919.79,89403.65,737.1
2025-02-25 13:00:00,89403.65,89551.09,89096.7,89393.5,884.69
2025-02-25 13:15:00,89393.5,89407.31,89050.77,89060.5,671.25
2025-02-25 13:30:00,89060.5,89169.49,88760.14,89057.55,1025.83
2025-02-25 13:45:00,89057.55,89201.76,88819.51,88835.6,728.25
2025-02-25 14:00:00,88835.6,89149.48,88721.44,89128.41,669.71
2025-02-25 14:15:00,89128.41,89383.7,88588.18,89186.1,1264.25
2025-02-25 14:30:00,89186.1,89186.1,87948.59,88021.5,2095.0
2025-02-25 14:45:00,88021.5,88126.05,87087.51,87164.9,2247.55
2025-02-25 15:00:00,87164.9,87544.22,86752.72,86806.0,2890.38
2025-02-25 15:15:00,86806.0,87175.5,86255.24,86629.72,2740.66
2025-02-25 15:30:00,86629.72,87204.91,86060.5,87007.2,2499.52
2025-02-25 15:45:00,87007.2,87785.99,86933.75,87232.92,1839.26
2025-02-25 16:00:00,87232.92,87325.5,86772.44,87122.24,1761.81
2025-02-25 16:15:00,87122.24,87161.55,86326.25,86401.5,1514.8
2025-02-25 16:30:00,86401.5,87312.44,86171.32,87291.5,1537.44
2025-02-25 16:45:00,87291.5,87779.5,87231.5,87455.23,1335.59
2025-02-25 17:00:00,87455.23,87724.39,87116.91,87504.46,1178.64
2025-02-25 17:15:00,87504.46,87574.33,86850.83,87540.02,1243.62
2025-02-25 17:30:00,87540.02,87813.89,87127.14,87139.82,1204.14
2025-02-25 17:45:00,87139.82,87291.38,86868.3,87269.48,1110.9
2025-02-25 18:00:00,87269.48,87801.05,87217.29,87399.32,1233.0
2025-02-25 18:15:00,87399.32,87468.73,86934.26,86946.16,1008.11
2025-02-25 18:30:00,86946.16,87616.88,86935.3,87513.37,948.94
2025-02-25 18:45:00,87513.37,87635.65,87005.36,87069.5,923.4
2025-02-25 19:00:00,87069.5,87312.23,86704.09,86726.48,1152.18
2025-02-25 19:15:00,86726.48,86955.01,86518.26,86900.23,1048.87
2025-02-25 19:30:00,86900.23,87443.69,86821.23,87289.5,1183.99
2025-02-25 19:45:00,87289.5,88074.09,87179.32,87934.03,1173.94
2025-02-25 20:00:00,87934.03,88093.3,87632.14,87835.38,1123.6
2025-02-25 20:15:00,87835.38,88827.69,87744.32,88695.51,1340.41
2025-02-25 20:30:00,88695.51,89022.41,88223.5,88259.49,1348.5
2025-02-25 20:45:00,88259.49,88508.11,87874.3,88186.71,1202.26
2025-02-25 21:00:00,88186.71,88506.81,87771.4,87937.99,1012.97
2025-02-25 21:15:00,87937.99,88393.49,87885.35,88311.38,678.47
2025-02-25 21:30:00,88311.38,88460.86,88072.0,88455.51,508.94
2025-02-25 21:45:00,88455.51,88830.07,88455.51,88822.52,578.42
2025-02-25 22:00:00,88822.52,89469.67,88757.51,88964.14,866.12
2025-02-25 22:15:00,88964.14,89140.43,88784.98,88851.08,628.94
2025-02-25 22:30:00,88851.08,89059.82,88610.63,88649.38,387.36
2025-02-25 22:45:00,88649.38,88893.5,88521.84,88813.39,253.46
2025-02-25 23:00:00,88813.39,89125.49,88705.15,89004.71,558.29
2025-02-25 23:15:00,89004.71,89148.25,88966.46,89052.9,328.79
2025-02-25 23:30:00,89052.9,89071.41,88697.16,88783.57,375.39
2025-02-25 23:45:00,88783.57,88881.5,88688.74,88689.67,351.26
2025-02-26 00:00:00,88689.67,88689.67,88438.07,88492.82,396.2
2025-02-26 00:15:00,88492.82,88585.67,88273.65,88479.49,382.0
2025-02-26 00:30:00,88479.49,88515.72,88183.46,88209.5,436.68
2025-02-26 00:45:00,88209.5,88245.49,88159.3,88159.5,178.6
2025-02-26 01:00:00,88159.5,88419.23,88159.48,88345.47,352.37
2025-02-26 01:15:00,88345.47,88463.7,88235.91,88385.5,257.76
2025-02-26 01:30:00,88385.5,88567.01,88313.84,88370.05,387.57
2025-02-26 01:45:00,88370.05,88856.14,88358.97,88715.16,490.8
2025-02-26 02:00:00,88715.16,88749.5,88444.28,88723.28,365.98
2025-02-26 02:15:00,88723.28,88891.83,88723.28,88858.07,278.1
2025-02-26 02:30:00,88858.07,88868.47,88619.82,88683.95,301.42
2025-02-26 02:45:00,88683.95,89200.6,88676.68,89025.49,638.79
2025-02-26 03:00:00,89025.49,89357.32,89025.49,89280.21,437.21
2025-02-26 03:15:00,89280.21,89413.49,89120.5,89168.45,479.03
2025-02-26 03:30:00,89168.45,89189.55,88972.52,89002.8,331.4
2025-02-26 03:45:00,89002.8,89076.49,88895.86,88909.5,291.75
2025-02-26 04:00:00,88909.5,89087.54,88907.37,88939.58,274.25
2025-02-26 04:15:00,88939.58,89205.52,88918.81,89205.52,209.97
2025-02-26 04:30:00,89205.52,89248.85,89030.38,89141.58,338.44
2025-02-26 04:45:00,89141.58,89150.38,88697.51,88719.26,343.75
2025-02-26 05:00:00,88719.26,88876.06,88635.92,88830.1,368.37
2025-02-26 05:15:00,88830.1,88893.5,88671.5,88801.96,431.74
2025-02-26 05:30:00,88801.96,88828.14,88674.48,88796.77,283.55
2025-02-26 05:45:00,88796.77,88810.6,88408.15,88426.71,336.28
2025-02-26 06:00:00,88426.71,88723.77,88426.71,88648.37,340.08
2025-02-26 06:15:00,88648.37,88835.5,88630.13,88734.31,311.55
2025-02-26 06:30:00,88734.31,88871.47,88661.5,88759.49,232.99
2025-02-26 06:45:00,88759.49,88941.71,88759.49,88920.83,230.6
2025-02-26 07:00:00,88920.83,89167.68,88849.76,89108.23,274.97
2025-02-26 07:15:00,89108.23,89108.23,88988.83,89032.64,225.71
2025-02-26 07:30:00,89032.64,89032.64,88455.59,88592.33,405.18
2025-02-26 07:45:00,88592.33,88780.04,88537.8,88737.51,221.69
2025-02-26 08:00:00,88737.51,88814.84,88174.28,88363.99,606.45
2025-02-26 08:15:00,88363.99,88459.51,88248.05,88429.5,526.47
2025-02-26 08:30:00,88429.5,88507.55,88311.38,88438.81,384.65
2025-02-26 08:45:00,88438.81,88581.87,88433.86,88494.03,270.75
2025-02-26 09:00:00,88494.03,88687.42,88473.5,88640.31,238.61
2025-02-26 09:15:00,88640.31,89066.11,88640.31,88861.42,470.22
2025-02-26 09:30:00,88861.42,89178.68,88852.28,89156.77,372.91
2025-02-26 09:45:00,89156.77,89291.19,89028.36,89122.7,295.7
2025-02-26 10:00:00,89122.7,89124.39,88979.5,89065.78,271.13
2025-02-26 10:15:00,89065.78,89091.46,88891.85,89063.5,280.92
2025-02-26 10:30:00,89063.5,89234.99,89001.21,89165.98,260.86
2025-02-26 10:45:00,89165.98,89301.48,89043.69,89271.31,248.98
2025-02-26 11:00:00,89271.31,89271.69,89139.08,89199.72,171.55
2025-02-26 11:15:00,89199.72,89202.53,88926.82,88949.25,201.08
2025-02-26 11:30:00,88949.25,88964.86,88682.6,88774.53,465.25
2025-02-26 11:45:00,88774.53,88793.24,88569.74,88626.29,276.32
2025-02-26 12:00:00,88626.29,88680.98,88386.85,88445.23,477.95
2025-02-26 12:15:00,88445.23,88445.23,88189.51,88332.92,447.03
2025-02-26 12:30:00,88332.92,88436.98,88238.89,88258.78,332.6
2025-02-26 12:45:00,88258.78,88258.78,87627.75,87948.32,748.59
2025-02-26 13:00:00,87948.32,88100.39,87709.5,87737.54,894.96
2025-02-26 13:15:00,87737.54,87925.5,87527.98,87837.49,747.47
2025-02-26 13:30:00,87837.49,87903.51,87643.57,87764.54,578.38
2025-02-26 13:45:00,87764.54,87820.83,87057.23,87201.3,682.77
2025-02-26 14:00:00,87201.3,87202.68,86289.49,86519.5,1804.48
2025-02-26 14:15:00,86519.5,86594.81,85438.53,85937.36,2067.85
2025-02-26 14:30:00,85937.36,86883.76,85655.02,86685.5,2458.05
2025-02-26 14:45:00,86685.5,87723.51,86560.72,87643.51,2039.68
2025-02-26 15:00:00,87643.51,88527.51,87467.22,88345.49,1932.49
2025-02-26 15:15:00,88345.49,88369.49,87630.19,87693.84,1461.99
2025-02-26 15:30:00,87693.84,88197.49,87683.84,87737.9,1189.37
2025-02-26 15:45:00,87737.9,87961.87,87431.51,87575.85,1095.98
2025-02-26 16:00:00,87575.85,87800.71,86770.91,86895.5,1338.8
2025-02-26 16:15:00,86895.5,87026.97,86290.33,86879.76,1683.51
2025-02-26 16:30:00,86879.76,87377.49,86702.91,87236.64,1602.85
2025-02-26 16:45:00,87236.64,87259.49,86801.96,86810.05,1114.4
2025-02-26 17:00:00,86810.05,87307.5,86792.17,87217.8,843.98
2025-02-26 17:15:00,87217.8,87281.5,86651.5,87028.37,1300.46
2025-02-26 17:30:00,87028.37,87131.94,86281.52,86670.52,1338.58
2025-02-26 17:45:00,86670.52,86764.73,85700.0,86057.5,1525.47
2025-02-26 18:00:00,86057.5,86505.19,85891.51,86438.38,1604.45
2025-02-26 18:15:00,86438.38,86438.38,85162.22,85162.22,1576.85
2025-02-26 18:30:00,85162.22,85613.78,83468.17,84767.1,3307.85
2025-02-26 18:45:00,84767.1,85108.58,83795.52,84284.81,2804.1
2025-02-26 19:00:00,84284.81,84849.72,83862.7,84619.11,2164.67
2025-02-26 19:15:00,84619.11,85090.25,84232.32,84331.18,1693.55
2025-02-26 19:30:00,84331.18,84677.17,83995.13,84031.71,1543.0
2025-02-26 19:45:00,84031.71,84336.01,83756.39,83866.48,1376.78
2025-02-26 20:00:00,83866.48,84293.02,83047.5,83170.05,1685.64
2025-02-26 20:15:00,83170.05,83893.49,82265.5,83534.99,3044.77
2025-02-26 20:30:00,83534.99,84206.92,83191.72,84157.78,1707.3
2025-02-26 20:45:00,84157.78,84629.5,84025.89,84399.62,1478.1
2025-02-26 21:00:00,84399.62,84590.11,83941.43,84470.0,1330.04
2025-02-26 21:15:00,84470.0,85134.84,84096.84,84462.34,2360.31
2025-02-26 21:30:00,84462.34,84497.83,83771.14,83771.52,1635.72
2025-02-26 21:45:00,83771.52,84622.45,83491.5,84617.6,1557.86
2025-02-26 22:00:00,84617.6,85409.5,84524.49,84890.95,1963.08
2025-02-26 22:15:00,84890.95,85033.5,84423.68,84423.68,1256.05
2025-02-26 22:30:00,84423.68,84560.14,84169.5,84304.76,864.69
2025-02-26 22:45:00,84304.76,84956.8,84304.75,84445.46,642.27
2025-02-26 23:00:00,84445.46,84784.55,84312.32,84312.32,1205.82
2025-02-26 23:15:00,84312.32,84380.07,83934.04,84189.5,797.69
2025-02-26 23:30:00,84189.5,84235.92,83927.88,84021.47,860.71
2025-02-26 23:45:00,84021.47,84306.28,83969.5,84259.58,696.6
2025-02-27 00:00:00,84259.58,84642.74,84259.5,84343.45,1057.58
2025-02-27 00:15:00,84343.45,84684.1,84171.94,84408.73,978.66
2025-02-27 00:30:00,84408.73,84759.87,84040.7,84687.74,1012.65
2025-02-27 00:45:00,84687.74,84815.65,84629.5,84753.29,793.85
2025-02-27 01:00:00,84753.29,84753.29,84333.51,84706.44,863.97
2025-02-27 01:15:00,84706.44,85453.68,84636.01,85243.99,918.86
2025-02-27 01:30:00,85243.99,85370.41,84873.48,84915.17,803.32
2025-02-27 01:45:00,84915.17,85059.88,84759.5,84772.74,627.74
2025-02-27 02:00:00,84772.74,84876.88,84609.5,84751.51,1468.12
2025-02-27 02:15:00,84751.51,85220.03,84735.52,84948.25,709.18
2025-02-27 02:30:00,84948.25,84948.25,84470.79,84559.5,792.52
2025-02-27 02:45:00,84559.5,84663.1,84209.5,84303.49,711.77
2025-02-27 03:00:00,84303.49,84839.74,84296.98,84735.54,657.02
2025-02-27 03:15:00,84735.54,85006.09,84688.75,84759.08,654.03
2025-02-27 03:30:00,84759.08,85159.5,84723.98,84981.01,547.15
2025-02-27 03:45:00,84981.01,85349.93,84979.78,85235.82,513.23
2025-02-27 04:00:00,85235.82,85377.43,84990.63,85028.36,654.77
2025-02-27 04:15:00,85028.36,85155.75,84706.19,84833.16,608.36
2025-02-27 04:30:00,84833.16,85039.5,84718.31,85036.11,660.83
2025-02-27 04:45:00,85036.11,85302.23,84923.96,85176.96,495.94
2025-02-27 05:00:00,85176.96,85634.36,85067.17,85559.48,672.75
2025-02-27 05:15:00,85559.48,85668.77,85325.32,85325.32,510.93
2025-02-27 05:30:00,85325.32,85808.13,85323.86,85737.82,464.37
2025-02-27 05:45:00,85737.82,85954.24,85737.82,85896.05,572.31
2025-02-27 06:00:00,85896.05,85933.5,85717.14,85791.51,480.9
2025-02-27 06:15:00,85791.51,86189.9,85763.43,86113.24,587.24
2025-02-27 06:30:00,86113.24,86739.5,86047.89,86419.15,678.13
2025-02-27 06:45:00,86419.15,86491.69,86214.67,86268.17,641.44
2025-02-27 07:00:00,86268.17,86461.12,86115.77,86115.77,667.07
2025-02-27 07:15:00,86115.77,86528.66,86115.77,86393.1,483.29
2025-02-27 07:30:00,86393.1,86603.83,86262.64,86427.99,593.66
2025-02-27 07:45:00,86427.99,86549.5,86281.68,86281.68,509.69
2025-02-27 08:00:00,86281.68,86448.78,86231.23,86243.05,659.56
2025-02-27 08:15:00,86243.05,86305.22,85936.6,85970.54,553.0
2025-02-27 08:30:00,85970.54,86170.85,85913.94,86013.88,548.47
2025-02-27 08:45:00,86013.88,86127.13,85918.83,86087.97,552.62
2025-02-27 09:00:00,86087.97,86361.32,85990.63,86082.42,685.07
2025-02-27 09:15:00,86082.42,86181.8,85877.5,86179.3,599.66
2025-02-27 09:30:00,86179.3,86336.7,86160.13,86278.79,445.51
2025-02-27 09:45:00,86278.79,86334.75,86106.69,86174.55,263.87
2025-02-27 10:00:00,86174.55,86498.63,86053.65,86371.37,468.11
2025-02-27 10:15:00,86371.37,86470.43,86274.05,86411.17,297.39
2025-02-27 10:30:00,86411.17,86519.48,86310.03,86472.42,268.82
2025-02-27 10:45:00,86472.42,87080.44,86386.85,87030.18,594.52
2025-02-27 11:00:00,87030.18,87085.39,86633.49,86774.71,618.6
2025-02-27 11:15:00,86774.71,86933.5,86651.0,86651.0,476.05
2025-02-27 11:30:00,86651.0,86668.37,86484.07,86511.09,382.14
2025-02-27 11:45:00,86511.09,86795.96,86399.37,86700.15,468.49
2025-02-27 12:00:00,86700.15,86797.16,86262.04,86389.5,621.72
2025-02-27 12:15:00,86389.5,86500.74,86273.65,86492.94,433.45
2025-02-27 12:30:00,86492.94,86693.49,86368.16,86693.49,490.87
2025-02-27 12:45:00,86693.49,86693.49,86280.44,86340.09,441.53
2025-02-27 13:00:00,86340.09,86439.41,86253.73,86435.27,377.45
2025-02-27 13:15:00,86435.27,86532.01,86264.99,86462.84,518.84
2025-02-27 13:30:00,86462.84,86777.49,86021.51,86622.73,1505.76
2025-02-27 13:45:00,86622.73,86776.11,85789.01,86127.07,1612.8
2025-02-27 14:00:00,86127.07,86359.5,86017.85,86077.86,1234.38
2025-02-27 14:15:00,86077.86,86411.08,85594.41,86322.35,1077.06
2025-02-27 14:30:00,86322.35,86419.49,85467.51,85585.45,2048.59
2025-02-27 14:45:00,85585.45,85875.69,84967.0,84992.17,1844.49
2025-02-27 15:00:00,84992.17,85588.97,84659.8,85313.1,2164.04
2025-02-27 15:15:00,85313.1,85770.18,85257.54,85688.15,1573.05
2025-02-27 15:30:00,85688.15,86145.47,85394.79,85788.97,1549.0
2025-02-27 15:45:00,85788.97,85972.07,85499.71,85510.34,1342.8
2025-02-27 16:00:00,85510.34,85701.01,85502.15,85598.33,995.88
2025-02-27 16:15:00,85598.33,85654.75,84825.07,84933.5,884.26
2025-02-27 16:30:00,84933.5,85056.78,84664.5,84952.89,1173.62
2025-02-27 16:45:00,84952.89,85028.36,84377.44,84477.36,1101.07
2025-02-27 17:00:00,84477.36,84744.97,84392.63,84630.63,964.49
2025-02-27 17:15:00,84630.63,84756.04,84384.53,84745.46,838.33
2025-02-27 17:30:00,84745.46,85046.33,84373.49,84473.46,946.97
2025-02-27 17:45:00,84473.46,84606.49,84389.33,84606.49,695.34
2025-02-27 18:00:00,84606.49,84999.74,84599.02,84932.48,812.38
2025-02-27 18:15:00,84932.48,84935.04,84525.5,84575.54,691.77
2025-02-27 18:30:00,84575.54,84881.49,84537.8,84759.04,549.71
2025-02-27 18:45:00,84759.04,84969.98,84597.5,84644.82,600.13
2025-02-27 19:00:00,84644.82,84657.45,84199.51,84254.97,713.68
2025-02-27 19:15:00,84254.97,84379.49,84015.01,84035.91,731.17
2025-02-27 19:30:00,84035.91,84035.91,83624.25,83951.74,1178.52
2025-02-27 19:45:00,83951.74,84213.02,83753.45,84123.48,1006.39
2025-02-27 20:00:00,84123.48,84173.87,83061.5,83229.47,1125.61
2025-02-27 20:15:00,83229.47,83314.99,82854.17,82924.36,1203.34
2025-02-27 20:30:00,82924.36,83436.97,82733.5,83420.87,1346.6
2025-02-27 20:45:00,83420.87,83862.42,83036.92,83534.48,1484.88
2025-02-27 21:00:00,83534.48,83869.5,83235.92,83841.45,1195.99
2025-02-27 21:15:00,83841.45,84272.0,83824.95,83949.78,992.17
2025-02-27 21:30:00,83949.78,84412.86,83898.3,84207.2,872.59
2025-02-27 21:45:00,84207.2,84437.2,84112.78,84412.28,775.57
2025-02-27 22:00:00,84412.28,84419.5,83968.21,84196.41,604.08
2025-02-27 22:15:00,84196.41,84199.64,84029.67,84051.5,346.76
2025-02-27 22:30:00,84051.5,84379.51,83890.58,84247.85,333.95
2025-02-27 22:45:00,84247.85,84764.75,84247.85,84735.51,386.7
2025-02-27 23:00:00,84735.51,84745.35,84431.52,84561.55,798.05
2025-02-27 23:15:00,84561.55,84807.48,84540.95,84613.27,390.22
2025-02-27 23:30:00,84613.27,84929.83,84503.81,84694.2,516.42
2025-02-27 23:45:00,84694.2,84858.56,84632.14,84721.51,257.54
2025-02-28 00:00:00,84721.51,84896.3,84549.72,84561.8,380.83
2025-02-28 00:15:00,84561.8,84792.81,84553.52,84556.66,367.63
2025-02-28 00:30:00,84556.66,84698.66,84434.51,84475.87,426.49
2025-02-28 00:45:00,84475.87,84475.87,84223.94,84283.08,463.57
2025-02-28 01:00:00,84283.08,84406.0,84232.48,84293.0,362.44
2025-02-28 01:15:00,84293.0,84293.0,83047.25,83193.14,1003.81
2025-02-28 01:30:00,83193.14,83246.58,81131.5,82537.5,4118.24
2025-02-28 01:45:00,82537.5,82945.89,81671.0,81711.5,2130.79
2025-02-28 02:00:00,81711.5,82882.41,81276.3,82457.52,2401.28
2025-02-28 02:15:00,82457.52,82468.42,81691.5,81959.03,1258.94
2025-02-28 02:30:00,81959.03,81978.58,79565.05,80008.38,4089.44
2025-02-28 02:45:00,80008.38,80842.82,79542.31,80805.0,3078.62
2025-02-28 03:00:00,80805.0,81545.02,80660.91,81050.16,1901.16
2025-02-28 03:15:00,81050.16,81435.53,80771.46,80937.97,1280.43
2025-02-28 03:30:00,80937.97,81077.32,80427.36,80985.64,1253.97
2025-02-28 03:45:00,80985.64,80985.64,80271.45,80453.5,1360.59
2025-02-28 04:00:00,80453.5,80571.89,79409.5,80026.77,2645.55
2025-02-28 04:15:00,80026.77,80709.39,79958.47,80346.84,1693.95
2025-02-28 04:30:00,80346.84,80723.85,79554.31,80720.3,2066.75
2025-02-28 04:45:00,80720.3,80977.49,80296.28,80419.99,1651.29
2025-02-28 05:00:00,80419.99,80543.45,79849.03,79850.13,1800.48
2025-02-28 05:15:00,79850.13,80307.02,79627.5,79788.61,1886.33
2025-02-28 05:30:00,79788.61,80100.64,79518.5,79898.67,1995.99
2025-02-28 05:45:00,79898.67,79983.3,79164.5,79983.3,2093.72
2025-02-28 06:00:00,79983.3,80440.69,79575.53,79575.53,1876.86
2025-02-28 06:15:00,79575.53,79890.21,79242.89,79499.5,1778.2
2025-02-28 06:30:00,79499.5,79864.56,79319.84,79349.12,1519.97
2025-02-28 06:45:00,79349.12,79609.5,79047.11,79354.07,1874.99
2025-02-28 07:00:00,79354.07,79998.34,79304.16,79753.92,1268.52
2025-02-28 07:15:00,79753.92,80230.5,79397.67,79519.25,1199.82
2025-02-28 07:30:00,79519.25,79669.49,78945.47,79248.42,1468.08
2025-02-28 07:45:00,79248.42,79279.49,78859.12,79217.25,1315.34
2025-02-28 08:00:00,79217.25,79445.32,78655.64,78795.52,1465.26
2025-02-28 08:15:00,78795.52,78931.5,78381.0,78871.52,2323.36
2025-02-28 08:30:00,78871.52,79250.22,78505.05,78505.05,1801.31
2025-02-28 08:45:00,78505.05,79107.5,78269.17,78985.49,1711.0
2025-02-28 09:00:00,78985.49,79452.11,78905.72,79165.48,5286.91
2025-02-28 09:15:00,79165.48,80487.5,79143.5,80430.6,1402.54
2025-02-28 09:30:00,80430.6,80733.49,80085.6,80144.11,1623.79
2025-02-28 09:45:00,80144.11,80519.5,80049.5,80348.49,1173.21
2025-02-28 10:00:00,80348.49,80470.23,79688.95,79947.11,1121.26
2025-02-28 10:15:00,79947.11,80128.66,79577.34,79962.56,974.11
2025-02-28 10:30:00,79962.56,80043.27,79594.39,79889.5,855.72
2025-02-28 10:45:00,79889.5,80278.0,79809.5,80020.5,890.27
2025-02-28 11:00:00,80020.5,80359.63,79990.63,80300.88,1093.03
2025-02-28 11:15:00,80300.88,80667.84,80209.5,80626.17,866.59
2025-02-28 11:30:00,80626.17,80844.12,80483.49,80600.58,966.53
2025-02-28 11:45:00,80600.58,80800.2,80421.42,80545.37,765.05
2025-02-28 12:00:00,80545.37,80552.75,80189.5,80349.12,1143.85
2025-02-28 12:15:00,80349.12,80533.12,80209.5,80209.5,893.17
2025-02-28 12:30:00,80209.5,80400.25,80084.97,80189.5,994.58
2025-02-28 12:45:00,80189.5,80839.42,80158.0,80790.55,977.88
2025-02-28 13:00:00,80790.55,81409.5,80654.19,80983.61,1467.12
2025-02-28 13:15:00,80983.61,81120.61,80630.6,80751.5,1415.23
2025-02-28 13:30:00,80751.5,81760.75,80727.87,81506.82,2357.02
2025-02-28 13:45:00,81506.82,81817.95,81322.83,81521.91,1358.47
2025-02-28 14:00:00,81521.91,82384.22,81521.91,81963.53,1593.0
2025-02-28 14:15:00,81963.53,82195.94,81638.77,81862.87,1453.4
2025-02-28 14:30:00,81862.87,82439.42,81089.05,82338.14,2706.3
2025-02-28 14:45:00,82338.14,82549.3,81821.97,82124.91,2254.43
2025-02-28 15:00:00,82124.91,83342.8,82007.75,83327.42,2056.33
2025-02-28 15:15:00,83327.42,84295.41,83205.19,84295.41,2038.39
2025-02-28 15:30:00,84295.41,84435.38,83717.52,83753.5,1768.88
2025-02-28 15:45:00,83753.5,84231.45,83739.5,84037.88,1422.27
2025-02-28 16:00:00,84037.88,84109.37,83502.57,83603.48,1575.83
2025-02-28 16:15:00,83603.48,83879.77,83517.89,83631.19,1152.45
2025-02-28 16:30:00,83631.19,84923.83,83609.5,84685.12,1330.47
2025-02-28 16:45:00,84685.12,84789.12,84066.1,84373.19,1477.02
2025-02-28 17:00:00,84373.19,84401.05,83952.89,84189.5,1264.52
2025-02-28 17:15:00,84189.5,84382.37,83871.5,84189.36,1122.11
2025-02-28 17:30:00,84189.36,84286.85,83620.73,83675.0,979.24
2025-02-28 17:45:00,83675.0,83934.37,83594.39,83627.6,879.81
2025-02-28 18:00:00,83627.6,83924.6,83595.42,83924.6,959.3
2025-02-28 18:15:00,83924.6,84125.38,83206.21,83872.5,1409.8
2025-02-28 18:30:00,83872.5,84918.67,83711.67,84413.72,1499.78
2025-02-28 18:45:00,84413.72,85122.96,84349.33,84460.06,1464.11
2025-02-28 19:00:00,84460.06,84763.97,84231.44,84311.2,1422.3
2025-02-28 19:15:00,84311.2,84677.84,84288.65,84499.5,1116.94
2025-02-28 19:30:00,84499.5,84819.85,84443.47,84752.49,1140.4
2025-02-28 19:45:00,84752.49,84767.37,84323.83,84460.21,803.29
2025-02-28 20:00:00,84460.21,84801.01,84342.78,84504.84,1052.65
2025-02-28 20:15:00,84504.84,84522.33,83609.5,83921.0,1174.69
2025-02-28 20:30:00,83921.0,83943.78,83619.92,83884.09,1107.36
2025-02-28 20:45:00,83884.09,84393.07,83659.0,84201.66,1250.36
2025-02-28 21:00:00,84201.66,84546.54,84041.52,84430.81,758.19
2025-02-28 21:15:00,84430.81,84596.78,84214.52,84260.13,526.49
2025-02-28 21:30:00,84260.13,84297.81,84009.68,84277.84,643.08
2025-02-28 21:45:00,84277.84,84423.99,84138.34,84278.53,593.1
2025-02-28 22:00:00,84278.53,84488.08,84217.27,84277.66,415.14
2025-02-28 22:15:00,84277.66,84440.72,84124.45,84180.34,473.14
2025-02-28 22:30:00,84180.34,84339.17,83901.5,84163.83,1051.48
2025-02-28 22:45:00,84163.83,84263.59,83909.5,84152.13,579.97
2025-02-28 23:00:00,84152.13,84281.1,84023.5,84061.62,568.22
2025-02-28 23:15:00,84061.62,84192.4,84045.5,84181.07,202.15
2025-02-28 23:30:00,84181.07,84419.5,84141.57,84404.38,248.23
2025-02-28 23:45:00,84404.38,84556.66,84353.32,84358.95,417.34
2025-03-01 00:00:00,84358.95,84539.08,84266.65,84539.08,387.54
2025-03-01 00:15:00,84539.08,84638.42,84280.41,84280.41,410.91
2025-03-01 00:30:00,84280.41,84301.05,84045.5,84171.7,340.71
2025-03-01 00:45:00,84171.7,84191.41,83834.28,83873.92,348.4
2025-03-01 01:00:00,83873.92,84075.0,83861.36,84005.29,361.99
2025-03-01 01:15:00,84005.29,84124.54,83855.36,83988.5,361.72
2025-03-01 01:30:00,83988.5,84528.3,83912.77,84528.3,508.4
2025-03-01 01:45:00,84528.3,84871.84,84409.51,84666.42,766.01
2025-03-01 02:00:00,84666.42,84793.43,84367.85,84715.5,656.14
2025-03-01 02:15:00,84715.5,85081.68,84578.29,85080.08,679.85
2025-03-01 02:30:00,85080.08,85509.49,84964.58,85500.63,991.45
2025-03-01 02:45:00,85500.63,85672.68,85217.44,85245.19,664.28
2025-03-01 03:00:00,85245.19,85379.46,84993.85,85040.1,608.12
2025-03-01 03:15:00,85040.1,85091.5,84971.76,85016.4,337.02
2025-03-01 03:30:00,85016.4,85519.62,85001.51,85210.24,694.34
2025-03-01 03:45:00,85210.24,85450.95,85151.36,85334.05,455.99
2025-03-01 04:00:00,85334.05,85935.76,85319.51,85898.53,587.91
2025-03-01 04:15:00,85898.53,85999.13,85799.74,85967.03,579.28
2025-03-01 04:30:00,85967.03,86561.5,85905.5,86544.75,818.72
2025-03-01 04:45:00,86544.75,86555.5,86031.49,86199.5,655.26
2025-03-01 05:00:00,86199.5,86272.93,85920.2,85920.2,428.67
2025-03-01 05:15:00,85920.2,86006.82,85715.76,85846.0,429.4
2025-03-01 05:30:00,85846.0,85918.36,85735.91,85765.51,284.78
2025-03-01 05:45:00,85765.51,85765.51,85583.51,85583.51,162.72
2025-03-01 06:00:00,85583.51,85672.97,85421.51,85460.36,405.07
2025-03-01 06:15:00,85460.36,85491.51,85233.06,85273.65,410.19
2025-03-01 06:30:00,85273.65,85290.74,84852.33,85043.59,656.89
2025-03-01 06:45:00,85043.59,85112.44,84981.19,85083.71,253.42
2025-03-01 07:00:00,85083.71,85083.71,84962.76,85001.71,152.0
2025-03-01 07:15:00,85001.71,85071.09,84979.36,85028.44,153.05
2025-03-01 07:30:00,85028.44,85028.44,84765.36,84842.54,320.76
2025-03-01 07:45:00,84842.54,84941.89,84750.93,84750.93,250.04
2025-03-01 08:00:00,84750.93,85046.24,84750.93,85030.01,281.91
2025-03-01 08:15:00,85030.01,85300.21,85030.01,85205.5,455.37
2025-03-01 08:30:00,85205.5,85336.44,85081.85,85104.85,379.47
2025-03-01 08:45:00,85104.85,85342.18,85034.31,85318.37,355.99
2025-03-01 09:00:00,85318.37,85441.5,85260.15,85360.92,317.81
2025-03-01 09:15:00,85360.92,85509.48,85359.54,85467.9,342.56
2025-03-01 09:30:00,85467.9,85487.53,85205.39,85205.39,365.98
2025-03-01 09:45:00,85205.39,85401.13,85127.53,85389.5,284.42
2025-03-01 10:00:00,85389.5,85445.4,85071.5,85209.4,293.44
2025-03-01 10:15:00,85209.4,85349.12,84899.14,85309.5,446.03
2025-03-01 10:30:00,85309.5,85309.5,84985.59,85074.52,395.57
2025-03-01 10:45:00,85074.52,85105.39,84809.5,84915.26,345.17
2025-03-01 11:00:00,84915.26,84972.43,84539.5,84539.5,521.2
2025-03-01 11:15:00,84539.5,84613.7,84392.13,84469.85,461.46
2025-03-01 11:30:00,84469.85,84701.02,84420.93,84682.57,322.37
2025-03-01 11:45:00,84682.57,84684.05,84609.52,84642.28,187.74
2025-03-01 12:00:00,84642.28,84680.4,84561.81,84609.5,139.98
2025-03-01 12:15:00,84609.5,84833.81,84514.26,84514.26,279.58
2025-03-01 12:30:00,84514.26,84736.14,84486.75,84692.32,512.73
2025-03-01 12:45:00,84692.32,84949.49,84692.32,84766.93,395.21
2025-03-01 13:00:00,84766.93,84944.03,84588.54,84597.22,468.21
2025-03-01 13:15:00,84597.22,84661.28,84343.9,84452.73,670.78
2025-03-01 13:30:00,84452.73,84623.04,84379.81,84504.07,398.87
2025-03-01 13:45:00,84504.07,84603.23,84387.09,84539.14,468.55
2025-03-01 14:00:00,84539.14,84868.05,84492.77,84645.43,427.73
2025-03-01 14:15:00,84645.43,84754.28,84481.19,84562.94,548.69
2025-03-01 14:30:00,84562.94,84709.49,84435.61,84609.5,394.19
2025-03-01 14:45:00,84609.5,84764.42,84521.3,84716.29,417.38
2025-03-01 15:00:00,84716.29,84934.02,84625.48,84751.02,497.62
2025-03-01 15:15:00,84751.02,84871.88,84609.5,84829.51,502.83
2025-03-01 15:30:00,84829.51,84848.87,84570.39,84669.87,482.7
2025-03-01 15:45:00,84669.87,84820.08,84632.14,84809.5,267.29
2025-03-01 16:00:00,84809.5,84965.5,84709.5,84949.5,320.07
2025-03-01 16:15:00,84949.5,85115.25,84935.5,85075.46,503.19
2025-03-01 16:30:00,85075.46,85217.49,84928.6,85009.93,659.99
2025-03-01 16:45:00,85009.93,85307.5,84939.65,85284.31,605.2
2025-03-01 17:00:00,85284.31,85284.31,84971.76,85059.7,466.6
2025-03-01 17:15:00,85059.7,85243.53,84979.26,85058.07,637.12
2025-03-01 17:30:00,85058.07,85256.36,85003.94,85246.78,405.52
2025-03-01 17:45:00,85246.78,85379.61,85203.5,85224.19,273.16
2025-03-01 18:00:00,85224.19,85339.5,85091.96,85149.52,365.0
2025-03-01 18:15:00,85149.52,85203.27,85084.97,85141.75,319.36
2025-03-01 18:30:00,85141.75,85300.98,85141.75,85253.61,261.91
2025-03-01 18:45:00,85253.61,85345.85,85170.75,85342.43,301.88
2025-03-01 19:00:00,85342.43,85372.57,85235.91,85303.03,309.55
2025-03-01 19:15:00,85303.03,85370.23,85244.46,85353.57,233.43
2025-03-01 19:30:00,85353.57,85588.43,85217.04,85396.14,428.71
2025-03-01 19:45:00,85396.14,85518.58,85348.48,85494.91,257.49
2025-03-01 20:00:00,85494.91,85509.5,85392.57,85432.6,213.59
2025-03-01 20:15:00,85432.6,85605.44,85349.12,85495.7,288.04
2025-03-01 20:30:00,85495.7,85569.49,85473.51,85514.96,245.09
2025-03-01 20:45:00,85514.96,85584.62,85471.5,85547.23,219.39
2025-03-01 21:00:00,85547.23,85586.86,85353.61,85355.74,286.92
2025-03-01 21:15:00,85355.74,85562.06,85295.38,85556.51,302.46
2025-03-01 21:30:00,85556.51,85758.02,85556.51,85627.92,304.97
2025-03-01 21:45:00,85627.92,86159.09,85627.92,86091.51,485.36
2025-03-01 22:00:00,86091.51,86212.76,85908.31,86009.5,415.57
2025-03-01 22:15:00,86009.5,86012.51,85757.93,85929.27,403.69
2025-03-01 22:30:00,85929.27,86056.72,85677.8,86056.72,401.53
2025-03-01 22:45:00,86056.72,86269.51,85988.56,86125.85,403.7
2025-03-01 23:00:00,86125.85,86209.5,85819.94,85909.5,533.99
2025-03-01 23:15:00,85909.5,85917.73,85688.75,85688.75,392.83
2025-03-01 23:30:00,85688.75,85894.15,85688.75,85816.82,246.18
2025-03-01 23:45:00,85816.82,86106.32,85811.71,86074.03,213.06
2025-03-02 00:00:00,86074.03,86309.48,85977.27,86035.5,462.58
2025-03-02 00:15:00,86035.5,86100.55,85816.28,85976.38,486.14
2025-03-02 00:30:00,85976.38,86296.04,85941.5,86217.93,517.9
2025-03-02 00:45:00,86217.93,86319.11,86000.88,86023.74,412.63
2025-03-02 01:00:00,86023.74,86340.49,86023.74,86340.44,478.72
2025-03-02 01:15:00,86340.44,86381.07,86174.79,86209.5,467.62
2025-03-02 01:30:00,86209.5,86356.38,85999.5,86210.54,441.91
2025-03-02 01:45:00,86210.54,86378.34,86106.62,86358.97,352.99
2025-03-02 02:00:00,86358.97,86500.78,86259.5,86268.47,482.96
2025-03-02 02:15:00,86268.47,86385.5,85973.81,86012.65,503.42
2025-03-02 02:30:00,86012.65,86012.65,85691.68,85826.04,613.95
2025-03-02 02:45:00,85826.04,85903.25,85621.3,85783.5,503.42
2025-03-02 03:00:00,85783.5,86041.49,85783.5,85993.5,417.11
2025-03-02 03:15:00,85993.5,86037.1,85783.09,85949.49,505.39
2025-03-02 03:30:00,85949.49,85965.39,85835.78,85954.54,290.07
2025-03-02 03:45:00,85954.54,86224.34,85881.51,85882.57,383.66
2025-03-02 04:00:00,85882.57,85884.39,85691.92,85768.34,386.89
2025-03-02 04:15:00,85768.34,85768.34,85565.28,85712.83,262.67
2025-03-02 04:30:00,85712.83,85789.5,85541.37,85789.5,253.08
2025-03-02 04:45:00,85789.5,85865.49,85697.52,85757.14,258.12
2025-03-02 05:00:00,85757.14,85948.06,85682.35,85948.06,236.16
2025-03-02 05:15:00,85948.06,85989.5,85859.43,85951.99,197.18
2025-03-02 05:30:00,85951.99,86058.1,85892.84,85915.5,184.77
2025-03-02 05:45:00,85915.5,85969.99,85866.52,85960.26,157.22
2025-03-02 06:00:00,85960.26,86173.12,85960.26,85990.63,319.01
2025-03-02 06:15:00,85990.63,86378.7,85933.08,86378.7,407.43
2025-03-02 06:30:00,86378.7,86384.4,86243.22,86354.73,349.89
2025-03-02 06:45:00,86354.73,86572.1,86260.32,86287.16,511.88
2025-03-02 07:00:00,86287.16,86356.54,86147.12,86177.17,421.93
2025-03-02 07:15:00,86177.17,86258.73,86085.61,86253.62,239.26
2025-03-02 07:30:00,86253.62,86353.86,86200.52,86317.31,238.82
2025-03-02 07:45:00,86317.31,86340.46,86187.94,86241.91,189.27
2025-03-02 08:00:00,86241.91,86271.49,85759.5,85775.5,369.61
2025-03-02 08:15:00,85775.5,85891.28,85730.58,85764.22,233.85
2025-03-02 08:30:00,85764.22,85844.71,85759.5,85844.71,161.63
2025-03-02 08:45:00,85844.71,85956.89,85718.43,85756.07,223.41
2025-03-02 09:00:00,85756.07,85893.1,85672.59,85873.5,167.12
2025-03-02 09:15:00,85873.5,85927.97,85831.5,85879.45,144.35
2025-03-02 09:30:00,85879.45,86098.64,85879.45,86068.89,290.18
2025-03-02 09:45:00,86068.89,86119.98,85942.89,85942.89,235.52
2025-03-02 10:00:00,85942.89,85961.86,85812.01,85862.11,246.06
2025-03-02 10:15:00,85862.11,85915.16,85801.95,85835.63,296.61
2025-03-02 10:30:00,85835.63,85982.57,85829.49,85885.28,369.8
2025-03-02 10:45:00,85885.28,86009.49,85880.17,86003.5,247.26
2025-03-02 11:00:00,86003.5,86086.83,85963.5,86053.5,180.72
2025-03-02 11:15:00,86053.5,86130.22,85969.75,86109.84,270.44
2025-03-02 11:30:00,86109.84,86229.71,86068.39,86151.51,269.5
2025-03-02 11:45:00,86151.51,86184.49,86058.72,86115.38,214.4
2025-03-02 12:00:00,86115.38,86115.38,85829.28,85829.51,230.17
2025-03-02 12:15:00,85829.51,85929.06,85759.5,85835.49,315.81
2025-03-02 12:30:00,85835.49,85898.02,85821.93,85858.05,227.16
2025-03-02 12:45:00,85858.05,86033.39,85817.5,85995.68,292.44
2025-03-02 13:00:00,85995.68,86005.07,85885.72,85937.57,213.89
2025-03-02 13:15:00,85937.57,85937.57,85638.13,85724.87,479.16
2025-03-02 13:30:00,85724.87,85759.42,85564.5,85692.44,508.98
2025-03-02 13:45:00,85692.44,85720.3,85490.95,85720.3,305.6
2025-03-02 14:00:00,85720.3,85909.51,85525.95,85585.5,517.21
2025-03-02 14:15:00,85585.5,85586.02,85088.5,85426.16,963.97
2025-03-02 14:30:00,85426.16,85638.87,85120.0,85292.96,800.35
2025-03-02 14:45:00,85292.96,85323.55,85054.47,85116.94,717.15
2025-03-02 15:00:00,85116.94,85359.49,85087.51,85206.92,575.76
2025-03-02 15:15:00,85206.92,87295.33,85169.87,86440.56,1557.31
2025-03-02 15:30:00,86440.56,88675.49,86371.02,88061.5,4318.07
2025-03-02 15:45:00,88061.5,88240.86,86897.5,87421.54,2871.5
2025-03-02 16:00:00,87421.54,88175.31,87319.53,88157.01,2429.6
2025-03-02 16:15:00,88157.01,89539.25,88157.01,88973.9,2880.29
2025-03-02 16:30:00,88973.9,91809.5,88877.42,91589.49,3747.73
2025-03-02 16:45:00,91589.49,91969.48,90702.44,91207.02,4182.82
2025-03-02 17:00:00,91207.02,91889.02,90645.51,91639.14,2528.38
2025-03-02 17:15:00,91639.14,92923.83,91634.26,92721.51,2401.58
2025-03-02 17:30:00,92721.51,94593.26,92707.72,94593.26,2598.43
2025-03-02 17:45:00,94593.26,94999.0,93626.83,94075.51,2806.89
2025-03-02 18:00:00,94075.51,94405.47,93362.41,93420.41,2310.56
2025-03-02 18:15:00,93420.41,94116.77,93174.52,93511.52,1915.01
2025-03-02 18:30:00,93511.52,93531.5,92373.89,92639.5,1763.09
2025-03-02 18:45:00,92639.5,93005.49,92519.3,92797.49,1301.03
2025-03-02 19:00:00,92797.49,93061.58,92618.19,92885.41,1304.38
2025-03-02 19:15:00,92885.41,93319.83,92873.3,93151.5,1166.35
2025-03-02 19:30:00,93151.5,93436.44,93111.5,93313.5,646.51
2025-03-02 19:45:00,93313.5,93559.5,93313.5,93531.5,608.33
2025-03-02 20:00:00,93531.5,94008.5,93519.49,93997.5,812.47
2025-03-02 20:15:00,93997.5,94196.5,93715.64,94041.51,841.64
2025-03-02 20:30:00,94041.51,94251.28,93624.9,94065.5,829.71
2025-03-02 20:45:00,94065.5,94437.27,93970.05,94333.55,1035.22
2025-03-02 21:00:00,94333.55,94429.32,93903.51,94061.81,1208.18
2025-03-02 21:15:00,94061.81,94308.17,93913.43,93935.5,1125.97
2025-03-02 21:30:00,93935.5,94071.95,93686.14,93983.5,975.5
2025-03-02 21:45:00,93983.5,94337.5,93719.93,94307.5,851.62
2025-03-02 22:00:00,94307.5,94461.4,93920.61,94283.5,802.44
2025-03-02 22:15:00,94283.5,94435.49,94130.04,94351.51,524.85
2025-03-02 22:30:00,94351.51,94351.51,94054.99,94309.5,515.99
2025-03-02 22:45:00,94309.5,94769.49,94242.35,94269.49,676.0
2025-03-02 23:00:00,94269.49,94852.51,94242.01,94508.0,1695.71
2025-03-02 23:15:00,94508.0,94838.49,94138.17,94216.93,1576.0
2025-03-02 23:30:00,94216.93,94604.56,93853.72,94359.5,807.19
2025-03-02 23:45:00,94359.5,94505.15,94047.5,94275.01,743.18
2025-03-03 00:00:00,94275.01,94425.95,93639.81,93681.49,1708.42
2025-03-03 00:15:00,93681.49,93903.49,93609.5,93847.5,1226.68
2025-03-03 00:30:00,93847.5,93912.53,93360.66,93715.5,1049.12
2025-03-03 00:45:00,93715.5,93832.51,93301.68,93332.65,790.83
2025-03-03 01:00:00,93332.65,93425.21,92845.53,92858.59,607.13
2025-03-03 01:15:00,92858.59,93221.91,92662.6,93057.5,982.46
2025-03-03 01:30:00,93057.5,93147.49,92712.77,92953.31,853.21
2025-03-03 01:45:00,92953.31,93213.5,92768.14,93084.69,954.89
2025-03-03 02:00:00,93084.69,93189.72,92814.53,92956.87,1055.81
2025-03-03 02:15:00,92956.87,93034.26,92458.11,92458.11,859.79
2025-03-03 02:30:00,92458.11,93249.04,92447.38,93091.76,1271.01
2025-03-03 02:45:00,93091.76,93452.32,93084.97,93319.92,732.76
2025-03-03 03:00:00,93319.92,93442.98,92841.41,92893.49,630.98
2025-03-03 03:15:00,92893.49,92949.19,92459.51,92727.5,814.02
2025-03-03 03:30:00,92727.5,92853.49,92530.2,92556.84,769.58
2025-03-03 03:45:00,92556.84,92921.17,92541.0,92711.87,653.0
2025-03-03 04:00:00,92711.87,92827.22,92609.6,92707.62,537.67
2025-03-03 04:15:00,92707.62,92920.37,92599.75,92709.49,485.99
2025-03-03 04:30:00,92709.49,92796.17,92607.24,92796.17,392.07
2025-03-03 04:45:00,92796.17,92957.02,92740.13,92853.98,421.44
2025-03-03 05:00:00,92853.98,93125.58,92839.94,93007.49,518.81
2025-03-03 05:15:00,93007.49,93097.47,92880.3,93002.32,545.51
2025-03-03 05:30:00,93002.32,93293.55,92938.33,93287.5,483.04
2025-03-03 05:45:00,93287.5,93363.55,93204.85,93341.44,623.43
2025-03-03 06:00:00,93341.44,93349.14,92935.43,92992.06,560.1
2025-03-03 06:15:00,92992.06,93037.8,92783.09,92837.08,376.8
2025-03-03 06:30:00,92837.08,92838.18,91997.5,91997.5,750.39
2025-03-03 06:45:00,91997.5,92308.5,91351.15,91655.49,1377.83
2025-03-03 07:00:00,91655.49,92138.75,91205.8,91893.54,1821.81
2025-03-03 07:15:00,91893.54,92095.51,91651.0,91969.37,1369.94
2025-03-03 07:30:00,91969.37,92292.41,91894.91,92137.21,993.88
2025-03-03 07:45:00,92137.21,92571.79,92137.21,92372.55,797.16
2025-03-03 08:00:00,92372.55,92403.53,92184.02,92223.5,713.74
2025-03-03 08:15:00,92223.5,92248.85,91648.11,91952.87,1023.3
2025-03-03 08:30:00,91952.87,92211.23,91739.51,92001.36,1311.55
2025-03-03 08:45:00,92001.36,92025.71,91151.5,91487.04,2212.26
2025-03-03 09:00:00,91487.04,91873.24,91210.18,91659.91,1546.96
2025-03-03 09:15:00,91659.91,91952.2,91281.97,91901.86,1463.67
2025-03-03 09:30:00,91901.86,92077.16,91733.49,91955.49,1211.72
2025-03-03 09:45:00,91955.49,92053.92,91795.99,91862.33,817.88
2025-03-03 10:00:00,91862.33,91981.79,91556.21,91595.3,932.03
2025-03-03 10:15:00,91595.3,92209.49,91580.51,92034.99,918.34
2025-03-03 10:30:00,92034.99,92505.49,91991.96,92357.5,705.89
2025-03-03 10:45:00,92357.5,92590.89,92236.51,92553.84,1416.53
2025-03-03 11:00:00,92553.84,92919.51,92434.04,92729.15,826.98
2025-03-03 11:15:00,92729.15,92841.49,92473.78,92730.67,888.66
2025-03-03 11:30:00,92730.67,92793.38,92466.02,92603.14,686.88
2025-03-03 11:45:00,92603.14,92757.56,92544.77,92729.9,521.25
2025-03-03 12:00:00,92729.9,93256.04,92726.08,93164.5,1028.58
2025-03-03 12:15:00,93164.5,93231.35,92887.79,92899.58,761.71
2025-03-03 12:30:00,92899.58,93131.76,92672.69,93015.5,1332.07
2025-03-03 12:45:00,93015.5,93183.41,92942.69,93025.49,521.22
2025-03-03 13:00:00,93025.49,93285.49,92911.7,92930.08,734.33
2025-03-03 13:15:00,92930.08,93215.06,92891.88,93043.75,944.77
2025-03-03 13:30:00,93043.75,93697.5,93029.71,93651.55,950.65
2025-03-03 13:45:00,93651.55,93675.93,93240.71,93592.26,880.09
2025-03-03 14:00:00,93592.26,93730.57,93359.51,93640.69,832.49
2025-03-03 14:15:00,93640.69,93656.84,92796.37,93184.62,1239.3
2025-03-03 14:30:00,93184.62,93293.45,90759.64,91372.57,3061.72
2025-03-03 14:45:00,91372.57,91578.09,89197.5,89211.51,3908.47
2025-03-03 15:00:00,89211.51,90619.33,89211.51,90443.47,3030.8
2025-03-03 15:15:00,90443.47,91311.11,89915.25,91092.92,2250.78
2025-03-03 15:30:00,91092.92,91256.21,90332.64,90698.39,1817.48
2025-03-03 15:45:00,90698.39,90814.2,89962.55,90039.49,1458.86
2025-03-03 16:00:00,90039.49,90382.23,89709.49,90024.93,1643.03
2025-03-03 16:15:00,90024.93,90757.52,89858.68,90277.5,1458.46
2025-03-03 16:30:00,90277.5,90380.45,89859.5,90046.89,1384.64
2025-03-03 16:45:00,90046.89,90422.54,89981.51,90166.1,1154.14
2025-03-03 17:00:00,90166.1,90457.49,89922.86,90157.5,1131.61
2025-03-03 17:15:00,90157.5,90529.49,90001.5,90333.5,1015.89
2025-03-03 17:30:00,90333.5,91009.5,90309.5,90933.51,891.7
2025-03-03 17:45:00,90933.51,90933.51,90066.1,90309.5,1138.42
2025-03-03 18:00:00,90309.5,90439.5,89275.97,89386.86,1587.72
2025-03-03 18:15:00,89386.86,89594.85,87442.93,87761.49,2112.73
2025-03-03 18:30:00,87761.49,88189.57,86951.14,87309.5,3145.33
2025-03-03 18:45:00,87309.5,87919.13,86791.48,87156.4,3090.02
2025-03-03 19:00:00,87156.4,87728.26,86928.91,87087.74,2608.74
2025-03-03 19:15:00,87087.74,87194.51,86570.85,87027.5,2366.75
2025-03-03 19:30:00,87027.5,87494.57,86729.51,86921.49,2116.91
2025-03-03 19:45:00,86921.49,87097.25,85564.95,85618.03,3170.01
2025-03-03 20:00:00,85618.03,86157.93,85331.07,85773.5,3203.8
2025-03-03 20:15:00,85773.5,86409.49,85709.48,85824.04,2645.12
2025-03-03 20:30:00,85824.04,86265.5,85212.78,85467.26,2309.42
2025-03-03 20:45:00,85467.26,86079.7,85426.94,86071.71,1864.49
2025-03-03 21:00:00,86071.71,86426.87,86011.51,86393.49,1277.36
2025-03-03 21:15:00,86393.49,86591.05,86069.51,86077.81,1034.24
2025-03-03 21:30:00,86077.81,86519.19,86075.48,86270.71,772.4
2025-03-03 21:45:00,86270.71,86270.71,85127.22,85405.5,1424.48
2025-03-03 22:00:00,85405.5,86385.28,85317.5,86123.49,1532.95
2025-03-03 22:15:00,86123.49,86581.49,86044.54,86429.49,923.0
2025-03-03 22:30:00,86429.49,86487.5,86141.57,86361.45,1126.25
2025-03-03 22:45:00,86361.45,87046.53,86315.9,86660.47,645.92
2025-03-03 23:00:00,86660.47,86660.47,86009.5,86320.38,1058.07
2025-03-03 23:15:00,86320.38,86812.59,86135.31,86516.94,662.92
2025-03-03 23:30:00,86516.94,86697.49,86318.6,86597.51,642.88
2025-03-03 23:45:00,86597.51,86597.51,86017.7,86225.5,847.99
2025-03-04 00:00:00,86225.5,86542.76,85889.5,86256.0,1266.75
2025-03-04 00:15:00,86256.0,86817.48,86201.51,86435.49,1209.55
2025-03-04 00:30:00,86435.49,86536.85,85940.78,86032.65,1611.4
2025-03-04 00:45:00,86032.65,86325.5,85918.59,86044.35,1280.21
2025-03-04 01:00:00,86044.35,86205.5,85558.83,85748.99,1775.62
2025-03-04 01:15:00,85748.99,85963.5,85310.5,85717.6,1584.83
2025-03-04 01:30:00,85717.6,85883.24,83445.5,83580.53,2939.54
2025-03-04 01:45:00,83580.53,83841.5,82661.5,83377.87,3449.3
2025-03-04 02:00:00,83377.87,83855.36,82473.87,83780.17,2910.47
2025-03-04 02:15:00,83780.17,83784.83,82889.56,83227.2,2292.03
2025-03-04 02:30:00,83227.2,83957.45,83166.07,83501.5,1600.81
2025-03-04 02:45:00,83501.5,84415.7,83437.83,83945.91,1430.13
2025-03-04 03:00:00,83945.91,84462.34,83758.48,83810.47,1180.29
2025-03-04 03:15:00,83810.47,84270.6,83689.53,84018.51,1155.8
2025-03-04 03:30:00,84018.51,84243.5,83805.19,83852.81,948.89
2025-03-04 03:45:00,83852.81,84421.42,83617.0,83982.4,1129.46
2025-03-04 04:00:00,83982.4,84039.5,83633.55,83882.52,1104.28
2025-03-04 04:15:00,83882.52,84030.1,83677.61,83805.72,1052.26
2025-03-04 04:30:00,83805.72,83877.49,83488.08,83815.5,841.09
2025-03-04 04:45:00,83815.5,83821.5,83332.17,83426.44,743.52
2025-03-04 05:00:00,83426.44,84589.5,83363.78,83847.57,1716.61
2025-03-04 05:15:00,83847.57,84279.0,83705.41,84212.13,1226.49
2025-03-04 05:30:00,84212.13,84377.94,83994.37,84160.44,945.91
2025-03-04 05:45:00,84160.44,84342.0,84054.4,84280.58,534.18
2025-03-04 06:00:00,84280.58,84398.19,84021.5,84071.51,618.98
2025-03-04 06:15:00,84071.51,84329.49,83890.58,84256.1,671.17
2025-03-04 06:30:00,84256.1,84334.63,83621.14,83749.0,606.71
2025-03-04 06:45:00,83749.0,83912.62,83603.5,83893.0,638.39
2025-03-04 07:00:00,83893.0,84033.5,83468.19,83489.5,721.73
2025-03-04 07:15:00,83489.5,83717.72,83360.17,83509.5,1062.34
2025-03-04 07:30:00,83509.5,83854.71,83434.75,83495.13,736.31
2025-03-04 07:45:00,83495.13,83580.53,83150.87,83191.5,848.46
2025-03-04 08:00:00,83191.5,83405.73,83050.16,83298.64,1257.59
2025-03-04 08:15:00,83298.64,83906.62,83203.75,83610.83,886.83
2025-03-04 08:30:00,83610.83,83909.49,83571.7,83707.61,940.58
2025-03-04 08:45:00,83707.61,83939.49,83409.5,83902.58,664.89
2025-03-04 09:00:00,83902.58,84191.02,83707.61,84051.9,852.91
2025-03-04 09:15:00,84051.9,84079.09,83651.5,83872.22,824.62
2025-03-04 09:30:00,83872.22,84136.65,83740.91,84119.5,652.41
2025-03-04 09:45:00,84119.5,84172.39,83735.5,83757.53,481.84
2025-03-04 10:00:00,83757.53,83836.42,83586.41,83691.3,624.88
2025-03-04 10:15:00,83691.3,83778.71,83504.48,83649.38,651.78
2025-03-04 10:30:00,83649.38,84049.98,83620.28,83879.5,697.68
2025-03-04 10:45:00,83879.5,84073.87,83830.13,83984.0,495.13
2025-03-04 11:00:00,83984.0,84379.78,83855.75,84056.52,701.85
2025-03-04 11:15:00,84056.52,84060.9,83707.61,84040.82,908.64
2025-03-04 11:30:00,84040.82,84078.13,83816.39,83943.49,821.94
2025-03-04 11:45:00,83943.49,84122.43,83833.82,83947.43,528.36
2025-03-04 12:00:00,83947.43,83947.43,83562.02,83660.07,595.1
2025-03-04 12:15:00,83660.07,83668.88,83283.84,83383.98,868.62
2025-03-04 12:30:00,83383.98,83863.28,83281.17,83853.5,745.39
2025-03-04 12:45:00,83853.5,83986.8,83633.61,83773.23,821.02
2025-03-04 13:00:00,83773.23,83773.23,83198.14,83273.48,1087.34
2025-03-04 13:15:00,83273.48,83439.61,82548.52,82585.64,5675.03
2025-03-04 13:30:00,82585.64,83522.31,82358.58,83251.84,11669.43
2025-03-04 13:45:00,83251.84,83471.97,82649.53,82804.16,1463.83
2025-03-04 14:00:00,82804.16,83407.7,82659.5,83109.5,1539.72
2025-03-04 14:15:00,83109.5,83227.5,82581.5,82810.2,1616.18
2025-03-04 14:30:00,82810.2,84982.07,82078.69,84091.9,4080.54
2025-03-04 14:45:00,84091.9,84813.88,83080.2,83210.91,3593.41
2025-03-04 15:00:00,83210.91,83372.83,82534.5,82780.34,3205.41
2025-03-04 15:15:00,82780.34,82859.6,81509.5,82374.99,4725.72
2025-03-04 15:30:00,82374.99,83273.17,82179.72,82851.52,2330.15
2025-03-04 15:45:00,82851.52,83148.89,82627.52,83002.86,1922.45
2025-03-04 16:00:00,83002.86,83151.08,82345.87,82927.88,1751.96
2025-03-04 16:15:00,82927.88,83109.5,82139.67,82263.49,1860.23
2025-03-04 16:30:00,82263.49,82915.38,82035.06,82897.22,2646.8
2025-03-04 16:45:00,82897.22,83808.08,82792.64,83554.3,1859.49
2025-03-04 17:00:00,83554.3,83925.6,83416.87,83874.3,1625.11
2025-03-04 17:15:00,83874.3,84832.47,83820.83,84747.38,1880.76
2025-03-04 17:30:00,84747.38,85423.49,84393.49,85215.92,2072.33
2025-03-04 17:45:00,85215.92,85534.17,85035.73,85453.38,1668.34
2025-03-04 18:00:00,85453.38,86008.49,85210.47,85992.47,6697.97
2025-03-04 18:15:00,85992.47,86003.61,85270.01,85391.5,1430.42
2025-03-04 18:30:00,85391.5,85914.35,85158.18,85831.29,1242.41
2025-03-04 18:45:00,85831.29,86932.0,85760.21,86766.84,1381.23
2025-03-04 19:00:00,86766.84,88088.48,86554.5,88088.48,2159.96
2025-03-04 19:15:00,88088.48,88492.15,87759.5,87759.5,2133.99
2025-03-04 19:30:00,87759.5,88080.41,87623.77,88019.47,1624.06
2025-03-04 19:45:00,88019.47,88396.6,87811.51,88215.7,1174.14
2025-03-04 20:00:00,88215.7,88317.5,87853.59,88259.47,1229.59
2025-03-04 20:15:00,88259.47,88840.06,88178.83,88431.25,1378.52
2025-03-04 20:30:00,88431.25,88468.25,87816.14,87958.92,1617.09
2025-03-04 20:45:00,87958.92,88096.26,86716.47,86833.0,1616.27
2025-03-04 21:00:00,86833.0,87383.32,86598.46,87155.83,1452.49
2025-03-04 21:15:00,87155.83,88972.57,87102.12,88789.24,1694.11
2025-03-04 21:30:00,88789.24,88806.45,87686.84,87947.8,1614.52
2025-03-04 21:45:00,87947.8,88019.5,87337.45,87526.97,1113.56
2025-03-04 22:00:00,87526.97,87805.65,87427.47,87600.36,776.15
2025-03-04 22:15:00,87600.36,87880.87,87514.3,87738.88,587.53
2025-03-04 22:30:00,87738.88,87979.26,87738.87,87878.2,579.52
2025-03-04 22:45:00,87878.2,87878.2,87442.57,87489.5,392.37
2025-03-04 23:00:00,87489.5,87756.79,87427.09,87652.26,585.4
2025-03-04 23:15:00,87652.26,87678.46,87099.39,87378.22,505.67
2025-03-04 23:30:00,87378.22,87485.5,87304.06,87405.37,377.85
2025-03-04 23:45:00,87405.37,87405.37,87194.88,87277.69,273.52
2025-03-05 00:00:00,87277.69,87286.49,87026.52,87151.5,713.95
2025-03-05 00:15:00,87151.5,87189.49,86765.65,87077.02,1099.55
2025-03-05 00:30:00,87077.02,87174.87,86371.79,86602.2,923.96
2025-03-05 00:45:00,86602.2,86845.99,86439.43,86809.85,802.37
2025-03-05 01:00:00,86809.85,86944.06,86613.28,86859.52,699.65
2025-03-05 01:15:00,86859.52,87440.26,86815.6,87286.17,847.78
2025-03-05 01:30:00,87286.17,87603.73,87075.34,87504.84,1006.11
2025-03-05 01:45:00,87504.84,87799.14,87395.38,87656.81,587.35
2025-03-05 02:00:00,87656.81,87691.11,87158.67,87288.99,684.9
2025-03-05 02:15:00,87288.99,87647.47,87068.85,87321.49,1016.64
2025-03-05 02:30:00,87321.49,87589.93,87039.07,87497.5,992.14
2025-03-05 02:45:00,87497.5,87897.49,87386.5,87476.01,1038.08
2025-03-05 03:00:00,87476.01,87807.87,87320.42,87729.5,998.1
2025-03-05 03:15:00,87729.5,87897.5,87618.28,87695.5,707.82
2025-03-05 03:30:00,87695.5,87863.19,87424.35,87424.35,724.27
2025-03-05 03:45:00,87424.35,87619.94,86786.51,86844.02,759.81
2025-03-05 04:00:00,86844.02,87189.49,86734.5,87062.33,1157.47
2025-03-05 04:15:00,87062.33,87400.02,87020.46,87020.46,834.91
2025-03-05 04:30:00,87020.46,87070.39,86889.49,87002.74,630.09
2025-03-05 04:45:00,87002.74,87081.62,86889.31,86922.6,387.6
2025-03-05 05:00:00,86922.6,87205.51,86860.76,87123.08,470.28
2025-03-05 05:15:00,87123.08,87123.08,86895.09,86970.72,543.46
2025-03-05 05:30:00,86970.72,87164.82,86943.1,86971.5,423.17
2025-03-05 05:45:00,86971.5,87251.74,86971.5,87152.32,347.1
2025-03-05 06:00:00,87152.32,87226.01,87012.41,87039.45,351.74
2025-03-05 06:15:00,87039.45,87225.82,87009.5,87127.28,351.0
2025-03-05 06:30:00,87127.28,87467.49,87127.28,87443.47,389.45
2025-03-05 06:45:00,87443.47,87585.59,87367.99,87521.98,351.55
2025-03-05 07:00:00,87521.98,87730.86,87483.9,87499.49,535.55
2025-03-05 07:15:00,87499.49,87539.21,87370.31,87531.36,374.56
2025-03-05 07:30:00,87531.36,87582.64,87369.6,87529.1,404.36
2025-03-05 07:45:00,87529.1,87692.27,87421.5,87627.51,334.94
2025-03-05 08:00:00,87627.51,87743.94,87609.5,87735.29,441.35
2025-03-05 08:15:00,87735.29,87850.21,87653.89,87777.8,466.88
2025-03-05 08:30:00,87777.8,87909.5,87691.51,87879.66,449.53
2025-03-05 08:45:00,87879.66,87931.42,87677.5,87768.21,474.48
2025-03-05 09:00:00,87768.21,88415.85,87683.16,88255.0,813.56
2025-03-05 09:15:00,88255.0,88695.5,88160.45,88630.7,846.9
2025-03-05 09:30:00,88630.7,88830.52,88348.7,88557.5,983.07
2025-03-05 09:45:00,88557.5,88619.14,88369.09,88478.5,510.35
2025-03-05 10:00:00,88478.5,88717.49,88373.05,88449.51,435.55
2025-03-05 10:15:00,88449.51,89627.28,88449.51,89624.01,954.86
2025-03-05 10:30:00,89624.01,90660.5,89563.83,89984.49,2080.99
2025-03-05 10:45:00,89984.49,90127.51,89586.38,89925.8,1574.65
2025-03-05 11:00:00,89925.8,90052.85,89684.06,89929.55,1004.9
2025-03-05 11:15:00,89929.55,90067.5,89640.31,89710.32,967.13
2025-03-05 11:30:00,89710.32,89885.26,89573.51,89838.56,808.88
2025-03-05 11:45:00,89838.56,90133.23,89622.65,89823.76,1053.3
2025-03-05 12:00:00,89823.76,90538.66,89823.76,90262.12,1387.82
2025-03-05 12:15:00,90262.12,90760.4,90141.79,90382.17,1769.67
2025-03-05 12:30:00,90382.17,90941.5,90382.17,90616.44,1473.86
2025-03-05 12:45:00,90616.44,90677.79,90219.36,90365.5,1110.75
2025-03-05 13:00:00,90365.5,90597.5,89730.39,89730.39,1378.06
2025-03-05 13:15:00,89730.39,89953.58,89434.02,89789.2,1480.91
2025-03-05 13:30:00,89789.2,89993.43,89113.03,89129.48,1205.47
2025-03-05 13:45:00,89129.48,89743.2,89128.15,89486.28,1321.83
2025-03-05 14:00:00,89486.28,89796.31,89374.1,89779.51,962.43
2025-03-05 14:15:00,89779.51,89839.73,89333.88,89737.5,1071.81
2025-03-05 14:30:00,89737.5,89813.5,88383.65,89364.9,2692.17
2025-03-05 14:45:00,89364.9,89412.28,88187.89,88534.88,2655.78
2025-03-05 15:00:00,88534.88,89540.74,88518.62,88654.64,2505.22
2025-03-05 15:15:00,88654.64,88744.89,87935.56,88098.98,2414.86
2025-03-05 15:30:00,88098.98,88812.34,88016.13,88603.5,1702.24
2025-03-05 15:45:00,88603.5,88747.23,88189.51,88355.5,1398.73
2025-03-05 16:00:00,88355.5,88434.64,87632.14,87934.58,1379.31
2025-03-05 16:15:00,87934.58,88283.19,87609.5,87951.1,1729.72
2025-03-05 16:30:00,87951.1,88321.5,87663.06,88100.78,1619.91
2025-03-05 16:45:00,88100.78,89273.15,87995.54,88945.5,1548.11
2025-03-05 17:00:00,88945.5,89362.4,88811.92,89143.5,1729.12
2025-03-05 17:15:00,89143.5,90092.26,89108.56,90050.3,1672.14
2025-03-05 17:30:00,90050.3,90476.55,89613.29,89754.8,1510.45
2025-03-05 17:45:00,89754.8,90040.59,89333.5,89693.03,1447.09
2025-03-05 18:00:00,89693.03,89943.77,88891.16,89267.14,1940.44
2025-03-05 18:15:00,89267.14,89484.5,89037.06,89409.5,1433.01
2025-03-05 18:30:00,89409.5,89419.5,88989.25,89064.91,1321.83
2025-03-05 18:45:00,89064.91,89809.5,89040.92,89725.49,1054.82
2025-03-05 19:00:00,89725.49,90153.49,89634.45,89921.79,1361.15
2025-03-05 19:15:00,89921.79,90087.5,89571.84,89764.21,1220.45
2025-03-05 19:30:00,89764.21,89901.51,89481.84,89860.53,996.99
2025-03-05 19:45:00,89860.53,89996.73,89743.73,89755.28,830.85
2025-03-05 20:00:00,89755.28,90269.5,89755.28,90100.05,787.78
2025-03-05 20:15:00,90100.05,90109.15,89688.74,90025.79,882.17
2025-03-05 20:30:00,90025.79,90362.43,89929.15,90362.43,798.77
2025-03-05 20:45:00,90362.43,90554.08,90249.71,90503.5,822.16
2025-03-05 21:00:00,90503.5,90689.22,90128.47,90315.5,784.82
2025-03-05 21:15:00,90315.5,90433.5,89949.4,90284.57,697.32
2025-03-05 21:30:00,90284.57,90284.57,89962.65,90173.71,468.19
2025-03-05 21:45:00,90173.71,90503.63,90045.37,90390.47,570.02
2025-03-05 22:00:00,90390.47,90479.1,90197.5,90276.36,351.93
2025-03-05 22:15:00,90276.36,90357.44,90036.46,90036.46,263.38
2025-03-05 22:30:00,90036.46,90326.13,90036.46,90254.78,301.45
2025-03-05 22:45:00,90254.78,90544.74,90254.78,90459.69,230.64
2025-03-05 23:00:00,90459.69,90587.66,90350.5,90373.34,537.6
2025-03-05 23:15:00,90373.34,90616.37,90312.54,90552.63,403.57
2025-03-05 23:30:00,90552.63,90897.49,90552.63,90871.03,497.08
2025-03-05 23:45:00,90871.03,91009.5,90554.31,90614.17,710.8
2025-03-06 00:00:00,90614.17,90822.73,90500.0,90528.41,921.36
2025-03-06 00:15:00,90528.41,90675.37,90233.05,90356.15,876.96
2025-03-06 00:30:00,90356.15,90443.47,90081.93,90141.57,660.76
2025-03-06 00:45:00,90141.57,90235.5,89996.23,90055.84,536.13
2025-03-06 01:00:00,90055.84,90425.5,90055.84,90425.5,573.29
2025-03-06 01:15:00,90425.5,90529.5,90190.03,90349.5,637.99
2025-03-06 01:30:00,90349.5,90689.5,90159.76,90681.5,612.75
2025-03-06 01:45:00,90681.5,91911.5,90674.9,91066.11,2165.71
2025-03-06 02:00:00,91066.11,91835.68,91051.5,91639.4,1816.94
2025-03-06 02:15:00,91639.4,91696.94,91159.51,91313.1,1447.05
2025-03-06 02:30:00,91313.1,91382.77,91022.02,91337.47,1078.47
2025-03-06 02:45:00,91337.47,92004.92,91337.47,91820.83,1156.1
2025-03-06 03:00:00,91820.83,92028.96,91577.5,91668.2,1274.25
2025-03-06 03:15:00,91668.2,91839.0,91566.07,91645.78,1119.4
2025-03-06 03:30:00,91645.78,91681.48,91467.85,91561.5,832.99
2025-03-06 03:45:00,91561.5,91630.05,91415.26,91609.31,602.42
2025-03-06 04:00:00,91609.31,91889.83,91576.07,91800.94,534.09
2025-03-06 04:15:00,91800.94,91803.5,91537.11,91605.59,433.32
2025-03-06 04:30:00,91605.59,92316.16,91600.86,92127.11,679.72
2025-03-06 04:45:00,92127.11,92463.94,92034.18,92296.94,1137.36
2025-03-06 05:00:00,92296.94,92421.66,92139.37,92158.96,708.08
2025-03-06 05:15:00,92158.96,92509.5,92158.96,92436.03,684.48
2025-03-06 05:30:00,92436.03,92597.49,92371.01,92557.51,563.93
2025-03-06 05:45:00,92557.51,92820.13,92502.46,92739.51,837.92
2025-03-06 06:00:00,92739.51,92778.76,92324.72,92377.86,548.57
2025-03-06 06:15:00,92377.86,92405.96,92087.78,92207.42,526.67
2025-03-06 06:30:00,92207.42,92207.42,91811.5,91890.38,628.0
2025-03-06 06:45:00,91890.38,92067.14,91793.86,91924.23,390.89
2025-03-06 07:00:00,91924.23,92001.96,91619.5,91706.0,477.35
2025-03-06 07:15:00,91706.0,91820.83,91632.14,91675.5,400.56
2025-03-06 07:30:00,91675.5,91814.7,91503.15,91557.37,499.91
2025-03-06 07:45:00,91557.37,91612.81,91275.47,91359.94,573.11
2025-03-06 08:00:00,91359.94,91458.03,91167.84,91396.1,700.15
2025-03-06 08:15:00,91396.1,91576.49,91388.66,91545.91,574.69
2025-03-06 08:30:00,91545.91,91600.49,91386.21,91415.5,502.37
2025-03-06 08:45:00,91415.5,91421.5,91130.85,91168.1,579.95
2025-03-06 09:00:00,91168.1,91179.3,90719.53,90839.68,764.52
2025-03-06 09:15:00,90839.68,91028.37,90644.92,90719.49,704.34
2025-03-06 09:30:00,90719.49,90904.49,90622.67,90904.49,649.03
2025-03-06 09:45:00,90904.49,90969.1,90642.58,90761.63,456.73
2025-03-06 10:00:00,90761.63,91013.41,90622.87,91009.49,578.99
2025-03-06 10:15:00,91009.49,91668.65,90958.2,91667.5,1022.81
2025-03-06 10:30:00,91667.5,91667.5,91217.05,91271.5,707.49
2025-03-06 10:45:00,91271.5,91401.52,91229.14,91305.02,475.04
2025-03-06 11:00:00,91305.02,91344.86,91017.5,91236.82,661.1
2025-03-06 11:15:00,91236.82,91462.28,91236.82,91451.79,496.8
2025-03-06 11:30:00,91451.79,91615.26,91252.21,91429.49,553.94
2025-03-06 11:45:00,91429.49,91484.41,91323.25,91353.79,292.83
2025-03-06 12:00:00,91353.79,91395.64,90919.98,91049.5,552.65
2025-03-06 12:15:00,91049.5,91049.5,90618.99,90871.3,858.19
2025-03-06 12:30:00,90871.3,90943.46,90204.16,90401.94,1044.22
2025-03-06 12:45:00,90401.94,90459.49,89838.52,90115.09,1402.02
2025-03-06 13:00:00,90115.09,90417.54,90054.78,90308.29,979.72
2025-03-06 13:15:00,90308.29,90459.48,89971.51,90087.89,1081.34
2025-03-06 13:30:00,90087.89,90474.76,90048.98,90067.67,1300.92
2025-03-06 13:45:00,90067.67,90202.0,89485.13,89591.83,1138.64
2025-03-06 14:00:00,89591.83,89807.5,89424.96,89609.5,1251.46
2025-03-06 14:15:00,89609.5,89994.32,89521.69,89963.49,930.39
2025-03-06 14:30:00,89963.49,90347.34,89127.18,89313.5,2623.11
2025-03-06 14:45:00,89313.5,90396.86,89223.77,89807.52,1882.28
2025-03-06 15:00:00,89807.52,91117.73,89645.51,90659.5,2287.89
2025-03-06 15:15:00,90659.5,91379.49,90490.3,90892.09,1862.22
2025-03-06 15:30:00,90892.09,91460.97,90631.5,91179.64,1538.79
2025-03-06 15:45:00,91179.64,91279.2,90642.5,90830.63,1383.13
2025-03-06 16:00:00,90830.63,91072.77,90677.67,90764.21,1233.56
2025-03-06 16:15:00,90764.21,90801.35,89956.31,90303.89,1445.94
2025-03-06 16:30:00,90303.89,90575.53,90055.27,90182.57,1906.06
2025-03-06 16:45:00,90182.57,90437.95,89232.41,89325.52,1389.03
2025-03-06 17:00:00,89325.52,89367.52,88534.83,88717.8,2228.39
2025-03-06 17:15:00,88717.8,88958.31,88376.76,88755.51,1560.52
2025-03-06 17:30:00,88755.51,89000.58,88261.99,88488.7,1486.0
2025-03-06 17:45:00,88488.7,88753.49,88016.7,88636.41,1380.46
2025-03-06 18:00:00,88636.41,88851.58,88427.49,88652.0,1190.46
2025-03-06 18:15:00,88652.0,88969.43,88469.5,88494.16,1088.28
2025-03-06 18:30:00,88494.16,88757.61,88149.57,88331.89,1106.41
2025-03-06 18:45:00,88331.89,88599.46,88254.27,88439.75,1170.31
2025-03-06 19:00:00,88439.75,88485.4,88067.18,88315.39,976.52
2025-03-06 19:15:00,88315.39,88360.87,88069.5,88102.49,774.17
2025-03-06 19:30:00,88102.49,88667.89,87845.51,88504.47,1125.58
2025-03-06 19:45:00,88504.47,89397.54,88498.7,88534.91,1276.43
2025-03-06 20:00:00,88534.91,89236.31,88470.72,89231.43,1251.36
2025-03-06 20:15:00,89231.43,89364.58,88838.04,89037.47,989.25
2025-03-06 20:30:00,89037.47,89313.79,88703.61,88703.61,966.35
2025-03-06 20:45:00,88703.61,89261.12,88684.31,89035.73,975.49
2025-03-06 21:00:00,89035.73,89846.71,88980.59,89701.87,623.06
2025-03-06 21:15:00,89701.87,89838.57,89355.5,89355.51,730.17
2025-03-06 21:30:00,89355.51,89399.68,89048.39,89243.75,594.85
2025-03-06 21:45:00,89243.75,89891.49,89139.79,89891.49,569.47
2025-03-06 22:00:00,89891.49,90789.21,89891.49,90446.91,1517.16
2025-03-06 22:15:00,90446.91,90451.31,89524.73,89826.8,957.95
2025-03-06 22:30:00,89826.8,90452.83,89641.32,90396.44,749.74
2025-03-06 22:45:00,90396.44,90709.49,90278.56,90316.53,641.05
2025-03-06 23:00:00,90316.53,90484.27,90109.0,90283.22,814.23
2025-03-06 23:15:00,90283.22,90574.04,90283.22,90365.49,557.21
2025-03-06 23:30:00,90365.49,90551.75,90294.1,90315.98,434.45
2025-03-06 23:45:00,90315.98,90341.16,89908.13,89941.38,526.06
2025-03-07 00:00:00,89941.38,91289.51,89869.53,90227.5,1156.08
2025-03-07 00:15:00,90227.5,90425.82,86600.92,87046.98,10288.34
2025-03-07 00:30:00,87046.98,87259.5,85609.5,85932.58,3173.82
2025-03-07 00:45:00,85932.58,85932.58,84683.91,85527.19,6221.98
2025-03-07 01:00:00,85527.19,86558.15,85209.51,86519.46,2157.13
2025-03-07 01:15:00,86519.46,87596.38,86386.06,87129.7,2454.44
2025-03-07 01:30:00,87129.7,88917.92,86835.51,88709.5,2140.65
2025-03-07 01:45:00,88709.5,88750.3,87790.72,88279.09,1805.97
2025-03-07 02:00:00,88279.09,88460.54,87899.08,88034.3,1360.34
2025-03-07 02:15:00,88034.3,88135.55,87371.83,87520.32,1544.47
2025-03-07 02:30:00,87520.32,88230.88,87426.8,87827.88,1381.93
2025-03-07 02:45:00,87827.88,87975.29,87244.5,87244.5,1419.52
2025-03-07 03:00:00,87244.5,87687.51,87171.38,87582.08,1276.29
2025-03-07 03:15:00,87582.08,87647.49,87325.77,87581.71,959.66
2025-03-07 03:30:00,87581.71,87608.86,86986.19,87168.45,1066.89
2025-03-07 03:45:00,87168.45,87168.45,86792.46,86997.45,1079.36
2025-03-07 04:00:00,86997.45,87269.5,86866.64,87219.02,783.16
2025-03-07 04:15:00,87219.02,87589.5,87142.02,87552.22,646.97
2025-03-07 04:30:00,87552.22,87857.98,87439.81,87701.86,794.25
2025-03-07 04:45:00,87701.86,87889.27,87572.5,87643.25,619.6
2025-03-07 05:00:00,87643.25,88031.55,87596.84,87865.67,787.1
2025-03-07 05:15:00,87865.67,88386.04,87865.67,88238.38,717.55
2025-03-07 05:30:00,88238.38,88374.29,88073.18,88374.29,679.41
2025-03-07 05:45:00,88374.29,88449.51,88147.59,88230.71,833.58
2025-03-07 06:00:00,88230.71,88230.71,87991.53,88101.88,599.98
2025-03-07 06:15:00,88101.88,88202.24,87965.78,88016.75,510.36
2025-03-07 06:30:00,88016.75,88095.5,87810.97,87890.23,553.99
2025-03-07 06:45:00,87890.23,88353.91,87888.78,88209.48,669.88
2025-03-07 07:00:00,88209.48,88619.58,88109.87,88558.56,655.26
2025-03-07 07:15:00,88558.56,88589.44,88426.53,88462.89,610.19
2025-03-07 07:30:00,88462.89,88496.7,88163.13,88234.92,492.35
2025-03-07 07:45:00,88234.92,88372.53,88199.82,88369.5,441.15
2025-03-07 08:00:00,88369.5,88427.37,87994.8,88200.0,558.12
2025-03-07 08:15:00,88200.0,88215.75,88019.37,88141.38,494.57
2025-03-07 08:30:00,88141.38,88182.04,88034.62,88182.04,384.77
2025-03-07 08:45:00,88182.04,88495.9,88095.07,88375.28,590.57
2025-03-07 09:00:00,88375.28,88676.15,88367.05,88663.51,488.35
2025-03-07 09:15:00,88663.51,89280.12,88515.69,89274.43,837.99
2025-03-07 09:30:00,89274.43,89713.29,88922.44,88937.6,7186.22
2025-03-07 09:45:00,88937.6,89206.53,88897.51,88938.52,813.23
2025-03-07 10:00:00,88938.52,89043.82,88750.24,88953.61,651.46
2025-03-07 10:15:00,88953.61,89155.09,88834.18,89055.5,453.42
2025-03-07 10:30:00,89055.5,89268.39,89015.29,89134.51,454.64
2025-03-07 10:45:00,89134.51,89294.76,89129.67,89254.01,375.36
2025-03-07 11:00:00,89254.01,89458.33,89040.26,89152.25,616.28
2025-03-07 11:15:00,89152.25,89368.84,89093.59,89106.4,716.68
2025-03-07 11:30:00,89106.4,89109.49,88970.04,89026.46,322.49
2025-03-07 11:45:00,89026.46,89080.33,88859.49,88971.31,406.02
2025-03-07 12:00:00,88971.31,89272.24,88845.27,89206.19,637.48
2025-03-07 12:15:00,89206.19,89219.5,88968.48,89189.5,468.74
2025-03-07 12:30:00,89189.5,89330.48,88320.67,88465.48,1175.14
2025-03-07 12:45:00,88465.48,89129.5,88465.48,89060.84,1061.44
2025-03-07 13:00:00,89060.84,89832.92,88987.44,89458.16,993.27
2025-03-07 13:15:00,89458.16,89542.03,89117.5,89449.41,1051.27
2025-03-07 13:30:00,89449.41,90355.63,89431.51,90113.26,2484.9
2025-03-07 13:45:00,90113.26,90179.98,89042.58,89131.11,1489.4
2025-03-07 14:00:00,89131.11,89803.69,89131.11,89413.67,1301.64
2025-03-07 14:15:00,89413.67,89725.47,88792.05,89126.66,1080.78
2025-03-07 14:30:00,89126.66,90273.92,88673.52,89972.31,2420.07
2025-03-07 14:45:00,89972.31,91104.89,89915.79,90450.85,2665.34
2025-03-07 15:00:00,90450.85,90796.31,89968.93,90029.12,2031.73
2025-03-07 15:15:00,90029.12,90045.73,89090.56,89215.55,1885.42
2025-03-07 15:30:00,89215.55,89215.55,88036.82,88529.89,2193.94
2025-03-07 15:45:00,88529.89,89288.78,88063.42,88455.5,2293.4
2025-03-07 16:00:00,88455.5,88983.95,88156.55,88661.26,2324.0
2025-03-07 16:15:00,88661.26,88738.26,87273.66,87444.67,6331.46
2025-03-07 16:30:00,87444.67,87673.48,87000.0,87299.14,4132.86
2025-03-07 16:45:00,87299.14,87474.21,86640.47,87246.86,1909.66
2025-03-07 17:00:00,87246.86,87589.49,86748.3,86961.22,1719.0
2025-03-07 17:15:00,86961.22,87404.81,86569.02,87350.42,1451.39
2025-03-07 17:30:00,87350.42,87985.3,87032.14,87983.23,1571.75
2025-03-07 17:45:00,87983.23,88645.86,87312.28,87686.5,1810.28
2025-03-07 18:00:00,87686.5,88535.4,87516.86,88265.5,2049.82
2025-03-07 18:15:00,88265.5,88382.86,87688.52,88167.23,1647.61
2025-03-07 18:30:00,88167.23,88554.09,88001.5,88355.31,1563.38
2025-03-07 18:45:00,88355.31,89031.2,88227.5,88588.64,1323.13
2025-03-07 19:00:00,88588.64,88911.89,88184.67,88434.71,1596.12
2025-03-07 19:15:00,88434.71,88753.55,88253.69,88288.12,1174.13
2025-03-07 19:30:00,88288.12,88497.48,87775.25,87878.26,1131.14
2025-03-07 19:45:00,87878.26,87921.51,87345.24,87829.59,1344.2
2025-03-07 20:00:00,87829.59,88276.15,87730.73,87822.53,1283.68
2025-03-07 20:15:00,87822.53,87927.5,87374.61,87493.58,1258.63
2025-03-07 20:30:00,87493.58,87835.83,86929.51,87652.58,1785.88
2025-03-07 20:45:00,87652.58,88520.5,86569.96,87003.35,2710.92
2025-03-07 21:00:00,87003.35,87381.76,85659.57,86352.54,12803.54
2025-03-07 21:15:00,86352.54,87237.22,86259.5,87182.81,1812.59
2025-03-07 21:30:00,87182.81,87221.27,86221.37,86302.97,1308.81
2025-03-07 21:45:00,86302.97,86634.51,85809.51,86339.22,1202.86
2025-03-07 22:00:00,86339.22,86498.75,85619.35,85898.23,1396.41
2025-03-07 22:15:00,85898.23,86178.17,85651.5,86067.93,959.67
2025-03-07 22:30:00,86067.93,86838.58,85928.39,86838.58,979.57
2025-03-07 22:45:00,86838.58,86855.16,86453.17,86754.64,493.4
2025-03-07 23:00:00,86754.64,86754.64,85985.51,86020.54,749.74
2025-03-07 23:15:00,86020.54,86603.55,86020.54,86598.49,887.01
2025-03-07 23:30:00,86598.49,86696.4,86357.93,86689.5,762.28
2025-03-07 23:45:00,86689.5,86845.49,86538.85,86809.5,547.91
2025-03-08 00:00:00,86809.5,86809.5,86566.7,86624.88,869.3
2025-03-08 00:15:00,86624.88,86809.5,86548.09,86695.49,614.2
2025-03-08 00:30:00,86695.49,86806.17,86597.73,86806.17,403.45
2025-03-08 00:45:00,86806.17,86905.91,86739.5,86739.5,307.49
2025-03-08 01:00:00,86739.5,86767.2,86259.07,86304.2,486.61
2025-03-08 01:15:00,86304.2,86410.68,86059.93,86080.35,720.91
2025-03-08 01:30:00,86080.35,86099.27,85249.01,85647.62,1139.94
2025-03-08 01:45:00,85647.62,86107.5,85641.33,86107.49,689.05
2025-03-08 02:00:00,86107.49,86347.49,86042.1,86265.99,657.38
2025-03-08 02:15:00,86265.99,86327.75,85980.97,86019.5,568.96
2025-03-08 02:30:00,86019.5,86263.5,85952.75,86162.09,623.28
2025-03-08 02:45:00,86162.09,86263.49,85992.05,86193.34,431.12
2025-03-08 03:00:00,86193.34,86193.34,85636.2,85655.09,384.97
2025-03-08 03:15:00,85655.09,85899.72,85465.5,85772.37,682.34
2025-03-08 03:30:00,85772.37,86043.94,85772.37,86006.25,465.48
2025-03-08 03:45:00,86006.25,86083.13,85928.62,85928.62,329.63
2025-03-08 04:00:00,85928.62,86047.63,85663.16,86013.08,465.88
2025-03-08 04:15:00,86013.08,86285.23,85871.95,86191.5,421.0
2025-03-08 04:30:00,86191.5,86503.6,86191.5,86435.5,642.73
2025-03-08 04:45:00,86435.5,86504.94,86357.12,86454.03,274.64
2025-03-08 05:00:00,86454.03,86466.44,86300.09,86304.38,318.87
2025-03-08 05:15:00,86304.38,86304.38,86199.93,86221.48,213.83
2025-03-08 05:30:00,86221.48,86223.97,86028.61,86121.67,349.33
2025-03-08 05:45:00,86121.67,86291.96,86101.5,86289.93,187.37
2025-03-08 06:00:00,86289.93,86589.32,86279.5,86529.49,364.46
2025-03-08 06:15:00,86529.49,86667.49,86426.2,86637.54,216.82
2025-03-08 06:30:00,86637.54,86654.8,86331.51,86428.61,323.64
2025-03-08 06:45:00,86428.61,86485.5,86293.34,86469.61,308.4
2025-03-08 07:00:00,86469.61,86540.86,86439.04,86452.7,146.7
2025-03-08 07:15:00,86452.7,86529.49,86370.47,86379.51,149.47
2025-03-08 07:30:00,86379.51,86489.5,86289.51,86487.43,258.45
2025-03-08 07:45:00,86487.43,86487.43,86115.87,86202.19,335.66
2025-03-08 08:00:00,86202.19,86328.81,86063.28,86063.28,357.81
2025-03-08 08:15:00,86063.28,86171.64,86049.51,86171.64,394.57
2025-03-08 08:30:00,86171.64,86259.39,86120.73,86150.11,354.84
2025-03-08 08:45:00,86150.11,86230.76,86058.83,86081.06,231.34
2025-03-08 09:00:00,86081.06,86296.26,86081.06,86230.06,207.36
2025-03-08 09:15:00,86230.06,86449.49,86228.36,86369.79,253.6
2025-03-08 09:30:00,86369.79,86454.36,86075.67,86089.08,242.99
2025-03-08 09:45:00,86089.08,86166.67,85840.07,85942.61,328.57
2025-03-08 10:00:00,85942.61,86111.23,85942.61,86009.32,229.4
2025-03-08 10:15:00,86009.32,86227.38,85997.48,86227.38,242.5
2025-03-08 10:30:00,86227.38,86269.51,86141.5,86219.99,214.89
2025-03-08 10:45:00,86219.99,86242.2,86099.97,86131.41,201.02
2025-03-08 11:00:00,86131.41,86132.69,85826.45,85893.52,371.45
2025-03-08 11:15:00,85893.52,85963.06,85772.22,85957.07,402.73
2025-03-08 11:30:00,85957.07,85989.93,85781.55,85885.46,335.75
2025-03-08 11:45:00,85885.46,85980.97,85789.5,85956.78,326.68
2025-03-08 12:00:00,85956.78,86074.25,85828.48,86002.14,289.94
2025-03-08 12:15:00,86002.14,86262.19,85964.25,86214.01,528.16
2025-03-08 12:30:00,86214.01,86420.02,86112.44,86334.66,471.8
2025-03-08 12:45:00,86334.66,86342.88,86185.97,86217.5,284.27
2025-03-08 13:00:00,86217.5,86306.86,86166.64,86177.5,334.49
2025-03-08 13:15:00,86177.5,86509.5,86138.22,86354.26,358.77
2025-03-08 13:30:00,86354.26,86525.33,86249.5,86336.44,419.77
2025-03-08 13:45:00,86336.44,86438.68,86246.82,86337.45,279.1
2025-03-08 14:00:00,86337.45,86488.16,86277.82,86395.48,250.26
2025-03-08 14:15:00,86395.48,86488.04,86305.61,86471.24,236.26
2025-03-08 14:30:00,86471.24,86621.85,86394.27,86546.42,688.47
2025-03-08 14:45:00,86546.42,86546.42,86224.7,86362.37,386.39
2025-03-08 15:00:00,86362.37,86397.92,86209.5,86397.91,386.83
2025-03-08 15:15:00,86397.91,86559.5,86383.51,86559.49,316.71
2025-03-08 15:30:00,86559.49,86625.14,86443.32,86524.86,310.0
2025-03-08 15:45:00,86524.86,86558.79,86386.66,86404.1,262.52
2025-03-08 16:00:00,86404.1,86459.05,86272.94,86396.69,198.31
2025-03-08 16:15:00,86396.69,86408.73,85882.65,85941.87,481.21
2025-03-08 16:30:00,85941.87,86135.04,85828.21,86104.79,458.46
2025-03-08 16:45:00,86104.79,86256.15,85989.78,86155.91,284.16
2025-03-08 17:00:00,86155.91,86165.34,85744.8,85806.01,404.5
2025-03-08 17:15:00,85806.01,86065.59,85671.27,85937.39,772.62
2025-03-08 17:30:00,85937.39,86050.62,85852.34,86009.49,587.42
2025-03-08 17:45:00,86009.49,86049.5,85932.39,85952.2,282.14
2025-03-08 18:00:00,85952.2,86087.42,85878.94,86069.9,229.27
2025-03-08 18:15:00,86069.9,86085.95,85968.97,86042.46,218.59
2025-03-08 18:30:00,86042.46,86074.3,85984.51,86043.08,178.86
2025-03-08 18:45:00,86043.08,86093.5,86024.1,86049.51,186.99
2025-03-08 19:00:00,86049.51,86101.01,85809.5,85971.88,392.37
2025-03-08 19:15:00,85971.88,86365.69,85865.49,86331.25,298.37
2025-03-08 19:30:00,86331.25,86501.5,86311.84,86391.32,367.03
2025-03-08 19:45:00,86391.32,86471.6,86232.59,86243.02,285.31
2025-03-08 20:00:00,86243.02,86375.19,86222.74,86331.17,222.76
2025-03-08 20:15:00,86331.17,86344.05,86197.01,86213.9,165.1
2025-03-08 20:30:00,86213.9,86309.5,86213.9,86302.37,136.3
2025-03-08 20:45:00,86302.37,86344.78,86269.5,86290.6,111.68
2025-03-08 21:00:00,86290.6,86397.31,86273.45,86363.86,132.87
2025-03-08 21:15:00,86363.86,86506.02,86363.86,86506.02,71.03
2025-03-08 21:30:00,86506.02,86506.02,86324.3,86324.3,163.75
2025-03-08 21:45:00,86324.3,86364.45,86210.58,86237.66,118.38
2025-03-08 22:00:00,86237.66,86253.18,85988.77,86008.97,167.36
2025-03-08 22:15:00,86008.97,86058.9,85861.62,86035.4,178.12
2025-03-08 22:30:00,86035.4,86185.69,86016.13,86129.49,207.46
2025-03-08 22:45:00,86129.49,86382.06,86085.5,86369.99,203.01
2025-03-08 23:00:00,86369.99,86402.59,86193.51,86369.56,308.23
2025-03-08 23:15:00,86369.56,86369.56,86241.5,86277.5,196.92
2025-03-08 23:30:00,86277.5,86326.49,86081.94,86141.0,196.87
2025-03-08 23:45:00,86141.0,86230.61,86075.67,86230.61,164.46
2025-03-09 00:00:00,86230.61,86324.5,86126.1,86324.49,153.06
2025-03-09 00:15:00,86324.49,86403.1,86252.05,86403.1,148.4
2025-03-09 00:30:00,86403.1,86472.49,86324.46,86332.99,213.82
2025-03-09 00:45:00,86332.99,86456.0,86332.99,86423.9,145.17
2025-03-09 01:00:00,86423.9,86498.69,86364.75,86444.26,290.87
2025-03-09 01:15:00,86444.26,86466.1,86296.3,86300.48,238.89
2025-03-09 01:30:00,86300.48,86342.15,86163.34,86254.17,227.03
2025-03-09 01:45:00,86254.17,86301.26,86107.83,86201.22,201.86
2025-03-09 02:00:00,86201.22,86260.11,86119.52,86162.23,279.0
2025-03-09 02:15:00,86162.23,86274.42,86119.52,86211.92,225.87
2025-03-09 02:30:00,86211.92,86282.41,86151.82,86159.11,228.04
2025-03-09 02:45:00,86159.11,86159.11,86011.84,86011.84,162.74
2025-03-09 03:00:00,86011.84,86183.29,85962.73,86053.5,359.85
2025-03-09 03:15:00,86053.5,86169.49,86020.39,86089.02,227.85
2025-03-09 03:30:00,86089.02,86189.43,86089.02,86175.0,273.06
2025-03-09 03:45:00,86175.0,86219.94,86112.44,86125.2,250.41
2025-03-09 04:00:00,86125.2,86125.2,86009.01,86034.24,185.45
2025-03-09 04:15:00,86034.24,86063.76,85951.51,86063.76,246.25
2025-03-09 04:30:00,86063.76,86095.27,85996.1,86022.93,230.0
2025-03-09 04:45:00,86022.93,86131.67,85996.75,86067.5,613.3
2025-03-09 05:00:00,86067.5,86072.07,85989.51,85994.06,133.43
2025-03-09 05:15:00,85994.06,86163.29,85985.52,86104.81,207.1
2025-03-09 05:30:00,86104.81,86145.49,86025.51,86072.84,120.86
2025-03-09 05:45:00,86072.84,86094.01,86013.18,86044.29,133.61
2025-03-09 06:00:00,86044.29,86044.29,85843.5,85883.33,244.37
2025-03-09 06:15:00,85883.33,85964.47,85818.98,85964.47,248.07
2025-03-09 06:30:00,85964.47,86022.32,85909.13,86021.98,242.35
2025-03-09 06:45:00,86021.98,86049.05,85891.85,85917.98,205.21
2025-03-09 07:00:00,85917.98,86018.31,85856.41,85976.89,347.89
2025-03-09 07:15:00,85976.89,86105.78,85949.25,86105.78,285.86
2025-03-09 07:30:00,86105.78,86165.66,85978.15,86007.6,199.39
2025-03-09 07:45:00,86007.6,86025.49,85916.01,86014.1,154.13
2025-03-09 08:00:00,86014.1,86103.87,85928.61,85939.97,222.25
2025-03-09 08:15:00,85939.97,86020.24,85912.18,85925.9,180.25
2025-03-09 08:30:00,85925.9,86025.45,85845.95,85855.57,213.89
2025-03-09 08:45:00,85855.57,85915.62,85786.51,85797.5,183.4
2025-03-09 09:00:00,85797.5,85830.88,85678.76,85801.49,239.87
2025-03-09 09:15:00,85801.49,85900.07,85753.81,85815.5,219.66
2025-03-09 09:30:00,85815.5,85867.49,85779.65,85849.49,141.6
2025-03-09 09:45:00,85849.49,85849.49,85400.0,85571.57,329.13
2025-03-09 10:00:00,85571.57,85629.5,85400.0,85503.89,456.68
2025-03-09 10:15:00,85503.89,85546.52,85141.98,85258.51,2499.34
2025-03-09 10:30:00,85258.51,85261.07,85020.73,85160.17,681.82
2025-03-09 10:45:00,85160.17,85160.17,84717.51,84847.47,770.27
2025-03-09 11:00:00,84847.47,85052.52,84797.51,84857.77,526.87
2025-03-09 11:15:00,84857.77,84912.93,84638.68,84819.5,608.82
2025-03-09 11:30:00,84819.5,84945.38,84751.38,84912.06,473.08
2025-03-09 11:45:00,84912.06,85107.87,84895.5,85035.35,364.3
2025-03-09 12:00:00,85035.35,85059.5,84249.08,84433.67,940.19
2025-03-09 12:15:00,84433.67,84704.47,84433.67,84629.27,512.67
2025-03-09 12:30:00,84629.27,84805.93,84419.51,84719.26,595.21
2025-03-09 12:45:00,84719.26,84742.02,84524.88,84605.88,383.25
2025-03-09 13:00:00,84605.88,84705.5,84426.13,84444.0,416.16
2025-03-09 13:15:00,84444.0,84561.35,84303.11,84549.97,550.46
2025-03-09 13:30:00,84549.97,84558.59,84231.51,84266.3,2374.51
2025-03-09 13:45:00,84266.3,84303.25,83502.77,83531.52,1002.18
2025-03-09 14:00:00,83531.52,83709.21,83109.17,83127.5,1526.14
2025-03-09 14:15:00,83127.5,83525.42,83009.55,83351.84,973.16
2025-03-09 14:30:00,83351.84,83824.56,83317.06,83404.46,1069.29
2025-03-09 14:45:00,83404.46,83655.27,83279.99,83619.03,1074.24
2025-03-09 15:00:00,83619.03,83769.5,83539.59,83748.74,547.85
2025-03-09 15:15:00,83748.74,83753.46,83389.5,83511.57,719.92
2025-03-09 15:30:00,83511.57,83617.62,83244.95,83342.22,466.49
2025-03-09 15:45:00,83342.22,83353.83,82795.37,83089.91,1204.52
2025-03-09 16:00:00,83089.91,83556.86,82661.52,83526.37,1284.26
2025-03-09 16:15:00,83526.37,83759.85,83093.22,83255.5,1142.07
2025-03-09 16:30:00,83255.5,83293.25,82509.5,82915.5,1597.75
2025-03-09 16:45:00,82915.5,82923.64,82341.61,82506.52,1304.72
2025-03-09 17:00:00,82506.52,82879.49,82337.06,82791.5,1378.66
2025-03-09 17:15:00,82791.5,82949.5,82233.5,82461.5,1137.68
2025-03-09 17:30:00,82461.5,82623.28,82259.5,82330.02,1166.06
2025-03-09 17:45:00,82330.02,82752.12,82234.52,82355.5,1300.01
2025-03-09 18:00:00,82355.5,82880.08,82273.5,82548.5,1302.49
2025-03-09 18:15:00,82548.5,83350.07,82317.5,83009.5,1796.09
2025-03-09 18:30:00,83009.5,83339.17,82708.02,82925.5,1627.66
2025-03-09 18:45:00,82925.5,83027.38,82423.5,82675.49,1310.11
2025-03-09 19:00:00,82675.49,82841.49,82349.71,82446.78,1045.84
2025-03-09 19:15:00,82446.78,82880.57,82375.5,82706.47,949.11
2025-03-09 19:30:00,82706.47,82997.6,82665.33,82777.17,885.53
2025-03-09 19:45:00,82777.17,82841.03,82551.56,82650.36,589.74
2025-03-09 20:00:00,82650.36,83169.12,82624.88,83169.12,769.54
2025-03-09 20:15:00,83169.12,83325.89,82912.56,83168.97,633.29
2025-03-09 20:30:00,83168.97,83541.39,83153.28,83358.17,581.87
2025-03-09 20:45:00,83358.17,83358.17,82939.5,83080.51,578.61
2025-03-09 21:00:00,83080.51,83099.52,82589.5,82589.5,546.92
2025-03-09 21:15:00,82589.5,82645.49,81917.13,82051.1,862.34
2025-03-09 21:30:00,82051.1,82252.2,82009.5,82192.2,790.59
2025-03-09 21:45:00,82192.2,82353.22,81615.14,81850.25,902.26
2025-03-09 22:00:00,81850.25,82075.72,81410.69,81574.36,1262.58
2025-03-09 22:15:00,81574.36,81874.69,81208.06,81357.81,1177.2
2025-03-09 22:30:00,81357.81,81453.44,81000.0,81130.95,1224.54
2025-03-09 22:45:00,81130.95,81262.19,80213.74,80355.48,1516.28
2025-03-09 23:00:00,80355.48,80912.73,80034.35,80585.48,2467.42
2025-03-09 23:15:00,80585.48,81049.49,80513.96,80612.86,1381.82
2025-03-09 23:30:00,80612.86,80997.83,80519.5,80650.92,1833.13
2025-03-09 23:45:00,80650.92,80829.49,80341.64,80743.78,1093.58
2025-03-10 00:00:00,80743.78,81433.14,80698.05,80897.42,1431.02
2025-03-10 00:15:00,80897.42,80917.3,80426.5,80582.25,1184.36
2025-03-10 00:30:00,80582.25,81009.5,80054.22,80817.49,1775.16
2025-03-10 00:45:00,80817.49,81509.5,80762.59,81303.82,3126.42
2025-03-10 01:00:00,81303.82,81886.5,81185.94,81287.52,1530.16
2025-03-10 01:15:00,81287.52,81407.5,80822.53,81315.82,1282.96
2025-03-10 01:30:00,81315.82,81752.55,81303.34,81699.6,1033.08
2025-03-10 01:45:00,81699.6,81897.49,81558.03,81771.64,718.85
2025-03-10 02:00:00,81771.64,82085.44,81535.75,81955.5,875.6
2025-03-10 02:15:00,81955.5,82583.5,81937.66,82151.48,975.71
2025-03-10 02:30:00,82151.48,82750.07,82124.5,82440.27,1030.67
2025-03-10 02:45:00,82440.27,82568.95,82129.5,82199.87,730.94
2025-03-10 03:00:00,82199.87,82334.61,81883.87,81903.49,838.23
2025-03-10 03:15:00,81903.49,82043.66,81801.32,81825.69,646.79
2025-03-10 03:30:00,81825.69,82329.89,81804.89,82249.64,631.29
2025-03-10 03:45:00,82249.64,82342.86,82032.45,82056.98,484.44
2025-03-10 04:00:00,82056.98,82436.28,82013.5,82312.5,546.2
2025-03-10 04:15:00,82312.5,82538.06,82259.5,82495.41,428.73
2025-03-10 04:30:00,82495.41,82580.06,82340.75,82357.33,505.67
2025-03-10 04:45:00,82357.33,82660.89,82304.14,82643.56,400.43
2025-03-10 05:00:00,82643.56,82805.32,82459.5,82459.5,384.76
2025-03-10 05:15:00,82459.5,82665.84,82459.5,82569.97,333.44
2025-03-10 05:30:00,82569.97,82579.83,82219.5,82237.62,376.79
2025-03-10 05:45:00,82237.62,82353.92,82136.66,82305.36,362.91
2025-03-10 06:00:00,82305.36,82349.13,82109.5,82167.88,596.43
2025-03-10 06:15:00,82167.88,82430.53,82148.7,82164.17,411.08
2025-03-10 06:30:00,82164.17,82252.05,81997.55,82140.14,356.36
2025-03-10 06:45:00,82140.14,82389.49,82102.53,82329.5,368.34
2025-03-10 07:00:00,82329.5,82696.25,82265.44,82293.55,493.29
2025-03-10 07:15:00,82293.55,82472.28,82108.75,82130.48,525.53
2025-03-10 07:30:00,82130.48,82343.71,82057.94,82258.97,535.73
2025-03-10 07:45:00,82258.97,82389.5,82201.27,82328.27,426.47
2025-03-10 08:00:00,82328.27,82395.0,82021.14,82144.46,605.58
2025-03-10 08:15:00,82144.46,82193.6,81759.5,82052.23,776.09
2025-03-10 08:30:00,82052.23,82071.28,81279.52,81474.53,1160.79
2025-03-10 08:45:00,81474.53,81682.03,81189.47,81365.07,961.64
2025-03-10 09:00:00,81365.07,81955.41,81334.83,81955.41,792.32
2025-03-10 09:15:00,81955.41,84062.9,81938.62,83248.39,2708.12
2025-03-10 09:30:00,83248.39,83367.5,82492.75,82775.67,1868.21
2025-03-10 09:45:00,82775.67,82965.83,82150.27,82523.77,1382.11
2025-03-10 10:00:00,82523.77,82680.56,82191.5,82235.25,1149.29
2025-03-10 10:15:00,82235.25,82410.48,81640.1,81884.13,1238.74
2025-03-10 10:30:00,81884.13,82171.91,81802.62,81953.23,1062.5
2025-03-10 10:45:00,81953.23,82360.27,81877.42,82297.69,1033.36
2025-03-10 11:00:00,82297.69,82469.49,82138.5,82193.22,870.48
2025-03-10 11:15:00,82193.22,82605.19,82075.23,82605.19,641.87
2025-03-10 11:30:00,82605.19,82681.94,82423.48,82541.39,637.75
2025-03-10 11:45:00,82541.39,83790.23,82490.63,83586.16,1322.56
2025-03-10 12:00:00,83586.16,83777.44,83080.21,83179.97,1612.99
2025-03-10 12:15:00,83179.97,83488.07,82759.5,82831.5,1178.31
2025-03-10 12:30:00,82831.5,83241.5,82651.24,83167.17,1037.08
2025-03-10 12:45:00,83167.17,83458.45,82979.44,83260.66,961.49
2025-03-10 13:00:00,83260.66,83323.14,82729.78,82988.98,1053.81
2025-03-10 13:15:00,82988.98,83052.13,82486.2,82679.87,972.66
2025-03-10 13:30:00,82679.87,82905.49,82121.08,82703.49,2308.03
2025-03-10 13:45:00,82703.49,82824.58,81433.0,81533.81,2132.47
2025-03-10 14:00:00,81533.81,81533.81,80171.77,80171.78,2585.4
2025-03-10 14:15:00,80171.78,80573.87,79348.5,79891.86,4591.99
2025-03-10 14:30:00,79891.86,80347.34,79554.94,79710.02,2581.55
2025-03-10 14:45:00,79710.02,80037.8,79213.55,79856.58,2504.28
2025-03-10 15:00:00,79856.58,80332.33,79580.08,80242.03,7817.38
2025-03-10 15:15:00,80242.03,80509.5,79909.49,80271.46,1897.33
2025-03-10 15:30:00,80271.46,81127.82,80189.17,80310.55,1678.89
2025-03-10 15:45:00,80310.55,80739.42,80019.49,80049.63,1516.12
2025-03-10 16:00:00,80049.63,80257.63,79655.57,80024.78,1713.8
2025-03-10 16:15:00,80024.78,80037.8,79331.75,79609.5,1511.85
2025-03-10 16:30:00,79609.5,79840.85,79209.5,79355.48,1557.88
2025-03-10 16:45:00,79355.48,79510.96,79001.6,79011.78,1530.58
2025-03-10 17:00:00,79011.78,79119.07,78381.5,78608.5,2018.87
2025-03-10 17:15:00,78608.5,79333.42,78587.5,79077.99,1757.58
2025-03-10 17:30:00,79077.99,79131.92,78441.16,78640.67,1713.48
2025-03-10 17:45:00,78640.67,78854.19,78212.83,78469.39,1674.58
2025-03-10 18:00:00,78469.39,79150.64,78121.5,78833.58,1836.79
2025-03-10 18:15:00,78833.58,78970.1,78258.17,78509.49,1523.69
2025-03-10 18:30:00,78509.49,78737.44,78170.8,78583.0,1444.23
2025-03-10 18:45:00,78583.0,78596.28,77510.6,77648.89,4386.94
2025-03-10 19:00:00,77648.89,78179.14,77470.25,78020.41,2071.99
2025-03-10 19:15:00,78020.41,78921.48,77995.75,78585.5,1915.84
2025-03-10 19:30:00,78585.5,79540.75,78585.5,78742.77,1896.99
2025-03-10 19:45:00,78742.77,79262.28,78712.89,79070.34,1568.24
2025-03-10 20:00:00,79070.34,79143.47,78665.66,78944.86,1148.46
2025-03-10 20:15:00,78944.86,79119.14,78725.21,79066.06,873.43
2025-03-10 20:30:00,79066.06,79189.71,78703.5,78766.47,866.91
2025-03-10 20:45:00,78766.47,79739.21,78418.91,79311.21,1155.55
2025-03-10 21:00:00,79311.21,79669.5,78969.39,79669.35,1058.84
2025-03-10 21:15:00,79669.35,79669.35,79228.46,79584.94,580.93
2025-03-10 21:30:00,79584.94,79895.02,79461.5,79637.86,641.11
2025-03-10 21:45:00,79637.86,79673.56,79409.5,79571.36,573.82
2025-03-10 22:00:00,79571.36,79849.78,79309.5,79465.42,818.88
2025-03-10 22:15:00,79465.42,79465.42,79209.5,79321.94,682.08
2025-03-10 22:30:00,79321.94,79447.19,79223.97,79234.11,766.13
2025-03-10 22:45:00,79234.11,79722.75,79234.11,79511.86,766.19
2025-03-10 23:00:00,79511.86,79717.42,79402.77,79420.52,846.98
2025-03-10 23:15:00,79420.52,79449.1,79022.52,79210.31,932.8
2025-03-10 23:30:00,79210.31,79386.27,79077.11,79240.25,1433.03
2025-03-10 23:45:00,79240.25,79240.25,78506.34,78600.72,962.85
2025-03-11 00:00:00,78600.72,79237.33,78600.72,78771.77,1271.62
2025-03-11 00:15:00,78771.77,78772.67,77310.5,77320.69,1884.0
2025-03-11 00:30:00,77320.69,77531.0,76803.81,76820.61,2670.57
2025-03-11 00:45:00,76820.61,77723.92,76622.57,77689.78,2381.64
2025-03-11 01:00:00,77689.78,77736.49,76829.37,77118.0,2257.42
2025-03-11 01:15:00,77118.0,77828.89,76999.5,77742.2,2043.93
2025-03-11 01:30:00,77742.2,78938.77,77736.7,78938.77,2044.83
2025-03-11 01:45:00,78938.77,79133.67,78598.38,79133.67,4267.76
2025-03-11 02:00:00,79133.67,79504.38,78947.5,79334.06,1543.4
2025-03-11 02:15:00,79334.06,79657.17,79169.39,79264.44,1346.75
2025-03-11 02:30:00,79264.44,79323.22,79069.39,79143.0,6454.82
2025-03-11 02:45:00,79143.0,79526.5,79116.5,79364.03,770.47
2025-03-11 03:00:00,79364.03,79900.24,79289.39,79657.5,6660.02
2025-03-11 03:15:00,79657.5,79709.5,79394.39,79431.83,690.91
2025-03-11 03:30:00,79431.83,79713.5,79382.85,79569.64,526.6
2025-03-11 03:45:00,79569.64,79697.91,79457.77,79531.59,514.58
2025-03-11 04:00:00,79531.59,79864.45,79449.39,79813.48,569.41
2025-03-11 04:15:00,79813.48,80254.52,79799.71,80107.25,717.71
2025-03-11 04:30:00,80107.25,80254.75,79769.39,79942.63,703.38
2025-03-11 04:45:00,79942.63,79956.17,79748.55,79773.7,544.63
2025-03-11 05:00:00,79773.7,80319.5,79729.38,80191.27,819.79
2025-03-11 05:15:00,80191.27,80336.46,79918.25,80189.19,6571.78
2025-03-11 05:30:00,80189.19,80317.94,80075.89,80192.75,565.52
2025-03-11 05:45:00,80192.75,80461.0,80145.92,80257.81,661.1
2025-03-11 06:00:00,80257.81,80554.37,80196.38,80430.05,552.17
2025-03-11 06:15:00,80430.05,80516.77,80270.17,80424.61,798.65
2025-03-11 06:30:00,80424.61,80438.28,80226.3,80377.66,446.67
2025-03-11 06:45:00,80377.66,80402.21,80103.42,80117.21,411.82
2025-03-11 07:00:00,80117.21,80494.75,80097.5,80464.44,576.74
2025-03-11 07:15:00,80464.44,80620.96,80369.5,80471.66,516.22
2025-03-11 07:30:00,80471.66,80480.61,80273.38,80349.34,360.74
2025-03-11 07:45:00,80349.34,80489.88,80287.09,80434.44,342.12
2025-03-11 08:00:00,80434.44,80849.3,80337.95,80821.19,11480.01
2025-03-11 08:15:00,80821.19,81002.56,80708.5,80952.21,552.24
2025-03-11 08:30:00,80952.21,81049.52,80880.53,81000.61,431.92
2025-03-11 08:45:00,81000.61,81535.12,81000.61,81140.64,849.9
2025-03-11 09:00:00,81140.64,81544.35,81139.48,81350.73,707.75
2025-03-11 09:15:00,81350.73,81709.48,81261.16,81708.81,569.21
2025-03-11 09:30:00,81708.81,81901.22,81493.3,81529.35,715.09
2025-03-11 09:45:00,81529.35,81638.5,81459.05,81481.14,467.42
2025-03-11 10:00:00,81481.14,81669.49,81285.3,81552.13,461.63
2025-03-11 10:15:00,81552.13,81808.75,81513.92,81736.66,359.45
2025-03-11 10:30:00,81736.66,81889.03,81639.98,81745.95,6385.39
2025-03-11 10:45:00,81745.95,81838.21,81620.45,81814.03,454.14
2025-03-11 11:00:00,81814.03,81937.62,81409.5,81625.81,652.41
2025-03-11 11:15:00,81625.81,81854.39,81625.81,81829.12,404.53
2025-03-11 11:30:00,81829.12,82099.88,81717.8,81986.5,576.84
2025-03-11 11:45:00,81986.5,81990.81,81706.61,81727.94,423.54
2025-03-11 12:00:00,81727.94,81768.96,81315.44,81344.89,634.99
2025-03-11 12:15:00,81344.89,81913.02,81321.06,81732.91,650.97
2025-03-11 12:30:00,81732.91,81782.0,81382.55,81444.22,610.44
2025-03-11 12:45:00,81444.22,81488.25,81059.5,81257.92,779.55
2025-03-11 13:00:00,81257.92,81347.84,80562.53,80791.5,1260.77
2025-03-11 13:15:00,80791.5,82211.03,80740.13,81450.46,1532.45
2025-03-11 13:30:00,81450.46,81823.75,80845.5,81168.73,2745.3
2025-03-11 13:45:00,81168.73,81570.87,80789.5,80900.64,1840.38
2025-03-11 14:00:00,80900.64,81384.41,80068.0,80687.35,2930.23
2025-03-11 14:15:00,80687.35,80886.58,79869.39,79919.7,2268.74
2025-03-11 14:30:00,79919.7,80226.31,79067.5,79480.5,2576.11
2025-03-11 14:45:00,79480.5,80503.53,79284.19,79781.52,2371.28
2025-03-11 15:00:00,79781.52,81291.5,79663.2,81241.49,2118.97
2025-03-11 15:15:00,81241.49,81522.64,80733.63,80891.83,11448.61
2025-03-11 15:30:00,80891.83,81409.49,80809.5,81122.55,1530.68
2025-03-11 15:45:00,81122.55,81674.99,80931.96,81221.0,1472.96
2025-03-11 16:00:00,81221.0,81534.86,80643.99,80678.48,1382.82
2025-03-11 16:15:00,80678.48,81595.22,80656.53,81496.77,1306.8
2025-03-11 16:30:00,81496.77,81839.2,81407.1,81635.91,1333.68
2025-03-11 16:45:00,81635.91,81907.2,81264.89,81381.41,1190.72
2025-03-11 17:00:00,81381.41,81565.09,81130.83,81368.82,1093.89
2025-03-11 17:15:00,81368.82,81699.53,80790.49,80898.27,1116.77
2025-03-11 17:30:00,80898.27,81440.33,80799.63,81436.06,10500.94
2025-03-11 17:45:00,81436.06,81727.83,81118.02,81315.07,916.79
2025-03-11 18:00:00,81315.07,82468.49,81301.96,82448.82,10862.65
2025-03-11 18:15:00,82448.82,82869.49,82078.53,82568.27,1428.82
2025-03-11 18:30:00,82568.27,82928.0,82373.13,82906.56,1184.8
2025-03-11 18:45:00,82906.56,83479.5,82865.52,83292.42,1146.28
2025-03-11 19:00:00,83292.42,83626.89,83028.42,83096.33,1048.9
2025-03-11 19:15:00,83096.33,83250.95,82860.48,83193.03,1029.95
2025-03-11 19:30:00,83193.03,83488.17,83148.87,83356.3,953.86
2025-03-11 19:45:00,83356.3,83407.69,82963.82,83139.56,10372.21
2025-03-11 20:00:00,83139.56,83172.99,82826.5,82862.97,660.53
2025-03-11 20:15:00,82862.97,82977.11,82616.75,82633.28,506.47
2025-03-11 20:30:00,82633.28,83001.81,82633.28,82918.22,487.76
2025-03-11 20:45:00,82918.22,83086.25,82797.77,82807.53,401.25
2025-03-11 21:00:00,82807.53,83166.12,82807.53,83068.0,369.75
2025-03-11 21:15:00,83068.0,83241.57,82984.2,83224.53,263.29
2025-03-11 21:30:00,83224.53,83269.55,82972.42,83018.58,396.33
2025-03-11 21:45:00,83018.58,83224.5,83009.99,83120.21,280.43
2025-03-11 22:00:00,83120.21,83284.49,83040.22,83238.64,667.02
2025-03-11 22:15:00,83238.64,83313.03,83083.27,83176.55,380.2
2025-03-11 22:30:00,83176.55,83185.78,82990.8,83103.52,375.56
2025-03-11 22:45:00,83103.52,83231.72,83029.5,83142.98,347.29
2025-03-11 23:00:00,83142.98,83194.5,82765.53,82907.49,698.96
2025-03-11 23:15:00,82907.49,82910.32,82565.23,82667.67,666.88
2025-03-11 23:30:00,82667.67,82890.39,82574.1,82796.42,550.29
2025-03-11 23:45:00,82796.42,82937.24,82665.5,82937.24,420.61
2025-03-12 00:00:00,82937.24,83009.49,82701.36,82787.08,724.71
2025-03-12 00:15:00,82787.08,82973.5,82695.32,82865.89,641.26
2025-03-12 00:30:00,82865.89,83149.66,82688.75,82746.73,643.89
2025-03-12 00:45:00,82746.73,82826.5,82618.53,82772.28,612.99
2025-03-12 01:00:00,82772.28,83165.38,82763.12,83059.77,575.24
2025-03-12 01:15:00,83059.77,83235.28,82942.45,83086.71,523.47
2025-03-12 01:30:00,83086.71,83511.16,83061.42,83369.0,10216.86
2025-03-12 01:45:00,83369.0,83784.17,83255.55,83323.1,753.72
2025-03-12 02:00:00,83323.1,83334.77,82774.47,83232.03,771.59
2025-03-12 02:15:00,83232.03,83233.47,82673.92,82685.78,685.22
2025-03-12 02:30:00,82685.78,82799.52,82230.92,82469.89,1084.93
2025-03-12 02:45:00,82469.89,82533.41,82257.14,82402.09,638.05
2025-03-12 03:00:00,82402.09,82626.46,82306.64,82500.07,479.94
2025-03-12 03:15:00,82500.07,82500.07,82277.72,82372.31,598.43
2025-03-12 03:30:00,82372.31,82463.48,82131.11,82318.58,698.36
2025-03-12 03:45:00,82318.58,82357.39,82113.56,82114.53,550.61
2025-03-12 04:00:00,82114.53,82189.49,81783.77,82038.33,757.3
2025-03-12 04:15:00,82038.33,82072.89,81833.44,81888.21,609.32
2025-03-12 04:30:00,81888.21,81898.07,81655.48,81659.58,628.32
2025-03-12 04:45:00,81659.58,81869.5,81631.56,81797.83,401.62
2025-03-12 05:00:00,81797.83,81947.83,81626.5,81751.53,492.9
2025-03-12 05:15:00,81751.53,81852.07,81659.62,81819.64,339.92
2025-03-12 05:30:00,81819.64,81987.03,81801.92,81880.25,419.49
2025-03-12 05:45:00,81880.25,82052.28,81841.17,81991.88,307.68
2025-03-12 06:00:00,81991.88,81991.88,81510.5,81626.73,354.64
2025-03-12 06:15:00,81626.73,81768.14,81510.5,81709.5,395.85
2025-03-12 06:30:00,81709.5,81799.06,81638.41,81655.09,426.89
2025-03-12 06:45:00,81655.09,81686.59,81305.5,81439.82,617.65
2025-03-12 07:00:00,81439.82,81721.05,81342.16,81505.75,827.88
2025-03-12 07:15:00,81505.75,81882.14,81365.62,81709.94,659.06
2025-03-12 07:30:00,81709.94,81914.24,81604.44,81906.8,690.46
2025-03-12 07:45:00,81906.8,82550.64,81823.92,82453.52,1036.43
2025-03-12 08:00:00,82453.52,82846.03,82405.72,82714.28,1005.39
2025-03-12 08:15:00,82714.28,82813.82,82039.27,82520.21,6854.35
2025-03-12 08:30:00,82520.21,82709.49,82344.98,82690.6,847.71
2025-03-12 08:45:00,82690.6,82809.5,82585.1,82699.16,708.69
2025-03-12 09:00:00,82699.16,82942.83,82342.73,82568.42,1168.73
2025-03-12 09:15:00,82568.42,82581.23,82269.5,82270.32,736.24
2025-03-12 09:30:00,82270.32,82551.25,82244.78,82513.5,583.38
2025-03-12 09:45:00,82513.5,82696.17,82462.39,82687.22,352.05
2025-03-12 10:00:00,82687.22,82776.25,82407.83,82539.84,386.08
2025-03-12 10:15:00,82539.84,82560.99,82175.74,82304.63,500.61
2025-03-12 10:30:00,82304.63,82317.63,82119.33,82287.45,446.9
2025-03-12 10:45:00,82287.45,82536.5,82287.45,82490.55,403.85
2025-03-12 11:00:00,82490.55,82659.5,82444.03,82616.13,381.29
2025-03-12 11:15:00,82616.13,82772.84,82522.78,82772.84,312.41
2025-03-12 11:30:00,82772.84,82987.02,82750.19,82854.5,437.8
2025-03-12 11:45:00,82854.5,83077.97,82769.55,83013.94,344.73
2025-03-12 12:00:00,83013.94,83299.49,82882.7,82971.77,739.99
2025-03-12 12:15:00,82971.77,83519.5,82957.64,83368.36,690.98
2025-03-12 12:30:00,83368.36,84389.35,83368.36,83640.69,11911.79
2025-03-12 12:45:00,83640.69,84080.92,83434.72,84067.41,1152.55
2025-03-12 13:00:00,84067.41,84222.7,83697.05,83858.59,1130.12
2025-03-12 13:15:00,83858.59,83909.5,83284.67,83352.67,1071.01
2025-03-12 13:30:00,83352.67,83805.5,83248.38,83494.78,2113.89
2025-03-12 13:45:00,83494.78,83708.27,82371.59,82694.14,2394.81
2025-03-12 14:00:00,82694.14,82929.49,82383.25,82490.39,1660.27
2025-03-12 14:15:00,82490.39,82765.47,82198.8,82486.14,1432.04
2025-03-12 14:30:00,82486.14,82642.89,81587.77,81716.99,1799.12
2025-03-12 14:45:00,81716.99,81873.77,81538.08,81538.08,1161.42
2025-03-12 15:00:00,81538.08,81604.82,80617.14,80938.98,1583.58
2025-03-12 15:15:00,80938.98,81413.58,80800.53,81262.34,1442.94
2025-03-12 15:30:00,81262.34,81725.33,81254.0,81627.0,1217.93
2025-03-12 15:45:00,81627.0,82017.75,81454.86,81747.97,1219.34
2025-03-12 16:00:00,81747.97,82252.92,81636.14,82190.38,1176.84
2025-03-12 16:15:00,82190.38,82297.0,81790.11,81860.56,1041.59
2025-03-12 16:30:00,81860.56,82237.6,81659.38,81659.38,903.52
2025-03-12 16:45:00,81659.38,82107.61,81659.38,81974.47,866.93
2025-03-12 17:00:00,81974.47,82564.5,81909.98,82446.64,925.93
2025-03-12 17:15:00,82446.64,82886.02,82429.25,82775.07,935.64
2025-03-12 17:30:00,82775.07,82886.66,82439.23,82447.8,750.09
2025-03-12 17:45:00,82447.8,82548.23,81792.58,81854.08,921.97
2025-03-12 18:00:00,81854.08,82390.96,81732.5,82380.06,865.03
2025-03-12 18:15:00,82380.06,82713.02,82335.57,82543.28,905.07
2025-03-12 18:30:00,82543.28,82749.75,82358.82,82701.83,765.35
2025-03-12 18:45:00,82701.83,82809.5,82506.5,82638.17,610.67
2025-03-12 19:00:00,82638.17,82934.5,82497.5,82920.94,678.94
2025-03-12 19:15:00,82920.94,83036.73,82734.88,82780.94,701.94
2025-03-12 19:30:00,82780.94,82981.2,82501.5,82670.5,671.93
2025-03-12 19:45:00,82670.5,83162.92,82670.5,82925.42,785.54
2025-03-12 20:00:00,82925.42,82964.46,82722.31,82776.16,521.75
2025-03-12 20:15:00,82776.16,82962.07,82759.5,82897.77,332.65
2025-03-12 20:30:00,82897.77,83197.2,82877.5,83158.5,275.49
2025-03-12 20:45:00,83158.5,83188.14,83045.71,83141.89,257.57
2025-03-12 21:00:00,83141.89,83301.61,83141.89,83297.39,301.38
2025-03-12 21:15:00,83297.39,83329.5,83125.84,83149.83,266.95
2025-03-12 21:30:00,83149.83,83279.85,83052.8,83115.24,315.55
2025-03-12 21:45:00,83115.24,83159.47,82861.78,83090.31,310.92
2025-03-12 22:00:00,83090.31,83443.0,83090.31,83415.2,538.08
2025-03-12 22:15:00,83415.2,83584.2,83336.97,83508.09,415.51
2025-03-12 22:30:00,83508.09,83675.5,83446.27,83622.67,416.49
2025-03-12 22:45:00,83622.67,83691.08,83548.03,83660.64,223.29
2025-03-12 23:00:00,83660.64,83747.61,83528.45,83579.99,389.7
2025-03-12 23:15:00,83579.99,83600.91,83439.83,83464.53,369.04
2025-03-12 23:30:00,83464.53,83718.13,83421.98,83694.05,432.19
2025-03-12 23:45:00,83694.05,83895.39,83635.67,83689.62,330.46
2025-03-13 00:00:00,83689.62,83836.61,83606.87,83653.21,474.71
2025-03-13 00:15:00,83653.21,83998.49,83488.34,83715.1,578.94
2025-03-13 00:30:00,83715.1,83970.62,83611.99,83840.17,567.78
2025-03-13 00:45:00,83840.17,83842.84,83448.17,83448.17,458.21
2025-03-13 01:00:00,83448.17,83715.85,83322.42,83685.48,430.67
2025-03-13 01:15:00,83685.48,83792.5,83515.33,83638.5,602.68
2025-03-13 01:30:00,83638.5,83877.42,83638.49,83726.24,425.02
2025-03-13 01:45:00,83726.24,84231.16,83715.82,83931.3,574.81
2025-03-13 02:00:00,83931.3,84341.5,83889.89,84174.77,681.95
2025-03-13 02:15:00,84174.77,84174.77,83904.69,83963.74,691.6
2025-03-13 02:30:00,83963.74,84060.52,83829.99,83976.16,682.79
2025-03-13 02:45:00,83976.16,84077.81,83759.49,83794.75,418.4
2025-03-13 03:00:00,83794.75,84009.49,83739.89,83984.69,475.78
2025-03-13 03:15:00,83984.69,84205.4,83887.11,83904.66,701.5
2025-03-13 03:30:00,83904.66,83913.06,83602.5,83622.38,610.5
2025-03-13 03:45:00,83622.38,83709.1,83552.03,83586.63,446.42
2025-03-13 04:00:00,83586.63,83705.5,83551.89,83630.46,410.09
2025-03-13 04:15:00,83630.46,83703.81,83460.13,83472.3,302.15
2025-03-13 04:30:00,83472.3,83547.23,83273.89,83318.23,395.55
2025-03-13 04:45:00,83318.23,83475.46,83222.14,83296.12,313.49
2025-03-13 05:00:00,83296.12,83447.27,83276.47,83372.72,353.24
2025-03-13 05:15:00,83372.72,83546.48,83312.1,83460.07,411.97
2025-03-13 05:30:00,83460.07,83467.77,83091.69,83104.19,579.15
2025-03-13 05:45:00,83104.19,83254.17,83086.5,83164.03,399.48
2025-03-13 06:00:00,83164.03,83210.46,82956.77,82964.03,432.36
2025-03-13 06:15:00,82964.03,83039.0,82860.5,83018.35,393.81
2025-03-13 06:30:00,83018.35,83155.09,82986.32,83047.53,300.66
2025-03-13 06:45:00,83047.53,83335.06,83047.53,83291.16,447.83
2025-03-13 07:00:00,83291.16,83349.99,83139.5,83211.5,387.18
2025-03-13 07:15:00,83211.5,83559.12,83195.23,83437.0,365.95
2025-03-13 07:30:00,83437.0,83539.92,83223.0,83275.59,345.78
2025-03-13 07:45:00,83275.59,83343.67,83137.49,83149.53,286.71
2025-03-13 08:00:00,83149.53,83269.5,83110.5,83110.5,371.37
2025-03-13 08:15:00,83110.5,83127.6,82545.52,82645.5,758.89
2025-03-13 08:30:00,82645.5,82794.44,82409.55,82669.09,694.39
2025-03-13 08:45:00,82669.09,83059.5,82645.84,82982.83,527.84
2025-03-13 09:00:00,82982.83,83270.98,82982.83,83163.89,578.77
2025-03-13 09:15:00,83163.89,83488.16,83163.89,83259.19,501.01
2025-03-13 09:30:00,83259.19,83378.98,83218.74,83313.64,420.11
2025-03-13 09:45:00,83313.64,83529.78,83313.64,83436.37,540.89
2025-03-13 10:00:00,83436.37,83491.53,83265.55,83346.64,200.84
2025-03-13 10:15:00,83346.64,83371.74,83119.5,83304.17,287.33
2025-03-13 10:30:00,83304.17,83404.92,83042.16,83096.77,640.39
2025-03-13 10:45:00,83096.77,83313.73,83010.5,83193.49,423.62
2025-03-13 11:00:00,83193.49,83224.49,82959.52,82975.53,637.32
2025-03-13 11:15:00,82975.53,82975.53,82793.96,82875.97,475.63
2025-03-13 11:30:00,82875.97,83022.75,82770.28,82886.85,439.28
2025-03-13 11:45:00,82886.85,82990.86,82717.78,82981.2,682.2
2025-03-13 12:00:00,82981.2,83034.53,82769.5,82850.33,506.84
2025-03-13 12:15:00,82850.33,83340.12,82850.33,83286.89,462.19
2025-03-13 12:30:00,83286.89,83585.61,82675.5,83028.12,1326.11
2025-03-13 12:45:00,83028.12,83028.12,82299.5,82519.47,937.86
2025-03-13 13:00:00,82519.47,82929.0,82484.28,82585.83,1161.71
2025-03-13 13:15:00,82585.83,82989.5,82555.19,82929.49,781.04
2025-03-13 13:30:00,82929.49,83120.49,82397.5,82397.5,1830.53
2025-03-13 13:45:00,82397.5,82495.38,81609.5,81779.25,1575.58
2025-03-13 14:00:00,81779.25,82126.7,81568.45,82044.14,1509.59
2025-03-13 14:15:00,82044.14,82513.89,81853.13,81906.16,1469.53
2025-03-13 14:30:00,81906.16,82214.18,81863.86,82062.2,1707.62
2025-03-13 14:45:00,82062.2,82271.69,81861.5,82000.64,1352.25
2025-03-13 15:00:00,82000.64,82175.75,81580.8,81654.53,1617.57
2025-03-13 15:15:00,81654.53,81828.34,81414.37,81585.92,1404.8
2025-03-13 15:30:00,81585.92,81585.92,80953.78,81419.5,1871.79
2025-03-13 15:45:00,81419.5,81419.5,80999.5,81045.22,1328.2
2025-03-13 16:00:00,81045.22,81207.25,80852.37,80948.54,1269.19
2025-03-13 16:15:00,80948.54,81157.51,80852.25,80948.52,1348.59
2025-03-13 16:30:00,80948.52,81260.5,80856.41,81021.92,1202.31
2025-03-13 16:45:00,81021.92,81021.92,80665.5,80876.86,1262.86
2025-03-13 17:00:00,80876.86,80893.52,80481.83,80584.19,1361.2
2025-03-13 17:15:00,80584.19,80584.19,80221.5,80399.5,1405.58
2025-03-13 17:30:00,80399.5,80549.62,80099.5,80146.56,1297.94
2025-03-13 17:45:00,80146.56,80267.88,79939.41,80064.5,1685.29
2025-03-13 18:00:00,80064.5,80790.38,79996.14,80734.52,1713.88
2025-03-13 18:15:00,80734.52,80955.86,80517.1,80907.03,1339.04
2025-03-13 18:30:00,80907.03,80958.34,80649.47,80755.0,1126.63
2025-03-13 18:45:00,80755.0,80859.34,80546.49,80820.56,1056.52
2025-03-13 19:00:00,80820.56,81032.36,80650.44,80744.11,1076.12
2025-03-13 19:15:00,80744.11,80760.9,80420.07,80565.32,1031.43
2025-03-13 19:30:00,80565.32,80670.83,80323.5,80352.72,976.11
2025-03-13 19:45:00,80352.72,80462.44,80137.98,80210.91,1201.97
2025-03-13 20:00:00,80210.91,80563.85,80189.39,80436.43,786.33
2025-03-13 20:15:00,80436.43,80682.31,80431.22,80664.23,669.43
2025-03-13 20:30:00,80664.23,80735.39,80387.5,80388.51,551.32
2025-03-13 20:45:00,80388.51,80459.49,80279.13,80379.56,778.99
2025-03-13 21:00:00,80379.56,80578.2,80280.94,80453.06,668.06
2025-03-13 21:15:00,80453.06,80671.09,80400.36,80652.6,333.75
2025-03-13 21:30:00,80652.6,80824.66,80491.48,80784.28,548.58
2025-03-13 21:45:00,80784.28,80883.14,80668.87,80815.38,496.5
2025-03-13 22:00:00,80815.38,81024.78,80729.98,80948.8,579.25
2025-03-13 22:15:00,80948.8,81069.44,80830.74,81067.78,279.16
2025-03-13 22:30:00,81067.78,81170.31,80986.25,81145.77,245.52
2025-03-13 22:45:00,81145.77,81400.5,81145.77,81400.5,295.29
2025-03-13 23:00:00,81400.5,81477.5,81274.2,81359.42,431.89
2025-03-13 23:15:00,81359.42,81378.22,81093.67,81104.51,445.1
2025-03-13 23:30:00,81104.51,81208.33,81046.07,81076.38,441.43
2025-03-13 23:45:00,81076.38,81199.23,81076.38,81116.28,312.78
2025-03-14 00:00:00,81116.28,81125.5,80819.47,81010.67,682.88
2025-03-14 00:15:00,81010.67,81264.66,80904.81,81197.5,600.08
2025-03-14 00:30:00,81197.5,81547.66,81197.5,81536.85,603.85
2025-03-14 00:45:00,81536.85,81694.91,81391.88,81501.08,628.81
2025-03-14 01:00:00,81501.08,81507.02,81214.67,81424.03,605.61
2025-03-14 01:15:00,81424.03,81474.68,81263.87,81433.92,418.0
2025-03-14 01:30:00,81433.92,81840.5,81433.92,81818.67,560.51
2025-03-14 01:45:00,81818.67,81876.67,81561.77,81602.57,485.4
2025-03-14 02:00:00,81602.57,81736.34,81589.75,81722.51,429.17
2025-03-14 02:15:00,81722.51,81960.01,81669.91,81873.97,356.11
2025-03-14 02:30:00,81873.97,81936.52,81690.5,81840.5,463.06
2025-03-14 02:45:00,81840.5,82270.0,81801.71,82227.48,737.81
2025-03-14 03:00:00,82227.48,82248.2,81973.34,82095.48,581.13
2025-03-14 03:15:00,82095.48,82194.88,81981.2,82018.36,389.89
2025-03-14 03:30:00,82018.36,82018.36,81811.35,81811.35,452.98
2025-03-14 03:45:00,81811.35,81892.19,81727.45,81889.26,1214.99
2025-03-14 04:00:00,81889.26,82019.42,81872.69,82007.86,1277.73
2025-03-14 04:15:00,82007.86,82038.75,81874.03,82003.81,1201.88
2025-03-14 04:30:00,82003.81,82034.25,81841.5,81891.5,1150.74
2025-03-14 04:45:00,81891.5,81999.5,81891.5,81947.66,1128.44
2025-03-14 05:00:00,81947.66,82000.5,81820.78,81830.72,964.35
2025-03-14 05:15:00,81830.72,82000.5,81830.72,81975.61,1272.12
2025-03-14 05:30:00,81975.61,82128.03,81939.5,82090.74,1092.77
2025-03-14 05:45:00,82090.74,82218.56,82009.36,82142.47,1514.87
2025-03-14 06:00:00,82142.47,82190.72,82038.06,82057.15,1315.93
2025-03-14 06:15:00,82057.15,82073.15,81849.41,81850.5,1072.44
2025-03-14 06:30:00,81850.5,81965.27,81779.58,81799.19,1271.86
2025-03-14 06:45:00,81799.19,82044.5,81799.19,82038.59,1269.54
2025-03-14 07:00:00,82038.59,82038.72,81895.45,82021.93,1155.11
2025-03-14 07:15:00,82021.93,82096.94,81999.12,82069.36,1269.85
2025-03-14 07:30:00,82069.36,82427.64,82007.5,82371.55,1672.98
2025-03-14 07:45:00,82371.55,82454.0,82170.34,82170.34,1700.44
2025-03-14 08:00:00,82170.34,82362.83,82170.34,82313.05,1433.41
2025-03-14 08:15:00,82313.05,82593.58,82313.05,82466.22,1667.5
2025-03-14 08:30:00,82466.22,82571.42,82319.52,82504.83,1651.83
2025-03-14 08:45:00,82504.83,82644.73,82504.83,82589.5,1780.41
2025-03-14 09:00:00,82589.5,82769.3,82569.88,82643.5,1601.6
2025-03-14 09:15:00,82643.5,82941.06,82629.28,82895.92,1537.62
2025-03-14 09:30:00,82895.92,82930.86,82693.31,82893.1,1689.18
2025-03-14 09:45:00,82893.1,82894.11,82766.38,82776.0,1417.33
2025-03-14 10:00:00,82776.0,82831.86,82673.81,82686.11,1262.62
2025-03-14 10:15:00,82686.11,83000.5,82676.59,82972.42,1339.59
2025-03-14 10:30:00,82972.42,83090.9,82869.56,83025.64,1558.73
2025-03-14 10:45:00,83025.64,83300.51,82999.77,83041.71,1942.95
2025-03-14 11:00:00,83041.71,83164.58,83011.37,83050.5,1821.54
2025-03-14 11:15:00,83050.5,83222.97,82974.83,83222.97,1826.81
2025-03-14 11:30:00,83222.97,83348.97,83143.89,83283.39,1915.34
2025-03-14 11:45:00,83283.39,83345.42,83161.21,83253.65,1682.41
2025-03-14 12:00:00,83253.65,83400.0,83051.92,83397.89,1843.13
2025-03-14 12:15:00,83397.89,83480.72,83351.48,83404.27,1805.14
2025-03-14 12:30:00,83404.27,83526.44,83265.47,83270.89,1791.41
2025-03-14 12:45:00,83270.89,83429.39,83141.06,83420.37,1663.65
2025-03-14 13:00:00,83420.37,83574.94,83386.28,83400.5,1810.72
2025-03-14 13:15:00,83400.5,83493.0,83310.41,83333.5,1752.44
2025-03-14 13:30:00,83333.5,83800.5,83049.3,83266.06,3145.95
2025-03-14 13:45:00,83266.06,83887.5,83261.5,83601.66,2966.38
2025-03-14 14:00:00,83601.66,83601.66,82882.8,82994.67,13351.51
2025-03-14 14:15:00,82994.67,83049.44,82640.03,82801.0,3220.71
2025-03-14 14:30:00,82801.0,83462.36,82774.08,83135.06,3177.8
2025-03-14 14:45:00,83135.06,83525.3,83014.09,83524.3,2803.67
2025-03-14 15:00:00,83524.3,84478.87,83524.3,84258.73,3738.36
2025-03-14 15:15:00,84258.73,84969.89,84258.73,84943.35,3399.93
2025-03-14 15:30:00,84943.35,85309.2,84905.08,85119.5,3187.87
2025-03-14 15:45:00,85119.5,85150.5,84644.27,84724.08,2766.05
2025-03-14 16:00:00,84724.08,84950.5,84508.57,84512.2,2518.91
2025-03-14 16:15:00,84512.2,84827.08,84389.5,84411.33,2293.3
2025-03-14 16:30:00,84411.33,84500.49,83952.54,84487.88,2663.89
2025-03-14 16:45:00,84487.88,84860.9,84333.04,84787.86,2346.82
2025-03-14 17:00:00,84787.86,84838.49,84479.24,84556.41,2118.66
2025-03-14 17:15:00,84556.41,84672.71,84259.51,84386.36,2026.18
2025-03-14 17:30:00,84386.36,84500.88,84223.43,84241.33,1849.39
2025-03-14 17:45:00,84241.33,84414.59,84193.51,84364.99,1886.2
2025-03-14 18:00:00,84364.99,84654.0,84364.69,84411.38,1813.53
2025-03-14 18:15:00,84411.38,84442.11,84203.12,84292.89,1811.69
2025-03-14 18:30:00,84292.89,84726.92,84284.65,84622.58,1882.42
2025-03-14 18:45:00,84622.58,84631.58,84482.55,84571.04,1712.78
2025-03-14 19:00:00,84571.04,84929.95,84484.58,84889.84,1759.95
2025-03-14 19:15:00,84889.84,84896.49,84584.35,84633.94,1761.99
2025-03-14 19:30:00,84633.94,84725.62,84533.88,84564.75,1656.17
2025-03-14 19:45:00,84564.75,84632.58,84457.94,84554.5,1870.81
2025-03-14 20:00:00,84554.5,84554.51,84215.1,84282.62,1549.39
2025-03-14 20:15:00,84282.62,84316.04,83717.2,84063.33,2074.35
2025-03-14 20:30:00,84063.33,84327.65,83989.67,84233.93,1610.06
2025-03-14 20:45:00,84233.93,84239.56,84111.84,84127.7,1514.86
2025-03-14 21:00:00,84127.7,84175.73,83953.07,83979.53,1267.38
2025-03-14 21:15:00,83979.53,84300.2,83979.53,84240.51,1422.63
2025-03-14 21:30:00,84240.51,84280.57,84132.0,84174.52,1425.3
2025-03-14 21:45:00,84174.52,84248.99,84143.27,84205.28,1277.44
2025-03-14 22:00:00,84205.28,84221.46,84105.93,84182.77,1404.96
2025-03-14 22:15:00,84182.77,84471.49,84182.77,84332.57,1312.41
2025-03-14 22:30:00,84332.57,84388.5,84270.96,84387.84,1239.85
2025-03-14 22:45:00,84387.84,84512.99,84372.5,84437.56,1313.56
2025-03-14 23:00:00,84437.56,84445.7,84243.26,84251.64,1370.43
2025-03-14 23:15:00,84251.64,84290.43,84172.67,84269.35,1300.81
2025-03-14 23:30:00,84269.35,84287.36,83998.56,83999.57,1436.83
2025-03-14 23:45:00,83999.57,84100.41,83950.56,83982.7,1360.02
2025-03-15 00:00:00,83982.7,84200.5,83964.07,84169.6,1566.71
2025-03-15 00:15:00,84169.6,84226.76,84106.69,84225.76,1232.18
2025-03-15 00:30:00,84225.76,84314.59,84203.37,84224.16,1353.87
2025-03-15 00:45:00,84224.16,84352.38,84218.24,84297.64,1302.94
2025-03-15 01:00:00,84297.64,84468.32,84293.5,84464.2,1378.57
2025-03-15 01:15:00,84464.2,84583.53,84348.55,84353.89,1280.19
2025-03-15 01:30:00,84353.89,84354.9,84106.78,84153.86,1289.42
2025-03-15 01:45:00,84153.86,84360.99,84143.77,84353.35,1233.54
2025-03-15 02:00:00,84353.35,84396.82,84159.88,84392.96,1257.81
2025-03-15 02:15:00,84392.96,84392.96,84230.54,84297.53,1269.74
2025-03-15 02:30:00,84297.53,84458.67,84243.79,84397.5,1369.95
2025-03-15 02:45:00,84397.5,84632.57,84397.5,84557.45,1342.04
2025-03-15 03:00:00,84557.45,84601.44,84484.05,84545.51,1240.8
2025-03-15 03:15:00,84545.51,84664.17,84529.24,84644.63,1315.46
2025-03-15 03:30:00,84644.63,84676.78,84417.88,84436.42,1273.66
2025-03-15 03:45:00,84436.42,84524.77,84430.14,84491.49,1165.84
2025-03-15 04:00:00,84491.49,84543.03,84366.04,84372.04,1170.09
2025-03-15 04:15:00,84372.04,84407.32,84299.54,84393.52,1093.08
2025-03-15 04:30:00,84393.52,84559.5,84340.84,84550.03,1332.99
2025-03-15 04:45:00,84550.03,84551.04,84456.07,84457.08,1246.7
2025-03-15 05:00:00,84457.08,84478.53,84357.67,84412.02,1191.58
2025-03-15 05:15:00,84412.02,84413.02,84304.51,84332.96,998.11
2025-03-15 05:30:00,84332.96,84387.24,84301.38,84343.72,1058.97
2025-03-15 05:45:00,84343.72,84355.97,84265.75,84265.75,1092.52
2025-03-15 06:00:00,84265.75,84271.3,84170.45,84223.69,1183.97
2025-03-15 06:15:00,84223.69,84304.75,84212.01,84263.13,1169.14
2025-03-15 06:30:00,84263.13,84263.13,84176.22,84181.52,1065.62
2025-03-15 06:45:00,84181.52,84225.54,84159.87,84182.78,1036.35
2025-03-15 07:00:00,84182.78,84192.71,84012.63,84091.41,1369.91
2025-03-15 07:15:00,84091.41,84091.41,83932.63,83959.62,1355.78
2025-03-15 07:30:00,83959.62,84048.03,83795.66,84004.29,1670.23
2025-03-15 07:45:00,84004.29,84088.78,83819.58,83826.81,1413.4
2025-03-15 08:00:00,83826.81,83922.03,83744.0,83778.53,1532.88
2025-03-15 08:15:00,83778.53,83884.72,83617.66,83822.1,1602.93
2025-03-15 08:30:00,83822.1,84029.04,83782.5,84004.38,1515.07
2025-03-15 08:45:00,84004.38,84004.38,83885.84,83891.86,1258.89
2025-03-15 09:00:00,83891.86,83891.87,83754.5,83813.9,1376.65
2025-03-15 09:15:00,83813.9,83867.83,83709.82,83750.5,1427.63
2025-03-15 09:30:00,83750.5,83971.5,83743.83,83909.44,1496.7
2025-03-15 09:45:00,83909.44,83975.72,83897.87,83966.46,1295.6
2025-03-15 10:00:00,83966.46,83993.1,83890.62,83891.63,1236.71
2025-03-15 10:15:00,83891.63,83891.64,83666.73,83719.44,1549.85
2025-03-15 10:30:00,83719.44,83871.69,83719.44,83831.15,1447.35
2025-03-15 10:45:00,83831.15,83915.52,83813.72,83911.68,1382.78
2025-03-15 11:00:00,83911.68,83997.51,83842.45,83928.25,1276.95
2025-03-15 11:15:00,83928.25,84008.67,83880.84,84007.67,1222.23
2025-03-15 11:30:00,84007.67,84138.95,83984.35,84102.4,1386.15
2025-03-15 11:45:00,84102.4,84185.08,84054.5,84102.48,1371.2
2025-03-15 12:00:00,84102.48,84169.55,84010.09,84161.34,1356.33
2025-03-15 12:15:00,84161.34,84249.94,84142.59,84220.5,1248.36
2025-03-15 12:30:00,84220.5,84250.5,84167.29,84207.05,1328.44
2025-03-15 12:45:00,84207.05,84273.18,84100.33,84137.03,1406.89
2025-03-15 13:00:00,84137.03,84309.85,84131.58,84287.9,1338.43
2025-03-15 13:15:00,84287.9,84385.05,84254.21,84302.38,1404.53
2025-03-15 13:30:00,84302.38,84471.24,84235.51,84461.29,1705.9
2025-03-15 13:45:00,84461.29,84480.51,84361.65,84460.49,1511.29
2025-03-15 14:00:00,84460.49,84460.49,84217.93,84358.46,1521.23
2025-03-15 14:15:00,84358.46,84358.46,84134.14,84176.52,1619.5
2025-03-15 14:30:00,84176.52,84229.91,84107.33,84203.81,1480.56
2025-03-15 14:45:00,84203.81,84260.16,84114.82,84131.25,1430.87
2025-03-15 15:00:00,84131.25,84349.04,84131.25,84336.18,1522.07
2025-03-15 15:15:00,84336.18,84409.1,84293.33,84298.96,1323.97
2025-03-15 15:30:00,84298.96,84370.91,84189.51,84353.62,1472.68
2025-03-15 15:45:00,84353.62,84405.23,84310.85,84346.52,1382.86
2025-03-15 16:00:00,84346.52,84410.5,84244.2,84301.38,1465.25
2025-03-15 16:15:00,84301.38,84319.67,84195.5,84273.02,1484.21
2025-03-15 16:30:00,84273.02,84456.29,84258.5,84399.5,1308.84
2025-03-15 16:45:00,84399.5,84492.52,84338.26,84363.4,1262.54
2025-03-15 17:00:00,84363.4,84420.84,84277.16,84415.24,1256.85
2025-03-15 17:15:00,84415.24,84495.87,84362.4,84493.89,1291.76
2025-03-15 17:30:00,84493.89,84494.9,84393.25,84433.82,1338.09
2025-03-15 17:45:00,84433.82,84455.05,84373.02,84422.75,1174.04
2025-03-15 18:00:00,84422.75,84476.96,84401.5,84455.63,1280.7
2025-03-15 18:15:00,84455.63,84460.12,84316.15,84353.55,1286.52
2025-03-15 18:30:00,84353.55,84380.5,84130.48,84196.53,6018.48
2025-03-15 18:45:00,84196.53,84247.0,84149.76,84223.79,1281.61
2025-03-15 19:00:00,84223.79,84223.79,84095.45,84207.04,1178.77
2025-03-15 19:15:00,84207.04,84250.8,84178.57,84224.8,1200.86
2025-03-15 19:30:00,84224.8,84277.98,84174.79,84276.98,1284.28
2025-03-15 19:45:00,84276.98,84320.99,84251.59,84300.48,1173.3
2025-03-15 20:00:00,84300.48,84450.5,84299.48,84405.83,1268.75
2025-03-15 20:15:00,84405.83,84433.73,84363.13,84424.5,1111.37
2025-03-15 20:30:00,84424.5,84424.51,84357.86,84382.24,981.14
2025-03-15 20:45:00,84382.24,84434.11,84359.9,84387.28,1173.54
2025-03-15 21:00:00,84387.28,84419.52,84272.22,84273.23,1346.75
2025-03-15 21:15:00,84273.23,84384.97,84237.08,84383.97,1167.28
2025-03-15 21:30:00,84383.97,84468.2,84383.32,84417.96,1330.13
2025-03-15 21:45:00,84417.96,84460.5,84364.5,84388.22,1184.48
2025-03-15 22:00:00,84388.22,84432.92,84356.57,84367.63,1303.4
2025-03-15 22:15:00,84367.63,84441.16,84365.06,84409.99,1261.32
2025-03-15 22:30:00,84409.99,84450.59,84322.32,84326.3,1223.94
2025-03-15 22:45:00,84326.3,84413.5,84326.3,84383.15,1236.69
2025-03-15 23:00:00,84383.15,84391.57,84323.04,84342.4,1193.38
2025-03-15 23:15:00,84342.4,84366.04,84299.5,84302.39,1078.98
2025-03-15 23:30:00,84302.39,84358.0,84270.39,84356.5,1098.17
2025-03-15 23:45:00,84356.5,84412.19,84318.73,84338.93,1116.97
2025-03-16 00:00:00,84338.93,84391.56,84262.7,84333.17,1333.67
2025-03-16 00:15:00,84333.17,84333.18,84271.13,84273.51,1163.04
2025-03-16 00:30:00,84273.51,84313.77,84225.5,84296.7,1215.48
2025-03-16 00:45:00,84296.7,84299.49,84212.53,84254.02,1168.63
2025-03-16 01:00:00,84254.02,84277.53,84159.24,84166.74,1123.26
2025-03-16 01:15:00,84166.74,84242.78,84129.04,84184.95,2999.94
2025-03-16 01:30:00,84184.95,84184.95,83839.5,84007.88,6078.94
2025-03-16 01:45:00,84007.88,84055.34,83868.81,83869.83,1290.72
2025-03-16 02:00:00,83869.83,83936.59,83742.7,83808.36,1573.19
2025-03-16 02:15:00,83808.36,83952.49,83765.5,83952.49,1504.97
2025-03-16 02:30:00,83952.49,84130.89,83918.09,84044.78,1198.12
2025-03-16 02:45:00,84044.78,84060.51,83887.5,83965.54,1133.89
2025-03-16 03:00:00,83965.54,84074.08,83905.76,84019.49,1136.02
2025-03-16 03:15:00,84019.49,84123.07,84019.49,84119.5,1215.75
2025-03-16 03:30:00,84119.5,84231.58,84099.5,84231.57,1091.09
2025-03-16 03:45:00,84231.57,84394.21,84179.43,84332.84,1209.24
2025-03-16 04:00:00,84332.84,84418.49,84281.72,84353.79,1141.22
2025-03-16 04:15:00,84353.79,84416.84,84280.14,84280.14,915.53
2025-03-16 04:30:00,84280.14,84390.32,84245.48,84382.58,1048.71
2025-03-16 04:45:00,84382.58,84414.8,84312.79,84409.47,1066.27
2025-03-16 05:00:00,84409.47,84412.35,84312.34,84331.48,979.28
2025-03-16 05:15:00,84331.48,84411.0,84331.47,84410.5,923.2
2025-03-16 05:30:00,84410.5,84410.5,84331.74,84331.75,968.21
2025-03-16 05:45:00,84331.75,84395.81,84305.45,84395.81,1007.83
2025-03-16 06:00:00,84395.81,84400.5,84337.8,84373.25,1036.02
2025-03-16 06:15:00,84373.25,84388.99,84306.63,84322.2,1007.96
2025-03-16 06:30:00,84322.2,84365.97,84264.04,84299.49,1037.53
2025-03-16 06:45:00,84299.49,84300.5,84227.5,84228.51,1044.85
2025-03-16 07:00:00,84228.51,84228.51,83972.08,84046.01,1237.84
2025-03-16 07:15:00,84046.01,84230.5,84006.95,84147.95,1124.85
2025-03-16 07:30:00,84147.95,84368.33,84147.94,84342.74,1390.61
2025-03-16 07:45:00,84342.74,84348.96,84246.23,84274.46,1069.22
2025-03-16 08:00:00,84274.46,84335.93,84224.17,84275.81,1060.78
2025-03-16 08:15:00,84275.81,84276.65,84162.33,84190.64,1066.46
2025-03-16 08:30:00,84190.64,84300.5,84190.64,84234.14,1183.26
2025-03-16 08:45:00,84234.14,84287.45,84230.68,84267.86,948.74
2025-03-16 09:00:00,84267.86,84271.53,84191.1,84214.77,1086.95
2025-03-16 09:15:00,84214.77,84220.93,83941.86,84016.33,1357.89
2025-03-16 09:30:00,84016.33,84060.5,83800.22,83814.34,1473.89
2025-03-16 09:45:00,83814.34,83944.81,83809.98,83897.52,1524.07
2025-03-16 10:00:00,83897.52,84060.07,83829.25,84047.86,1380.93
2025-03-16 10:15:00,84047.86,84047.86,83681.41,83759.97,1430.68
2025-03-16 10:30:00,83759.97,83810.5,83713.03,83810.5,1522.88
2025-03-16 10:45:00,83810.5,83815.61,83659.5,83667.48,1461.09
2025-03-16 11:00:00,83667.48,83692.11,83106.5,83250.0,2293.01
2025-03-16 11:15:00,83250.0,83250.0,82697.34,82862.53,2610.9
2025-03-16 11:30:00,82862.53,82862.53,82391.59,82535.71,2295.64
2025-03-16 11:45:00,82535.71,82649.0,82380.96,82409.52,2145.71
2025-03-16 12:00:00,82409.52,82733.18,82399.5,82633.11,6846.31
2025-03-16 12:15:00,82633.11,82931.91,82446.41,82887.33,1819.29
2025-03-16 12:30:00,82887.33,82887.33,82603.89,82637.03,1592.33
2025-03-16 12:45:00,82637.03,82834.27,82576.46,82755.39,1469.82
2025-03-16 13:00:00,82755.39,83147.13,82727.62,83012.67,1891.23
2025-03-16 13:15:00,83012.67,83034.84,82811.64,82960.34,1603.24
2025-03-16 13:30:00,82960.34,83106.5,82670.55,82724.56,1650.81
2025-03-16 13:45:00,82724.56,82784.11,82497.88,82595.6,2155.72
2025-03-16 14:00:00,82595.6,82944.68,82574.87,82707.13,2002.98
2025-03-16 14:15:00,82707.13,82916.13,82630.2,82888.0,1587.81
2025-03-16 14:30:00,82888.0,83000.5,82715.5,82944.06,1550.36
2025-03-16 14:45:00,82944.06,83381.67,82890.62,83372.66,1977.85
2025-03-16 15:00:00,83372.66,83497.38,83173.89,83286.17,6600.65
2025-03-16 15:15:00,83286.17,83299.15,83062.63,83106.64,1707.94
2025-03-16 15:30:00,83106.64,83337.67,82984.5,83261.23,1611.81
2025-03-16 15:45:00,83261.23,83441.97,83204.66,83321.97,1565.28
2025-03-16 16:00:00,83321.97,85117.53,83292.92,84149.66,12628.93
2025-03-16 16:15:00,84149.66,84638.95,84038.97,84347.87,3015.59
2025-03-16 16:30:00,84347.87,84370.74,83791.06,84064.36,2683.47
2025-03-16 16:45:00,84064.36,84168.06,83439.52,83641.0,11470.18
2025-03-16 17:00:00,83641.0,84111.48,83632.99,83814.29,2160.4
2025-03-16 17:15:00,83814.29,83922.49,83500.5,83589.25,1701.87
2025-03-16 17:30:00,83589.25,83765.45,83484.22,83682.33,1635.89
2025-03-16 17:45:00,83682.33,83998.94,83549.5,83912.72,1522.91
2025-03-16 18:00:00,83912.72,84032.06,83716.92,83909.31,1601.89
2025-03-16 18:15:00,83909.31,84020.81,83853.91,84019.81,1100.44
2025-03-16 18:30:00,84019.81,84095.02,83745.84,83911.36,1275.07
2025-03-16 18:45:00,83911.36,83911.36,83632.64,83702.26,1549.35
2025-03-16 19:00:00,83702.26,83727.78,83000.72,83209.95,1783.13
2025-03-16 19:15:00,83209.95,83293.47,82562.72,83205.23,3001.83
2025-03-16 19:30:00,83205.23,83239.44,82885.41,83157.08,1870.78
2025-03-16 19:45:00,83157.08,83227.94,83007.86,83097.97,1680.21
2025-03-16 20:00:00,83097.97,83385.27,83019.67,83321.81,1666.19
2025-03-16 20:15:00,83321.81,83453.51,83013.1,83064.86,1356.79
2025-03-16 20:30:00,83064.86,83161.15,83009.39,83090.41,1273.53
2025-03-16 20:45:00,83090.41,83217.5,82910.27,83217.48,1650.63
2025-03-16 21:00:00,83217.48,83224.81,82912.36,82965.19,1537.28
2025-03-16 21:15:00,82965.19,82971.8,82799.5,82958.77,1483.31
2025-03-16 21:30:00,82958.77,82958.77,82749.5,82870.5,1392.77
2025-03-16 21:45:00,82870.5,82871.52,82688.33,82766.02,1272.58
2025-03-16 22:00:00,82766.02,82846.5,82219.5,82573.81,2042.68
2025-03-16 22:15:00,82573.81,82621.0,82266.97,82458.31,1900.03
2025-03-16 22:30:00,82458.31,82486.86,82182.5,82433.87,1851.27
2025-03-16 22:45:00,82433.87,82439.5,82090.2,82094.22,1621.42
2025-03-16 23:00:00,82094.22,82327.58,81987.28,82227.78,2068.94
2025-03-16 23:15:00,82227.78,82457.72,82200.17,82435.33,1691.98
2025-03-16 23:30:00,82435.33,82631.86,82363.14,82623.0,1667.08
2025-03-16 23:45:00,82623.0,82631.5,82505.0,82574.03,1515.04
2025-03-17 00:00:00,82574.03,82832.25,82522.5,82742.96,1810.38
2025-03-17 00:15:00,82742.96,82899.13,82712.35,82890.3,1402.71
2025-03-17 00:30:00,82890.3,83017.05,82813.62,82952.83,1447.7
2025-03-17 00:45:00,82952.83,83157.0,82951.82,83054.41,1454.01
2025-03-17 01:00:00,83054.41,83250.5,82833.89,82881.33,1686.46
2025-03-17 01:15:00,82881.33,83021.0,82825.05,82954.52,1565.82
2025-03-17 01:30:00,82954.52,83244.23,82954.52,83186.5,1657.43
2025-03-17 01:45:00,83186.5,83401.0,83180.55,83234.3,1738.87
2025-03-17 02:00:00,83234.3,83247.48,83048.71,83048.71,1231.52
2025-03-17 02:15:00,83048.71,83290.94,82981.17,83259.84,1355.71
2025-03-17 02:30:00,83259.84,83336.61,83184.78,83326.38,1283.85
2025-03-17 02:45:00,83326.38,83375.86,83143.47,83213.0,1323.44
2025-03-17 03:00:00,83213.0,83615.89,83213.0,83500.51,1583.39
2025-03-17 03:15:00,83500.51,83609.8,83451.47,83486.94,1466.23
2025-03-17 03:30:00,83486.94,83533.28,83384.14,83482.12,1207.76
2025-03-17 03:45:00,83482.12,83724.86,83477.53,83675.14,1394.87
2025-03-17 04:00:00,83675.14,83870.27,83675.14,83748.08,1312.72
2025-03-17 04:15:00,83748.08,83822.75,83655.92,83722.45,1224.64
2025-03-17 04:30:00,83722.45,83788.34,83599.5,83629.49,1153.99
2025-03-17 04:45:00,83629.49,83675.17,83521.5,83616.03,1235.33
2025-03-17 05:00:00,83616.03,83616.03,83196.89,83305.09,1406.43
2025-03-17 05:15:00,83305.09,83359.12,83242.01,83308.0,1377.87
2025-03-17 05:30:00,83308.0,83359.0,83159.06,83259.6,1225.33
2025-03-17 05:45:00,83259.6,83285.39,83119.5,83119.5,1331.13
2025-03-17 06:00:00,83119.5,83295.58,83119.5,83242.48,1295.62
2025-03-17 06:15:00,83242.48,83284.28,82885.91,82912.09,1501.27
2025-03-17 06:30:00,82912.09,83080.5,82682.12,83080.5,1848.89
2025-03-17 06:45:00,83080.5,83280.37,83053.38,83220.7,1719.36
2025-03-17 07:00:00,83220.7,83478.83,83212.33,83326.17,1927.49
2025-03-17 07:15:00,83326.17,83447.53,83231.12,83388.55,1478.52
2025-03-17 07:30:00,83388.55,83426.95,83323.22,83419.03,1311.81
2025-03-17 07:45:00,83419.03,83636.86,83418.0,83568.38,1378.04
2025-03-17 08:00:00,83568.38,83594.84,83328.33,83392.22,1524.74
2025-03-17 08:15:00,83392.22,83564.61,83220.67,83545.58,1380.51
2025-03-17 08:30:00,83545.58,83567.5,83438.3,83554.03,1153.98
2025-03-17 08:45:00,83554.03,83719.88,83484.47,83546.67,1407.12
2025-03-17 09:00:00,83546.67,83622.87,83430.59,83546.67,1522.07
2025-03-17 09:15:00,83546.67,83783.52,83546.66,83756.88,1791.72
2025-03-17 09:30:00,83756.88,83777.0,83603.44,83607.72,1347.86
2025-03-17 09:45:00,83607.72,83699.5,83549.5,83664.81,1368.32
2025-03-17 10:00:00,83664.81,83687.67,83365.0,83387.19,1369.28
2025-03-17 10:15:00,83387.19,83524.61,83339.1,83472.0,1410.19
2025-03-17 10:30:00,83472.0,83488.37,83314.53,83398.5,1224.25
2025-03-17 10:45:00,83398.5,83453.73,83259.53,83344.84,1398.55
2025-03-17 11:00:00,83344.84,83406.17,83219.61,83405.17,1438.29
2025-03-17 11:15:00,83405.17,83639.06,83374.42,83547.31,1449.99
2025-03-17 11:30:00,83547.31,83699.5,83538.87,83560.64,1456.29
2025-03-17 11:45:00,83560.64,83609.55,83491.25,83515.22,1588.54
2025-03-17 12:00:00,83515.22,83998.5,83282.81,83359.0,2577.09
2025-03-17 12:15:00,83359.0,83359.0,83001.5,83193.78,2147.3
2025-03-17 12:30:00,83193.78,83661.93,83144.12,83340.64,2726.95
2025-03-17 12:45:00,83340.64,83412.51,83012.41,83051.5,2012.67
2025-03-17 13:00:00,83051.5,83277.48,82854.06,83155.12,2120.38
2025-03-17 13:15:00,83155.12,83240.5,82895.25,82946.76,1883.78
2025-03-17 13:30:00,82946.76,83736.34,82808.28,83423.69,3013.56
2025-03-17 13:45:00,83423.69,83487.72,82919.86,83023.88,2564.93
2025-03-17 14:00:00,83023.88,83023.88,82455.5,82819.83,3048.65
2025-03-17 14:15:00,82819.83,82971.84,82556.1,82779.0,2844.04
2025-03-17 14:30:00,82779.0,83269.84,82707.99,83192.58,2507.67
2025-03-17 14:45:00,83192.58,83357.28,82838.55,82912.52,2218.86
2025-03-17 15:00:00,82912.52,83294.74,82707.08,83236.3,2288.43
2025-03-17 15:15:00,83236.3,83590.31,83172.83,83347.33,2169.01
2025-03-17 15:30:00,83347.33,83453.34,83151.67,83373.47,2022.58
2025-03-17 15:45:00,83373.47,83702.22,83352.36,83530.56,1897.81
2025-03-17 16:00:00,83530.56,83878.39,83444.23,83738.64,2168.7
2025-03-17 16:15:00,83738.64,83820.5,83514.39,83621.41,1956.38
2025-03-17 16:30:00,83621.41,83743.08,83206.78,83238.82,2044.65
2025-03-17 16:45:00,83238.82,83500.61,83112.39,83449.37,2170.03
2025-03-17 17:00:00,83449.37,83788.73,83357.99,83769.5,1937.45
2025-03-17 17:15:00,83769.5,83995.2,83714.83,83925.6,1727.52
2025-03-17 17:30:00,83925.6,84295.9,83830.1,84244.31,2087.46
2025-03-17 17:45:00,84244.31,84337.57,84089.34,84196.96,1784.98
2025-03-17 18:00:00,84196.96,84348.32,83989.49,84117.0,1698.03
2025-03-17 18:15:00,84117.0,84228.93,84002.05,84127.59,1754.25
2025-03-17 18:30:00,84127.59,84494.09,84094.26,84455.26,1804.46
2025-03-17 18:45:00,84455.26,84585.5,84379.93,84497.08,1760.25
2025-03-17 19:00:00,84497.08,84629.79,84380.94,84482.77,1830.7
2025-03-17 19:15:00,84482.77,84511.37,84311.58,84412.35,1624.95
2025-03-17 19:30:00,84412.35,84576.59,84365.47,84571.16,1551.84
2025-03-17 19:45:00,84571.16,84756.86,84395.72,84482.04,1746.66
2025-03-17 20:00:00,84482.04,84507.3,84207.05,84272.78,1539.43
2025-03-17 20:15:00,84272.78,84337.71,84029.54,84127.22,1469.76
2025-03-17 20:30:00,84127.22,84147.65,83874.78,84025.94,1608.64
2025-03-17 20:45:00,84025.94,84173.7,83845.77,83953.86,1456.47
2025-03-17 21:00:00,83953.86,84053.77,83939.5,84053.77,1304.29
2025-03-17 21:15:00,84053.77,84251.36,83948.5,83967.46,1270.69
2025-03-17 21:30:00,83967.46,84080.47,83883.37,83988.63,1287.97
2025-03-17 21:45:00,83988.63,84206.37,83979.31,84077.3,1341.91
2025-03-17 22:00:00,84077.3,84138.29,84000.71,84105.26,1243.1
2025-03-17 22:15:00,84105.26,84200.5,84105.26,84189.46,966.72
2025-03-17 22:30:00,84189.46,84250.49,84140.29,84140.29,993.26
2025-03-17 22:45:00,84140.29,84140.48,84060.68,84060.69,1054.18
2025-03-17 23:00:00,84060.69,84061.69,83963.67,83971.74,1055.45
2025-03-17 23:15:00,83971.74,84004.29,83848.52,83849.53,1223.93
2025-03-17 23:30:00,83849.53,84113.71,83745.62,84111.9,1360.72
2025-03-17 23:45:00,84111.9,84141.48,84009.52,84009.52,1277.3
2025-03-18 00:00:00,84009.52,84022.24,83877.25,83877.25,1329.63
2025-03-18 00:15:00,83877.25,83987.52,83754.84,83755.84,1262.83
2025-03-18 00:30:00,83755.84,83845.08,83711.14,83752.25,1353.47
2025-03-18 00:45:00,83752.25,83821.67,83713.89,83789.74,1411.39
2025-03-18 01:00:00,83789.74,83916.48,83587.5,83587.5,1533.58
2025-03-18 01:15:00,83587.5,83588.51,83203.0,83352.17,2120.58
2025-03-18 01:30:00,83352.17,83352.17,83029.12,83050.58,1774.18
2025-03-18 01:45:00,83050.58,83200.5,83014.89,83161.48,1811.1
2025-03-18 02:00:00,83161.48,83374.08,83081.17,83373.08,1638.02
2025-03-18 02:15:00,83373.08,83500.5,83238.63,83448.51,1452.63
2025-03-18 02:30:00,83448.51,83533.11,83342.25,83463.96,1538.37
2025-03-18 02:45:00,83463.96,83530.02,83347.89,83367.14,1456.98
2025-03-18 03:00:00,83367.14,83367.14,83156.33,83228.34,1588.76
2025-03-18 03:15:00,83228.34,83297.0,83080.61,83083.84,1322.57
2025-03-18 03:30:00,83083.84,83152.73,82959.5,83151.67,1592.91
2025-03-18 03:45:00,83151.67,83229.9,83076.64,83147.11,1261.0
2025-03-18 04:00:00,83147.11,83206.27,83086.45,83184.78,1217.37
2025-03-18 04:15:00,83184.78,83206.0,83087.83,83174.5,1068.55
2025-03-18 04:30:00,83174.5,83174.5,82958.36,82981.61,1339.93
2025-03-18 04:45:00,82981.61,83028.81,82841.6,82989.61,1348.14
2025-03-18 05:00:00,82989.61,83128.61,82988.61,83006.58,1189.2
2025-03-18 05:15:00,83006.58,83008.36,82911.7,83008.36,1204.89
2025-03-18 05:30:00,83008.36,83096.73,82895.08,83092.91,1208.99
2025-03-18 05:45:00,83092.91,83092.91,82920.21,83011.37,1185.85
2025-03-18 06:00:00,83011.37,83019.9,82746.39,82777.25,1307.91
2025-03-18 06:15:00,82777.25,82847.77,82573.75,82690.73,1566.64
2025-03-18 06:30:00,82690.73,82730.01,82327.88,82327.88,1886.16
2025-03-18 06:45:00,82327.88,82517.0,82244.17,82450.52,57665.28
2025-03-18 07:00:00,82450.52,83280.5,82358.19,82940.5,2714.88
2025-03-18 07:15:00,82940.5,83230.58,82789.35,83139.5,1902.28
2025-03-18 07:30:00,83139.5,83160.75,82973.21,83113.86,1729.38
2025-03-18 07:45:00,83113.86,83197.0,83053.02,83164.31,1334.33
2025-03-18 08:00:00,83164.31,83314.76,83099.5,83102.42,1431.87
2025-03-18 08:15:00,83102.42,83272.25,83048.21,83227.94,1322.35
2025-03-18 08:30:00,83227.94,83452.8,83216.17,83282.45,1785.25
2025-03-18 08:45:00,83282.45,83350.04,83225.88,83280.78,1413.1
2025-03-18 09:00:00,83280.78,83348.55,83227.78,83258.52,1308.96
2025-03-18 09:15:00,83258.52,83269.37,83074.5,83107.86,1612.17
2025-03-18 09:30:00,83107.86,83212.94,83089.91,83132.45,1352.5
2025-03-18 09:45:00,83132.45,83162.75,82779.5,82841.01,1757.08
2025-03-18 10:00:00,82841.01,82941.6,82739.92,82764.02,1672.81
2025-03-18 10:15:00,82764.02,82777.0,82596.36,82755.89,1698.19
2025-03-18 10:30:00,82755.89,82884.5,82641.37,82834.72,1269.56
2025-03-18 10:45:00,82834.72,82834.72,82718.71,82819.14,1469.62
2025-03-18 11:00:00,82819.14,82862.26,82658.59,82786.41,1584.08
2025-03-18 11:15:00,82786.41,82787.42,82696.57,82703.56,1307.77
2025-03-18 11:30:00,82703.56,82713.61,82550.46,82551.83,1464.29
2025-03-18 11:45:00,82551.83,82652.37,82500.51,82581.59,1596.38
2025-03-18 12:00:00,82581.59,82701.66,82504.45,82557.3,1621.79
2025-03-18 12:15:00,82557.3,82820.96,82499.5,82610.0,1798.8
2025-03-18 12:30:00,82610.0,82610.0,82416.14,82548.7,1706.31
2025-03-18 12:45:00,82548.7,82554.86,82333.53,82405.16,1662.41
2025-03-18 13:00:00,82405.16,82480.97,82309.11,82323.92,1702.56
2025-03-18 13:15:00,82323.92,82457.64,82267.75,82380.5,2020.07
2025-03-18 13:30:00,82380.5,82394.05,81397.14,81401.39,4050.92
2025-03-18 13:45:00,81401.39,81563.3,81170.3,81367.99,3930.48
2025-03-18 14:00:00,81367.99,81594.9,81227.5,81272.83,3366.42
2025-03-18 14:15:00,81272.83,81628.88,81149.78,81624.61,3157.6
2025-03-18 14:30:00,81624.61,81979.36,81506.39,81691.5,2916.72
2025-03-18 14:45:00,81691.5,81888.77,81532.31,81855.22,2598.49
2025-03-18 15:00:00,81855.22,81862.39,81536.53,81774.92,2646.12
2025-03-18 15:15:00,81774.92,81937.75,81602.13,81834.21,2492.81
2025-03-18 15:30:00,81834.21,82212.31,81792.95,81879.59,2677.63
2025-03-18 15:45:00,81879.59,81997.09,81540.25,81609.71,2246.53
2025-03-18 16:00:00,81609.71,81843.93,81546.72,81840.89,2138.96
2025-03-18 16:15:00,81840.89,82114.67,81674.81,82114.67,2064.11
2025-03-18 16:30:00,82114.67,82161.0,81681.89,81706.11,2244.93
2025-03-18 16:45:00,81706.11,81930.5,81553.12,81848.0,2185.51
2025-03-18 17:00:00,81848.0,81974.31,81586.27,81731.0,2009.87
2025-03-18 17:15:00,81731.0,81751.2,81531.86,81600.29,2348.76
2025-03-18 17:30:00,81600.29,81854.91,81361.52,81682.66,2094.59
2025-03-18 17:45:00,81682.66,81767.53,81334.38,81467.2,1968.61
2025-03-18 18:00:00,81467.2,81522.12,81315.98,81415.44,2007.44
2025-03-18 18:15:00,81415.44,81659.33,81347.32,81358.73,1818.7
2025-03-18 18:30:00,81358.73,81640.06,81245.16,81611.92,1783.83
2025-03-18 18:45:00,81611.92,81951.29,81609.14,81888.88,2041.64
2025-03-18 19:00:00,81888.88,81981.64,81762.3,81937.28,1774.22
2025-03-18 19:15:00,81937.28,82080.5,81864.88,81905.39,1668.16
2025-03-18 19:30:00,81905.39,82108.16,81905.39,82048.36,1722.37
2025-03-18 19:45:00,82048.36,82476.75,81996.5,82318.08,2227.2
2025-03-18 20:00:00,82318.08,82354.3,82108.59,82108.59,1662.84
2025-03-18 20:15:00,82108.59,82149.0,82009.35,82019.83,1480.91
2025-03-18 20:30:00,82019.83,82028.36,81875.4,81947.87,1419.03
2025-03-18 20:45:00,81947.87,82050.92,81889.66,82049.5,1391.66
2025-03-18 21:00:00,82049.5,82194.01,82027.8,82193.02,1299.22
2025-03-18 21:15:00,82193.02,82209.4,82075.94,82119.95,1132.9
2025-03-18 21:30:00,82119.95,82120.14,81934.25,81995.22,1258.29
2025-03-18 21:45:00,81995.22,82095.31,81978.71,82063.48,1164.94
2025-03-18 22:00:00,82063.48,82359.0,81999.5,82275.0,1744.57
2025-03-18 22:15:00,82275.0,82380.45,82207.28,82274.49,1216.73
2025-03-18 22:30:00,82274.49,82358.81,82220.77,82288.13,1211.12
2025-03-18 22:45:00,82288.13,82566.86,82288.13,82395.25,1659.02
2025-03-18 23:00:00,82395.25,82611.38,82395.24,82584.88,1703.3
2025-03-18 23:15:00,82584.88,82777.87,82582.08,82776.86,1602.92
2025-03-18 23:30:00,82776.86,82780.45,82597.48,82662.22,1645.88
2025-03-18 23:45:00,82662.22,82811.45,82637.85,82714.53,1532.5
2025-03-19 00:00:00,82714.53,82792.9,82602.7,82741.59,1689.18
2025-03-19 00:15:00,82741.59,83014.5,82726.21,82930.03,1632.46
2025-03-19 00:30:00,82930.03,83203.64,82930.03,82983.73,1905.91
2025-03-19 00:45:00,82983.73,83262.7,82983.73,83118.5,1743.45
2025-03-19 01:00:00,83118.5,83166.8,82863.7,82870.01,1605.01
2025-03-19 01:15:00,82870.01,82972.19,82794.19,82841.92,1699.62
2025-03-19 01:30:00,82841.92,82965.72,82814.71,82899.42,1400.46
2025-03-19 01:45:00,82899.42,83082.2,82582.51,82599.19,1754.7
2025-03-19 02:00:00,82599.19,82841.27,82546.67,82750.51,1696.8
2025-03-19 02:15:00,82750.51,82850.48,82641.0,82709.81,1480.34
2025-03-19 02:30:00,82709.81,82877.86,82629.17,82824.96,1587.01
2025-03-19 02:45:00,82824.96,82901.0,82742.69,82868.41,1473.12
2025-03-19 03:00:00,82868.41,83041.0,82854.89,82934.77,1565.68
2025-03-19 03:15:00,82934.77,82972.2,82740.44,82792.16,1304.08
2025-03-19 03:30:00,82792.16,82979.27,82792.16,82920.72,1327.2
2025-03-19 03:45:00,82920.72,83083.5,82847.32,83037.67,1346.33
2025-03-19 04:00:00,83037.67,83076.97,82883.64,82914.02,1508.26
2025-03-19 04:15:00,82914.02,82950.84,82819.5,82820.83,1386.12
2025-03-19 04:30:00,82820.83,83003.18,82792.41,82971.19,1393.01
2025-03-19 04:45:00,82971.19,83035.9,82924.02,82953.37,1592.95
2025-03-19 05:00:00,82953.37,83019.5,82910.22,82910.22,1468.69
2025-03-19 05:15:00,82910.22,83106.2,82910.22,83033.22,1423.65
2025-03-19 05:30:00,83033.22,83256.0,82982.39,83154.03,1632.1
2025-03-19 05:45:00,83154.03,83320.5,83142.17,83241.5,1867.49
2025-03-19 06:00:00,83241.5,83304.86,83162.85,83283.7,1687.63
2025-03-19 06:15:00,83283.7,83323.31,83182.48,83184.75,1637.31
2025-03-19 06:30:00,83184.75,83270.61,83136.71,83171.22,1593.67
2025-03-19 06:45:00,83171.22,83229.78,83117.32,83200.5,1507.99
2025-03-19 07:00:00,83200.5,83200.5,83039.5,83141.81,1646.99
2025-03-19 07:15:00,83141.81,83300.5,83141.8,83299.5,1374.21
2025-03-19 07:30:00,83299.5,83364.65,83127.5,83185.0,1559.58
2025-03-19 07:45:00,83185.0,83255.67,83135.85,83179.5,1551.11
2025-03-19 08:00:00,83179.5,83392.11,83179.25,83356.83,1743.71
2025-03-19 08:15:00,83356.83,83417.93,83289.66,83406.53,1324.6
2025-03-19 08:30:00,83406.53,83480.5,83347.95,83401.34,1680.16
2025-03-19 08:45:00,83401.34,83500.5,83382.82,83413.5,1473.03
2025-03-19 09:00:00,83413.5,83500.5,83359.66,83439.42,1486.23
2025-03-19 09:15:00,83439.42,83567.66,83439.41,83537.37,1534.27
2025-03-19 09:30:00,83537.37,83596.97,83427.12,83427.12,1611.61
2025-03-19 09:45:00,83427.12,83533.03,83378.48,83527.87,1513.03
2025-03-19 10:00:00,83527.87,83663.55,83449.5,83463.78,1598.95
2025-03-19 10:15:00,83463.78,83580.5,83463.78,83539.33,1566.54
2025-03-19 10:30:00,83539.33,83800.5,83449.2,83564.14,2211.9
2025-03-19 10:45:00,83564.14,83636.66,83465.57,83467.91,1760.81
2025-03-19 11:00:00,83467.91,83747.75,83381.47,83687.27,1804.5
2025-03-19 11:15:00,83687.27,83888.86,83603.1,83770.37,2135.95
2025-03-19 11:30:00,83770.37,84102.95,83733.22,84003.09,2062.32
2025-03-19 11:45:00,84003.09,84025.24,83777.25,83881.9,1987.66
2025-03-19 12:00:00,83881.9,83928.0,83689.67,83775.5,1671.43
2025-03-19 12:15:00,83775.5,83851.88,83576.39,83644.64,1835.62
2025-03-19 12:30:00,83644.64,83808.94,83509.71,83660.5,1850.84
2025-03-19 12:45:00,83660.5,83780.65,83577.82,83748.25,1780.04
2025-03-19 13:00:00,83748.25,83970.24,83685.22,83912.4,2307.35
2025-03-19 13:15:00,83912.4,84343.18,83813.02,83931.2,2934.09
2025-03-19 13:30:00,83931.2,83965.48,83622.94,83940.04,3311.58
2025-03-19 13:45:00,83940.04,84315.71,83911.01,84092.66,2541.53
2025-03-19 14:00:00,84092.66,84389.16,84020.06,84103.27,2515.25
2025-03-19 14:15:00,84103.27,84336.31,83950.5,83962.22,2112.66
2025-03-19 14:30:00,83962.22,84236.15,83873.55,84198.61,2369.48
2025-03-19 14:45:00,84198.61,84350.51,84120.1,84317.76,2004.68
2025-03-19 15:00:00,84317.76,84498.45,84222.47,84222.47,1719.84
2025-03-19 15:15:00,84222.47,84338.87,84112.34,84327.49,1657.83
2025-03-19 15:30:00,84327.49,84734.2,84289.3,84709.24,1757.11
2025-03-19 15:45:00,84709.24,84887.5,84558.26,84733.55,4596.7
2025-03-19 16:00:00,84733.55,84826.58,84489.54,84506.02,2063.09
2025-03-19 16:15:00,84506.02,84794.25,84450.89,84659.38,1788.75
2025-03-19 16:30:00,84659.38,84700.4,84429.22,84454.11,1760.8
2025-03-19 16:45:00,84454.11,84644.13,84454.11,84574.51,1687.63
2025-03-19 17:00:00,84574.51,84706.06,84501.5,84532.48,1669.82
2025-03-19 17:15:00,84532.48,84665.81,84466.89,84467.9,3389.68
2025-03-19 17:30:00,84467.9,84489.6,83968.92,83983.0,2257.63
2025-03-19 17:45:00,83983.0,84241.5,83768.52,84239.69,2279.74
2025-03-19 18:00:00,84239.69,84958.69,83577.83,84517.58,3825.21
2025-03-19 18:15:00,84517.58,84841.81,84174.5,84267.48,2890.77
2025-03-19 18:30:00,84267.48,84722.75,84253.09,84583.52,2827.31
2025-03-19 18:45:00,84583.52,85870.5,84435.31,85612.75,5429.13
2025-03-19 19:00:00,85612.75,85945.5,85320.95,85688.39,3873.36
2025-03-19 19:15:00,85688.39,85728.52,84930.54,85003.11,3377.97
2025-03-19 19:30:00,85003.11,85476.9,84988.64,85462.65,3000.04
2025-03-19 19:45:00,85462.65,85471.84,85149.5,85433.88,2424.92
2025-03-19 20:00:00,85433.88,85818.68,85433.88,85600.5,2035.95
2025-03-19 20:15:00,85600.5,85855.48,85599.5,85687.31,1583.75
2025-03-19 20:30:00,85687.31,85704.97,85344.59,85376.3,1694.33
2025-03-19 20:45:00,85376.3,85376.3,85199.68,85349.56,1600.74
2025-03-19 21:00:00,85349.56,85554.49,85331.39,85551.2,1502.36
2025-03-19 21:15:00,85551.2,85915.21,85545.94,85644.3,1688.01
2025-03-19 21:30:00,85644.3,85838.27,85584.4,85585.41,1335.94
2025-03-19 21:45:00,85585.41,85635.3,85492.94,85635.3,1296.56
2025-03-19 22:00:00,85635.3,85868.43,85635.3,85868.42,1784.4
2025-03-19 22:15:00,85868.42,85950.49,85733.22,85810.88,1423.33
2025-03-19 22:30:00,85810.88,86464.5,85793.15,86352.41,3623.23
2025-03-19 22:45:00,86352.41,86499.49,86102.26,86159.02,2259.55
2025-03-19 23:00:00,86159.02,86411.3,86159.02,86330.32,2080.22
2025-03-19 23:15:00,86330.32,86807.86,86180.37,86797.04,1916.03
2025-03-19 23:30:00,86797.04,87000.61,86649.12,86879.5,2392.67
2025-03-19 23:45:00,86879.5,86912.48,86709.82,86846.43,1888.78
2025-03-20 00:00:00,86846.43,87450.91,86845.43,87270.58,3001.89
2025-03-20 00:15:00,87270.58,87284.7,86719.45,86777.79,2345.88
2025-03-20 00:30:00,86777.79,86863.5,86285.7,86303.11,2669.98
2025-03-20 00:45:00,86303.11,86374.75,85941.66,86018.19,2347.67
2025-03-20 01:00:00,86018.19,86349.47,85798.7,86299.5,2027.22
2025-03-20 01:15:00,86299.5,86370.07,86206.02,86259.5,1548.22
2025-03-20 01:30:00,86259.5,86272.23,85732.61,85760.2,1920.55
2025-03-20 01:45:00,85760.2,85962.16,85759.2,85867.46,1895.66
2025-03-20 02:00:00,85867.46,85906.5,85637.38,85740.66,1763.14
2025-03-20 02:15:00,85740.66,85890.51,85619.06,85786.53,1552.16
2025-03-20 02:30:00,85786.53,86034.11,85721.5,86013.25,1478.46
2025-03-20 02:45:00,86013.25,86122.37,85952.85,86066.01,1349.06
2025-03-20 03:00:00,86066.01,86128.5,85962.76,85978.77,1672.89
2025-03-20 03:15:00,85978.77,86070.24,85879.93,85909.47,1164.52
2025-03-20 03:30:00,85909.47,85990.09,85830.49,85990.08,1047.02
2025-03-20 03:45:00,85990.08,86035.38,85819.76,85890.51,1165.05
2025-03-20 04:00:00,85890.51,85930.89,85800.94,85825.05,1035.69
2025-03-20 04:15:00,85825.05,85857.84,85734.54,85746.58,1048.25
2025-03-20 04:30:00,85746.58,85779.38,85508.52,85525.37,1323.96
2025-03-20 04:45:00,85525.37,85690.52,85429.88,85685.27,1502.26
2025-03-20 05:00:00,85685.27,85717.9,85580.78,85650.79,1895.97
2025-03-20 05:15:00,85650.79,85656.94,85468.25,85484.41,1335.86
2025-03-20 05:30:00,85484.41,85679.75,85471.49,85609.39,1241.31
2025-03-20 05:45:00,85609.39,85839.35,85597.84,85827.97,1325.54
2025-03-20 06:00:00,85827.97,85990.68,85774.44,85953.51,1379.58
2025-03-20 06:15:00,85953.51,86013.55,85868.07,85868.07,1295.07
2025-03-20 06:30:00,85868.07,85880.5,85631.58,85717.87,1334.61
2025-03-20 06:45:00,85717.87,85805.0,85667.31,85759.78,1252.67
2025-03-20 07:00:00,85759.78,85975.68,85695.37,85967.09,1315.35
2025-03-20 07:15:00,85967.09,85972.31,85807.04,85846.69,1140.79
2025-03-20 07:30:00,85846.69,85889.0,85782.1,85791.85,1287.99
2025-03-20 07:45:00,85791.85,85901.02,85776.7,85816.47,1165.94
2025-03-20 08:00:00,85816.47,85904.48,85704.68,85763.28,1305.04
2025-03-20 08:15:00,85763.28,85980.5,85747.54,85933.52,1352.24
2025-03-20 08:30:00,85933.52,86060.99,85862.85,86052.67,1411.87
2025-03-20 08:45:00,86052.67,86300.5,86052.66,86241.55,1954.75
2025-03-20 09:00:00,86241.55,86269.14,86116.5,86145.2,1431.49
2025-03-20 09:15:00,86145.2,86145.2,85971.02,85971.02,1369.9
2025-03-20 09:30:00,85971.02,86034.01,85899.78,86000.91,1735.9
2025-03-20 09:45:00,86000.91,86001.92,85795.03,85876.78,1391.84
2025-03-20 10:00:00,85876.78,85944.24,85542.1,85542.1,1745.45
2025-03-20 10:15:00,85542.1,85560.2,84823.09,85245.84,3083.06
2025-03-20 10:30:00,85245.84,85441.73,85116.34,85294.41,2188.82
2025-03-20 10:45:00,85294.41,85373.78,85162.54,85174.28,1778.75
2025-03-20 11:00:00,85174.28,85319.5,85167.86,85261.36,1469.01
2025-03-20 11:15:00,85261.36,85375.4,85204.98,85303.54,1435.54
2025-03-20 11:30:00,85303.54,85514.65,85281.93,85508.44,1340.79
2025-03-20 11:45:00,85508.44,85510.55,85406.19,85502.66,1295.33
2025-03-20 12:00:00,85502.66,85502.67,85335.0,85397.93,1453.09
2025-03-20 12:15:00,85397.93,85563.5,85358.19,85372.32,1455.15
2025-03-20 12:30:00,85372.32,85455.05,85231.5,85305.08,1676.26
2025-03-20 12:45:00,85305.08,85380.6,85209.22,85355.56,1279.85
2025-03-20 13:00:00,85355.56,85357.88,85201.11,85309.11,1380.39
2025-03-20 13:15:00,85309.11,85364.14,85080.07,85150.09,1499.98
2025-03-20 13:30:00,85150.09,85760.34,85118.28,85621.78,2422.94
2025-03-20 13:45:00,85621.78,85866.07,85375.52,85517.03,2455.03
2025-03-20 14:00:00,85517.03,86135.49,85474.85,85996.98,2960.23
2025-03-20 14:15:00,85996.98,86532.54,85870.98,86344.79,3021.45
2025-03-20 14:30:00,86344.79,86371.06,86065.79,86230.04,2567.81
2025-03-20 14:45:00,86230.04,86302.33,85916.49,86172.37,2458.49
2025-03-20 15:00:00,86172.37,86219.55,85288.5,85990.09,3761.4
2025-03-20 15:15:00,85990.09,85990.09,85543.99,85685.91,2482.78
2025-03-20 15:30:00,85685.91,85714.42,84830.61,85042.33,3115.72
2025-03-20 15:45:00,85042.33,85279.5,84565.55,84694.95,2896.4
2025-03-20 16:00:00,84694.95,84907.29,84359.63,84467.19,2803.4
2025-03-20 16:15:00,84467.19,84606.11,84064.48,84074.98,2540.74
2025-03-20 16:30:00,84074.98,84243.73,83781.1,83908.6,2983.92
2025-03-20 16:45:00,83908.6,83908.6,83654.73,83801.5,2591.15
2025-03-20 17:00:00,83801.5,84206.43,83741.12,84169.32,2140.97
2025-03-20 17:15:00,84169.32,84196.43,83749.5,83804.58,2068.35
2025-03-20 17:30:00,83804.58,84361.62,83799.74,84360.56,1927.22
2025-03-20 17:45:00,84360.56,84367.02,83905.65,84092.93,1842.18
2025-03-20 18:00:00,84092.93,84260.31,83991.12,84231.34,1832.96
2025-03-20 18:15:00,84231.34,84342.23,83973.18,83978.76,1740.65
2025-03-20 18:30:00,83978.76,84243.92,83945.15,84001.49,1636.71
2025-03-20 18:45:00,84001.49,84194.71,83977.76,84061.02,1606.91
2025-03-20 19:00:00,84061.02,84160.12,83921.5,83998.84,1565.63
2025-03-20 19:15:00,83998.84,84283.82,83989.74,84053.51,1532.66
2025-03-20 19:30:00,84053.51,84358.88,84043.5,84357.51,1479.66
2025-03-20 19:45:00,84357.51,84420.49,84123.15,84166.86,1556.89
2025-03-20 20:00:00,84166.86,84309.22,84140.8,84272.23,1113.43
2025-03-20 20:15:00,84272.23,84551.0,84247.33,84497.93,1036.83
2025-03-20 20:30:00,84497.93,84581.0,84430.24,84548.04,1129.01
2025-03-20 20:45:00,84548.04,84609.71,84499.5,84531.1,1093.18
2025-03-20 21:00:00,84531.1,84602.39,84322.28,84337.45,1055.98
2025-03-20 21:15:00,84337.45,84425.96,84250.17,84425.47,1027.67
2025-03-20 21:30:00,84425.47,84577.4,84405.16,84474.94,1206.0
2025-03-20 21:45:00,84474.94,84490.4,84303.84,84349.5,950.84
2025-03-20 22:00:00,84349.5,84500.49,84287.5,84311.29,1351.12
2025-03-20 22:15:00,84311.29,84370.07,83989.24,84012.58,1278.97
2025-03-20 22:30:00,84012.58,84160.01,84010.36,84140.8,1201.56
2025-03-20 22:45:00,84140.8,84303.02,84095.62,84140.8,1167.31
2025-03-20 23:00:00,84140.8,84150.5,84021.2,84044.99,1165.8
2025-03-20 23:15:00,84044.99,84050.76,83921.51,84042.96,1201.6
2025-03-20 23:30:00,84042.96,84208.5,84012.72,84195.75,1206.85
2025-03-20 23:45:00,84195.75,84354.84,84165.15,84222.89,1168.87
2025-03-21 00:00:00,84222.89,84474.49,84179.59,84431.61,1171.13
2025-03-21 00:15:00,84431.61,84441.48,84263.83,84275.75,1177.34
2025-03-21 00:30:00,84275.75,84468.59,84255.44,84434.29,1113.41
2025-03-21 00:45:00,84434.29,84536.05,84421.5,84507.57,967.13
2025-03-21 01:00:00,84507.57,84580.03,84452.44,84553.82,1053.63
2025-03-21 01:15:00,84553.82,84584.26,84383.09,84383.09,1054.01
2025-03-21 01:30:00,84383.09,84573.47,84370.87,84567.02,960.47
2025-03-21 01:45:00,84567.02,84789.12,84518.03,84774.57,1104.1
2025-03-21 02:00:00,84774.57,84851.33,84643.1,84653.56,1159.34
2025-03-21 02:15:00,84653.56,84665.62,84520.17,84629.93,1133.53
2025-03-21 02:30:00,84629.93,84644.97,84558.04,84560.69,864.12
2025-03-21 02:45:00,84560.69,84753.86,84539.88,84684.9,1001.45
2025-03-21 03:00:00,84684.9,84731.71,84385.52,84422.25,1120.96
2025-03-21 03:15:00,84422.25,84448.12,84269.75,84435.28,1099.44
2025-03-21 03:30:00,84435.28,84475.17,84357.99,84450.41,949.53
2025-03-21 03:45:00,84450.41,84500.5,84427.49,84452.47,1001.91
2025-03-21 04:00:00,84452.47,84641.01,84452.47,84613.66,1073.82
2025-03-21 04:15:00,84613.66,84677.79,84553.03,84672.88,993.96
2025-03-21 04:30:00,84672.88,84772.49,84664.69,84727.77,945.71
2025-03-21 04:45:00,84727.77,84799.4,84641.64,84662.25,999.23
2025-03-21 05:00:00,84662.25,84673.37,84498.07,84533.11,1088.75
2025-03-21 05:15:00,84533.11,84542.3,84425.95,84425.95,920.76
2025-03-21 05:30:00,84425.95,84529.56,84369.07,84402.67,1071.65
2025-03-21 05:45:00,84402.67,84470.17,84336.45,84470.16,1143.19
2025-03-21 06:00:00,84470.16,84476.8,84220.22,84232.6,1208.96
2025-03-21 06:15:00,84232.6,84256.84,84071.25,84214.18,1442.59
2025-03-21 06:30:00,84214.18,84291.19,84108.19,84221.44,1180.92
2025-03-21 06:45:00,84221.44,84271.07,84100.4,84200.49,1149.78
2025-03-21 07:00:00,84200.49,84270.21,84049.98,84149.37,1262.55
2025-03-21 07:15:00,84149.37,84157.24,83950.24,84075.58,1469.1
2025-03-21 07:30:00,84075.58,84076.59,83727.74,83793.67,1453.34
2025-03-21 07:45:00,83793.67,83945.79,83774.89,83938.49,1741.67
2025-03-21 08:00:00,83938.49,84155.49,83832.45,84119.09,1467.2
2025-03-21 08:15:00,84119.09,84119.09,83807.5,83850.11,2030.55
2025-03-21 08:30:00,83850.11,83994.34,83732.59,83866.72,1503.89
2025-03-21 08:45:00,83866.72,84031.71,83823.77,84021.81,1461.3
2025-03-21 09:00:00,84021.81,84024.5,83801.56,83954.13,1369.44
2025-03-21 09:15:00,83954.13,84173.49,83902.58,84136.5,1298.56
2025-03-21 09:30:00,84136.5,84328.49,84099.81,84216.51,1448.45
2025-03-21 09:45:00,84216.51,84255.14,84069.49,84138.49,1253.06
2025-03-21 10:00:00,84138.49,84248.19,84129.94,84240.07,1286.39
2025-03-21 10:15:00,84240.07,84287.13,84007.68,84040.59,1362.18
2025-03-21 10:30:00,84040.59,84110.69,83893.32,84075.58,1452.3
2025-03-21 10:45:00,84075.58,84201.71,84074.97,84163.68,1256.29
2025-03-21 11:00:00,84163.68,84174.42,84027.8,84054.17,1222.72
2025-03-21 11:15:00,84054.17,84103.67,83960.5,83960.51,1162.83
2025-03-21 11:30:00,83960.51,84074.72,83941.42,84039.81,1382.58
2025-03-21 11:45:00,84039.81,84139.09,84027.75,84047.02,1425.23
2025-03-21 12:00:00,84047.02,84265.16,84020.0,84192.24,1308.06
2025-03-21 12:15:00,84192.24,84357.49,84159.86,84260.07,1256.87
2025-03-21 12:30:00,84260.07,84284.18,83699.5,83792.97,1731.23
2025-03-21 12:45:00,83792.97,83908.49,83379.5,83467.47,2076.59
2025-03-21 13:00:00,83467.47,83722.87,83390.81,83633.88,2180.64
2025-03-21 13:15:00,83633.88,83792.97,83525.41,83699.54,2032.02
2025-03-21 13:30:00,83699.54,83880.93,83174.75,83786.06,3280.94
2025-03-21 13:45:00,83786.06,84100.84,83712.03,83936.21,2813.83
2025-03-21 14:00:00,83936.21,84003.52,83508.81,83761.91,2605.46
2025-03-21 14:15:00,83761.91,84286.35,83684.28,84083.99,2370.94
2025-03-21 14:30:00,84083.99,84288.13,83951.51,84080.58,2176.26
2025-03-21 14:45:00,84080.58,84242.78,83914.11,84239.83,1814.2
2025-03-21 15:00:00,84239.83,84272.23,83814.71,83820.0,1758.2
2025-03-21 15:15:00,83820.0,83925.88,83727.71,83749.5,2157.34
2025-03-21 15:30:00,83749.5,83962.67,83580.57,83645.5,1852.63
2025-03-21 15:45:00,83645.5,83783.11,83559.32,83565.97,1915.71
2025-03-21 16:00:00,83565.97,83847.19,83378.5,83814.59,2147.81
2025-03-21 16:15:00,83814.59,84027.5,83640.5,83939.68,1922.33
2025-03-21 16:30:00,83939.68,84087.12,83783.5,83836.25,1804.9
2025-03-21 16:45:00,83836.25,84141.27,83836.25,84095.48,1731.63
2025-03-21 17:00:00,84095.48,84107.16,83863.13,83898.73,1582.61
2025-03-21 17:15:00,83898.73,83992.53,83749.98,83795.65,1397.19
2025-03-21 17:30:00,83795.65,84100.5,83710.7,84075.59,1652.55
2025-03-21 17:45:00,84075.59,84149.47,83997.39,84024.61,1481.06
2025-03-21 18:00:00,84024.61,84065.72,83904.99,83948.45,1481.65
2025-03-21 18:15:00,83948.45,84141.81,83943.07,84122.14,1354.13
2025-03-21 18:30:00,84122.14,84431.4,84116.14,84294.6,1642.81
2025-03-21 18:45:00,84294.6,84307.97,84099.5,84101.16,1641.29
2025-03-21 19:00:00,84101.16,84109.2,83962.07,84053.5,1496.59
2025-03-21 19:15:00,84053.5,84199.79,83999.65,84004.24,1358.73
2025-03-21 19:30:00,84004.24,84049.91,83799.5,83873.13,1444.6
2025-03-21 19:45:00,83873.13,84023.8,83865.25,83955.86,1544.53
2025-03-21 20:00:00,83955.86,83980.3,83812.71,83906.42,1201.65
2025-03-21 20:15:00,83906.42,84091.4,83853.92,84091.4,950.75
2025-03-21 20:30:00,84091.4,84144.94,84074.97,84143.94,1173.82
2025-03-21 20:45:00,84143.94,84232.08,84074.97,84216.7,1212.98
2025-03-21 21:00:00,84216.7,84342.03,84173.42,84341.04,1199.77
2025-03-21 21:15:00,84341.04,84438.67,84306.66,84360.59,977.77
2025-03-21 21:30:00,84360.59,84584.5,84358.36,84383.32,1246.41
2025-03-21 21:45:00,84383.32,84406.16,84217.09,84393.5,1215.09
2025-03-21 22:00:00,84393.5,84415.36,84253.24,84263.66,1189.65
2025-03-21 22:15:00,84263.66,84388.5,84263.65,84275.87,931.1
2025-03-21 22:30:00,84275.87,84276.88,84124.97,84124.98,1103.74
2025-03-21 22:45:00,84124.98,84202.14,84100.32,84185.51,1079.77
2025-03-21 23:00:00,84185.51,84226.76,84093.46,84226.75,1161.01
2025-03-21 23:15:00,84226.75,84226.75,84119.02,84129.13,929.44
2025-03-21 23:30:00,84129.13,84129.38,84075.99,84077.41,965.74
2025-03-21 23:45:00,84077.41,84098.64,84049.66,84089.29,1057.2
2025-03-22 00:00:00,84089.29,84144.5,84043.41,84079.1,1225.25
2025-03-22 00:15:00,84079.1,84250.51,84074.96,84238.62,1177.72
2025-03-22 00:30:00,84238.62,84256.44,84173.41,84173.41,1063.51
2025-03-22 00:45:00,84173.41,84233.16,84101.6,84206.74,960.38
2025-03-22 01:00:00,84206.74,84339.47,84205.74,84303.61,926.28
2025-03-22 01:15:00,84303.61,84314.82,84189.92,84190.93,932.15
2025-03-22 01:30:00,84190.93,84190.93,83989.08,84035.73,1226.84
2025-03-22 01:45:00,84035.73,84098.5,84015.84,84075.98,1164.23
2025-03-22 02:00:00,84075.98,84188.48,84019.14,84172.86,1087.38
2025-03-22 02:15:00,84172.86,84218.32,84122.14,84179.6,1021.99
2025-03-22 02:30:00,84179.6,84255.71,84179.6,84200.69,994.56
2025-03-22 02:45:00,84200.69,84233.91,84148.54,84188.46,1048.45
2025-03-22 03:00:00,84188.46,84194.45,84135.39,84141.49,991.82
2025-03-22 03:15:00,84141.49,84281.39,84141.49,84249.5,1057.12
2025-03-22 03:30:00,84249.5,84250.5,84218.8,84237.28,985.68
2025-03-22 03:45:00,84237.28,84297.01,84211.88,84257.24,1107.71
2025-03-22 04:00:00,84257.24,84320.5,84209.5,84319.49,1018.88
2025-03-22 04:15:00,84319.49,84350.5,84233.52,84247.28,939.03
2025-03-22 04:30:00,84247.28,84292.64,84247.27,84292.64,915.93
2025-03-22 04:45:00,84292.64,84392.99,84282.48,84367.9,1030.65
2025-03-22 05:00:00,84367.9,84379.5,84336.29,84378.49,974.23
2025-03-22 05:15:00,84378.49,84429.59,84343.86,84344.87,919.12
2025-03-22 05:30:00,84344.87,84360.04,84260.11,84315.11,1013.68
2025-03-22 05:45:00,84315.11,84347.39,84301.5,84323.8,1141.03
2025-03-22 06:00:00,84323.8,84400.5,84322.8,84372.0,1003.08
2025-03-22 06:15:00,84372.0,84380.49,84295.54,84298.77,987.14
2025-03-22 06:30:00,84298.77,84298.77,84153.49,84290.33,1177.44
2025-03-22 06:45:00,84290.33,84360.5,84289.32,84335.32,1130.54
2025-03-22 07:00:00,84335.32,84383.35,84335.32,84367.59,1036.19
2025-03-22 07:15:00,84367.59,84367.59,84305.09,84306.09,976.51
2025-03-22 07:30:00,84306.09,84373.29,84305.09,84314.92,1093.79
2025-03-22 07:45:00,84314.92,84315.93,84220.4,84275.22,1231.5
2025-03-22 08:00:00,84275.22,84287.08,84237.6,84255.74,1271.61
2025-03-22 08:15:00,84255.74,84270.69,84179.47,84199.5,1159.42
2025-03-22 08:30:00,84199.5,84260.6,84116.51,84244.98,1098.47
2025-03-22 08:45:00,84244.98,84245.99,84173.41,84221.52,1083.86
2025-03-22 09:00:00,84221.52,84321.09,84221.51,84318.63,1078.33
2025-03-22 09:15:00,84318.63,84406.17,84318.63,84344.59,1207.52
2025-03-22 09:30:00,84344.59,84539.67,84344.58,84475.24,1303.1
2025-03-22 09:45:00,84475.24,84510.63,84359.23,84359.51,1385.21
2025-03-22 10:00:00,84359.51,84416.76,84359.5,84363.06,1292.94
2025-03-22 10:15:00,84363.06,84424.03,84363.06,84380.52,1100.87
2025-03-22 10:30:00,84380.52,84431.04,84359.5,84407.5,1147.81
2025-03-22 10:45:00,84407.5,84441.0,84370.5,84414.12,1120.68
2025-03-22 11:00:00,84414.12,84420.3,84279.9,84310.97,1163.65
2025-03-22 11:15:00,84310.97,84336.0,84280.84,84335.0,1061.79
2025-03-22 11:30:00,84335.0,84340.05,84249.96,84263.65,1055.41
2025-03-22 11:45:00,84263.65,84271.47,84207.0,84238.74,1123.43
2025-03-22 12:00:00,84238.74,84295.04,84203.78,84295.04,1191.68
2025-03-22 12:15:00,84295.04,84296.89,84221.74,84221.74,1155.95
2025-03-22 12:30:00,84221.74,84230.47,84181.71,84229.35,1146.04
2025-03-22 12:45:00,84229.35,84251.16,84197.9,84232.89,1217.16
2025-03-22 13:00:00,84232.89,84243.3,84184.31,84219.99,1221.49
2025-03-22 13:15:00,84219.99,84230.5,84046.58,84091.24,1202.01
2025-03-22 13:30:00,84091.24,84139.54,84047.55,84139.53,1252.24
2025-03-22 13:45:00,84139.53,84182.37,84127.41,84167.81,1218.36
2025-03-22 14:00:00,84167.81,84179.77,84114.64,84179.67,1320.43
2025-03-22 14:15:00,84179.67,84204.19,84093.14,84120.92,1304.98
2025-03-22 14:30:00,84120.92,84120.93,84051.45,84080.59,1349.97
2025-03-22 14:45:00,84080.59,84080.59,84001.21,84006.72,1234.72
2025-03-22 15:00:00,84006.72,84083.08,83974.92,84063.56,1388.54
2025-03-22 15:15:00,84063.56,84064.57,84010.36,84013.67,1286.77
2025-03-22 15:30:00,84013.67,84067.15,83981.88,84035.94,1232.81
2025-03-22 15:45:00,84035.94,84130.93,84034.43,84108.58,1296.72
2025-03-22 16:00:00,84108.58,84109.59,84063.03,84102.04,1288.91
2025-03-22 16:15:00,84102.04,84141.81,84094.7,84127.66,1277.41
2025-03-22 16:30:00,84127.66,84150.5,84098.01,84128.51,1212.89
2025-03-22 16:45:00,84128.51,84148.88,84097.5,84140.5,1225.05
2025-03-22 17:00:00,84140.5,84157.3,84130.07,84153.03,1107.2
2025-03-22 17:15:00,84153.03,84197.22,84130.15,84181.71,1160.8
2025-03-22 17:30:00,84181.71,84217.49,84161.5,84217.49,1204.86
2025-03-22 17:45:00,84217.49,84258.92,84190.3,84239.33,1270.04
2025-03-22 18:00:00,84239.33,84257.14,84209.82,84250.9,1122.31
2025-03-22 18:15:00,84250.9,84317.51,84195.69,84196.69,1061.93
2025-03-22 18:30:00,84196.69,84318.85,84191.02,84318.67,1056.23
2025-03-22 18:45:00,84318.67,84320.5,84238.63,84239.64,1079.49
2025-03-22 19:00:00,84239.64,84251.0,84200.68,84235.31,1043.57
2025-03-22 19:15:00,84235.31,84237.73,84206.02,84216.7,1106.1
2025-03-22 19:30:00,84216.7,84272.24,84210.58,84211.59,1111.09
2025-03-22 19:45:00,84211.59,84211.59,84161.54,84172.09,1140.26
2025-03-22 20:00:00,84172.09,84204.69,84156.8,84199.82,1119.42
2025-03-22 20:15:00,84199.82,84199.83,84143.75,84163.5,1135.61
2025-03-22 20:30:00,84163.5,84199.65,84155.93,84156.93,977.76
2025-03-22 20:45:00,84156.93,84156.94,83944.19,83945.19,1246.16
2025-03-22 21:00:00,83945.19,84084.23,83840.6,84074.6,1380.75
2025-03-22 21:15:00,84074.6,84097.22,84024.07,84035.02,1155.67
2025-03-22 21:30:00,84035.02,84043.98,83967.75,83968.75,993.15
2025-03-22 21:45:00,83968.75,84063.29,83967.75,84011.37,1139.59
2025-03-22 22:00:00,84011.37,84052.8,83977.76,84051.03,1226.57
2025-03-22 22:15:00,84051.03,84070.25,84014.4,84014.4,1032.7
2025-03-22 22:30:00,84014.4,84029.91,83992.0,84019.09,929.93
2025-03-22 22:45:00,84019.09,84019.09,83958.32,83960.88,1051.17
2025-03-22 23:00:00,83960.88,83961.89,83844.31,83871.28,1148.57
2025-03-22 23:15:00,83871.28,83933.66,83871.27,83904.0,1022.59
2025-03-22 23:30:00,83904.0,83905.01,83659.5,83777.28,1393.24
2025-03-22 23:45:00,83777.28,83843.5,83744.78,83840.09,1352.53
2025-03-23 00:00:00,83840.09,83920.5,83809.25,83893.05,1415.84
2025-03-23 00:15:00,83893.05,84040.5,83893.05,83977.76,1176.7
2025-03-23 00:30:00,83977.76,84049.04,83961.73,84036.48,1071.8
2025-03-23 00:45:00,84036.48,84037.49,83960.88,84007.5,977.78
2025-03-23 01:00:00,84007.5,84060.4,83978.24,84041.4,1023.82
2025-03-23 01:15:00,84041.4,84133.09,84041.4,84116.68,932.49
2025-03-23 01:30:00,84116.68,84118.43,84056.44,84086.69,1051.16
2025-03-23 01:45:00,84086.69,84097.66,84034.4,84068.06,970.33
2025-03-23 02:00:00,84068.06,84083.11,83992.62,84022.13,971.26
2025-03-23 02:15:00,84022.13,84114.65,84022.12,84113.64,844.82
2025-03-23 02:30:00,84113.64,84257.98,84113.64,84221.56,954.54
2025-03-23 02:45:00,84221.56,84277.57,84220.56,84234.27,990.18
2025-03-23 03:00:00,84234.27,84239.64,84131.31,84172.3,954.67
2025-03-23 03:15:00,84172.3,84234.26,84171.3,84179.08,815.01
2025-03-23 03:30:00,84179.08,84216.11,84156.15,84202.95,897.44
2025-03-23 03:45:00,84202.95,84250.52,84197.72,84224.89,1132.4
2025-03-23 04:00:00,84224.89,84230.37,84069.72,84080.23,1042.41
2025-03-23 04:15:00,84080.23,84114.84,84070.8,84103.96,831.38
2025-03-23 04:30:00,84103.96,84122.76,84078.99,84079.0,907.95
2025-03-23 04:45:00,84079.0,84100.5,84075.58,84099.5,998.47
2025-03-23 05:00:00,84099.5,84149.24,84099.49,84117.95,886.78
2025-03-23 05:15:00,84117.95,84136.77,84099.5,84119.87,753.34
2025-03-23 05:30:00,84119.87,84184.72,84118.87,84183.21,857.1
2025-03-23 05:45:00,84183.21,84240.5,84183.21,84229.6,912.85
2025-03-23 06:00:00,84229.6,84230.61,84192.07,84201.07,946.33
2025-03-23 06:15:00,84201.07,84260.52,84201.07,84235.79,964.54
2025-03-23 06:30:00,84235.79,84247.25,84228.46,84247.25,912.37
2025-03-23 06:45:00,84247.25,84289.61,84241.74,84241.74,1106.17
2025-03-23 07:00:00,84241.74,84241.74,84216.48,84223.75,900.03
2025-03-23 07:15:00,84223.75,84264.67,84223.74,84264.66,925.83
2025-03-23 07:30:00,84264.66,84311.83,84263.66,84311.82,1087.29
2025-03-23 07:45:00,84311.82,84328.74,84268.85,84280.32,1049.09
2025-03-23 08:00:00,84280.32,84308.93,84262.55,84293.82,1110.52
2025-03-23 08:15:00,84293.82,84330.88,84292.82,84303.02,997.76
2025-03-23 08:30:00,84303.02,84355.06,84295.5,84335.3,1140.63
2025-03-23 08:45:00,84335.3,84350.5,84318.79,84347.63,1056.73
2025-03-23 09:00:00,84347.63,84376.75,84332.02,84337.75,911.84
2025-03-23 09:15:00,84337.75,84338.76,84319.5,84337.75,989.71
2025-03-23 09:30:00,84337.75,84352.01,84337.75,84351.0,952.15
2025-03-23 09:45:00,84351.0,84352.01,84325.16,84326.17,981.89
2025-03-23 10:00:00,84326.17,84326.17,84313.81,84313.86,1067.62
2025-03-23 10:15:00,84313.86,84346.43,84313.86,84346.42,1109.77
2025-03-23 10:30:00,84346.42,84500.5,84345.42,84499.49,1039.43
2025-03-23 10:45:00,84499.49,84500.5,84437.04,84461.48,1299.67
2025-03-23 11:00:00,84461.48,84843.48,84461.48,84695.14,1562.88
2025-03-23 11:15:00,84695.14,85026.81,84688.9,84912.85,1715.9
2025-03-23 11:30:00,84912.85,84912.85,84748.78,84775.06,1513.26
2025-03-23 11:45:00,84775.06,84859.2,84597.32,84679.49,1422.96
2025-03-23 12:00:00,84679.49,84758.19,84641.5,84642.51,1200.2
2025-03-23 12:15:00,84642.51,84700.5,84572.9,84699.49,1174.81
2025-03-23 12:30:00,84699.49,84811.98,84699.49,84731.0,1201.25
2025-03-23 12:45:00,84731.0,84811.84,84698.44,84725.75,1143.03
2025-03-23 13:00:00,84725.75,84743.81,84643.74,84734.4,1279.46
2025-03-23 13:15:00,84734.4,84986.5,84734.4,84963.7,1200.89
2025-03-23 13:30:00,84963.7,85051.01,84863.39,84863.39,1380.21
2025-03-23 13:45:00,84863.39,85108.97,84852.98,85094.08,1456.58
2025-03-23 14:00:00,85094.08,85213.84,84965.06,85038.17,1608.28
2025-03-23 14:15:00,85038.17,85075.49,84862.7,84895.23,1430.36
2025-03-23 14:30:00,84895.23,85100.5,84895.22,84988.51,1423.54
2025-03-23 14:45:00,84988.51,85040.5,84880.15,84900.26,1375.18
2025-03-23 15:00:00,84900.26,85050.72,84899.26,85041.36,1323.81
2025-03-23 15:15:00,85041.36,85180.24,84999.51,85078.68,1369.52
2025-03-23 15:30:00,85078.68,85254.67,85018.36,85141.77,1383.83
2025-03-23 15:45:00,85141.77,85200.25,85122.73,85188.91,1317.8
2025-03-23 16:00:00,85188.91,85329.02,85059.24,85308.02,1306.37
2025-03-23 16:15:00,85308.02,85341.5,85228.44,85274.91,1387.84
2025-03-23 16:30:00,85274.91,85295.71,84942.28,85102.15,1510.01
2025-03-23 16:45:00,85102.15,85381.04,85102.14,85249.5,1549.1
2025-03-23 17:00:00,85249.5,85380.94,85249.5,85289.85,1410.08
2025-03-23 17:15:00,85289.85,85413.54,85249.5,85250.5,1343.76
2025-03-23 17:30:00,85250.5,85250.51,84877.59,84950.88,1481.35
2025-03-23 17:45:00,84950.88,85145.18,84950.88,85017.16,1296.97
2025-03-23 18:00:00,85017.16,85033.43,84897.82,84943.12,1201.72
2025-03-23 18:15:00,84943.12,85001.0,84799.5,84800.51,1135.72
2025-03-23 18:30:00,84800.51,84962.14,84800.51,84954.04,1252.63
2025-03-23 18:45:00,84954.04,85036.5,84934.35,84973.28,1142.62
2025-03-23 19:00:00,84973.28,85080.5,84903.91,85051.98,1015.85
2025-03-23 19:15:00,85051.98,85064.5,84984.11,84984.12,970.77
2025-03-23 19:30:00,84984.12,85035.14,84964.18,85005.6,961.56
2025-03-23 19:45:00,85005.6,85024.43,84989.88,85011.69,834.01
2025-03-23 20:00:00,85011.69,85182.34,85010.69,85127.81,1196.49
2025-03-23 20:15:00,85127.81,85218.02,85126.8,85218.02,835.17
2025-03-23 20:30:00,85218.02,85266.18,85179.5,85220.73,1007.97
2025-03-23 20:45:00,85220.73,85273.15,85103.22,85103.22,1027.31
2025-03-23 21:00:00,85103.22,85103.22,84967.07,84967.08,1157.27
2025-03-23 21:15:00,84967.08,85013.5,84924.29,85008.41,1077.43
2025-03-23 21:30:00,85008.41,85060.48,84953.28,84953.28,1101.59
2025-03-23 21:45:00,84953.28,85184.5,84951.25,85179.49,1184.2
2025-03-23 22:00:00,85179.49,85396.72,85161.09,85385.82,1394.98
2025-03-23 22:15:00,85385.82,85678.66,85385.81,85500.97,1515.85
2025-03-23 22:30:00,85500.97,85574.35,85338.7,85339.71,1495.19
2025-03-23 22:45:00,85339.71,85424.56,85269.62,85360.71,1472.62
2025-03-23 23:00:00,85360.71,85561.36,85360.71,85501.96,1310.2
2025-03-23 23:15:00,85501.96,85771.62,85501.96,85739.63,1586.0
2025-03-23 23:30:00,85739.63,85858.5,85649.18,85669.67,1476.85
2025-03-23 23:45:00,85669.67,86130.13,85659.5,86082.0,1560.22
2025-03-24 00:00:00,86082.0,86088.24,85865.14,85967.9,1732.44
2025-03-24 00:15:00,85967.9,86426.06,85967.4,86410.16,1894.98
2025-03-24 00:30:00,86410.16,86641.63,86199.34,86245.36,2079.28
2025-03-24 00:45:00,86245.36,86268.82,85969.12,86021.23,1829.79
2025-03-24 01:00:00,86021.23,86039.27,85707.99,85792.97,1711.86
2025-03-24 01:15:00,85792.97,85924.42,85619.5,85658.21,1496.82
2025-03-24 01:30:00,85658.21,85759.78,85577.36,85615.15,1364.74
2025-03-24 01:45:00,85615.15,85716.16,85527.89,85563.53,1279.25
2025-03-24 02:00:00,85563.53,85760.85,85518.59,85712.94,1418.95
2025-03-24 02:15:00,85712.94,85748.5,85599.82,85723.09,1067.32
2025-03-24 02:30:00,85723.09,85803.24,85679.31,85761.54,1023.24
2025-03-24 02:45:00,85761.54,85950.5,85760.53,85882.66,1195.59
2025-03-24 03:00:00,85882.66,86232.11,85875.41,86213.38,1519.53
2025-03-24 03:15:00,86213.38,86521.5,86111.58,86379.85,1832.49
2025-03-24 03:30:00,86379.85,86428.5,86233.9,86305.3,1699.7
2025-03-24 03:45:00,86305.3,86575.98,86226.16,86532.57,1477.45
2025-03-24 04:00:00,86532.57,86888.99,86532.57,86718.0,2290.57
2025-03-24 04:15:00,86718.0,86814.22,86631.59,86711.93,1531.53
2025-03-24 04:30:00,86711.93,86850.5,86644.39,86829.18,1671.8
2025-03-24 04:45:00,86829.18,86932.97,86765.73,86841.33,1623.61
2025-03-24 05:00:00,86841.33,86989.5,86841.32,86967.19,1361.45
2025-03-24 05:15:00,86967.19,87026.82,86811.55,86865.92,1546.75
2025-03-24 05:30:00,86865.92,86992.95,86835.91,86955.38,1488.13
2025-03-24 05:45:00,86955.38,86995.35,86820.23,86899.22,1273.69
2025-03-24 06:00:00,86899.22,87199.5,86899.22,87186.15,1914.52
2025-03-24 06:15:00,87186.15,87300.99,86982.09,87020.98,1809.89
2025-03-24 06:30:00,87020.98,87035.69,86900.5,86995.15,1435.76
2025-03-24 06:45:00,86995.15,87162.66,86990.79,87114.4,1414.03
2025-03-24 07:00:00,87114.4,87179.02,86755.06,87027.49,1521.55
2025-03-24 07:15:00,87027.49,87110.72,86918.04,86921.19,1301.91
2025-03-24 07:30:00,86921.19,86944.58,86752.6,86808.11,1600.27
2025-03-24 07:45:00,86808.11,86990.13,86790.03,86875.02,1308.99
2025-03-24 08:00:00,86875.02,87185.05,86838.27,87146.5,1580.54
2025-03-24 08:15:00,87146.5,87430.09,87146.5,87403.08,1634.19
2025-03-24 08:30:00,87403.08,87474.51,87243.02,87351.44,1759.66
2025-03-24 08:45:00,87351.44,87520.37,87324.24,87415.84,1655.46
2025-03-24 09:00:00,87415.84,87514.02,87246.29,87344.35,1602.6
2025-03-24 09:15:00,87344.35,87395.88,87178.98,87265.01,1374.01
2025-03-24 09:30:00,87265.01,87363.75,87258.04,87259.05,1418.73
2025-03-24 09:45:00,87259.05,87351.28,87125.22,87164.23,1496.13
2025-03-24 10:00:00,87164.23,87387.3,87129.4,87368.73,1434.21
2025-03-24 10:15:00,87368.73,87432.97,87299.5,87428.49,1245.42
2025-03-24 10:30:00,87428.49,87784.0,87427.49,87670.44,1792.45
2025-03-24 10:45:00,87670.44,87902.49,87668.07,87801.77,1608.63
2025-03-24 11:00:00,87801.77,87858.31,87644.31,87650.98,1474.21
2025-03-24 11:15:00,87650.98,87666.44,87525.1,87550.43,1476.35
2025-03-24 11:30:00,87550.43,87711.65,87514.75,87679.08,1572.87
2025-03-24 11:45:00,87679.08,87797.94,87673.42,87690.02,1458.89
2025-03-24 12:00:00,87690.02,87712.62,87367.52,87634.88,1945.41
2025-03-24 12:15:00,87634.88,87634.9,87281.28,87337.34,1701.24
2025-03-24 12:30:00,87337.34,87423.5,87272.22,87390.74,1625.27
2025-03-24 12:45:00,87390.74,87460.55,87250.38,87327.6,1677.59
2025-03-24 13:00:00,87327.6,87357.25,87139.43,87198.07,1678.18
2025-03-24 13:15:00,87198.07,87320.98,87178.44,87278.14,1672.22
2025-03-24 13:30:00,87278.14,87634.15,87216.89,87410.24,2395.31
2025-03-24 13:45:00,87410.24,87710.61,87282.1,87703.96,2185.84
2025-03-24 14:00:00,87703.96,88386.91,87640.27,88355.45,2807.61
2025-03-24 14:15:00,88355.45,88764.92,88274.16,88311.13,3030.81
2025-03-24 14:30:00,88311.13,88318.14,87864.31,88252.86,2727.8
2025-03-24 14:45:00,88252.86,88300.5,87917.66,87962.4,2037.67
2025-03-24 15:00:00,87962.4,88098.94,87678.43,87915.11,2097.12
2025-03-24 15:15:00,87915.11,88372.13,87914.94,88007.85,1917.89
2025-03-24 15:30:00,88007.85,88157.32,87889.11,88119.44,1904.93
2025-03-24 15:45:00,88119.44,88357.91,88056.59,88349.5,1697.85
2025-03-24 16:00:00,88349.5,88499.35,88284.72,88423.33,1708.14
2025-03-24 16:15:00,88423.33,88424.34,87799.51,87855.67,2194.21
2025-03-24 16:30:00,87855.67,88131.86,87690.43,88005.2,2020.72
2025-03-24 16:45:00,88005.2,88110.52,87892.79,88058.04,1509.3
2025-03-24 17:00:00,88058.04,88233.72,87940.56,88160.49,1616.02
2025-03-24 17:15:00,88160.49,88429.33,88107.29,88423.81,1618.79
2025-03-24 17:30:00,88423.81,88470.82,88231.0,88278.5,1512.72
2025-03-24 17:45:00,88278.5,88472.51,88179.5,88462.37,1493.14
2025-03-24 18:00:00,88462.37,88472.17,88270.94,88433.93,1418.7
2025-03-24 18:15:00,88433.93,88478.76,88149.15,88264.44,1407.94
2025-03-24 18:30:00,88264.44,88536.5,88122.61,88477.95,1555.25
2025-03-24 18:45:00,88477.95,88527.81,88385.79,88464.88,1383.18
2025-03-24 19:00:00,88464.88,88508.5,88247.71,88482.39,1373.09
2025-03-24 19:15:00,88482.39,88483.4,88282.1,88356.03,1331.57
2025-03-24 19:30:00,88356.03,88362.21,87979.11,88024.02,1516.76
2025-03-24 19:45:00,88024.02,88364.41,87968.54,88222.77,1689.35
2025-03-24 20:00:00,88222.77,88481.72,88119.56,88458.31,1678.42
2025-03-24 20:15:00,88458.31,88480.35,88274.96,88360.8,1342.75
2025-03-24 20:30:00,88360.8,88361.79,87903.59,87924.41,1450.16
2025-03-24 20:45:00,87924.41,88016.16,87808.12,87828.48,1522.18
2025-03-24 21:00:00,87828.48,88031.32,87798.5,87882.48,1317.35
2025-03-24 21:15:00,87882.48,88256.5,87881.47,88197.59,1086.74
2025-03-24 21:30:00,88197.59,88274.5,87945.2,88192.11,1257.12
2025-03-24 21:45:00,88192.11,88192.11,88049.68,88100.51,1123.4
2025-03-24 22:00:00,88100.51,88185.29,87746.5,87746.5,1377.5
2025-03-24 22:15:00,87746.5,87752.51,87500.51,87593.58,1494.48
2025-03-24 22:30:00,87593.58,87673.6,87515.5,87570.49,1174.7
2025-03-24 22:45:00,87570.49,87570.49,87320.3,87451.5,1594.21
2025-03-24 23:00:00,87451.5,87538.22,87287.92,87291.53,1481.02
2025-03-24 23:15:00,87291.53,87295.97,87061.49,87192.49,1600.83
2025-03-24 23:30:00,87192.49,87333.91,87192.39,87271.23,1434.06
2025-03-24 23:45:00,87271.23,87525.6,87223.54,87498.66,1522.09
2025-03-25 00:00:00,87498.66,87498.66,87316.71,87337.46,1159.67
2025-03-25 00:15:00,87337.46,87640.96,87262.93,87488.6,1543.68
2025-03-25 00:30:00,87488.6,87647.56,87379.49,87577.11,1328.36
2025-03-25 00:45:00,87577.11,87679.75,87511.82,87599.49,1117.54
2025-03-25 01:00:00,87599.49,87599.49,87379.54,87382.51,1195.52
2025-03-25 01:15:00,87382.51,87409.6,87054.5,87067.5,1372.85
2025-03-25 01:30:00,87067.5,87122.82,86813.67,87122.82,1882.97
2025-03-25 01:45:00,87122.82,87274.14,87003.97,87088.81,1547.2
2025-03-25 02:00:00,87088.81,87088.81,86867.89,86952.13,1494.11
2025-03-25 02:15:00,86952.13,87067.49,86916.02,87060.5,1384.04
2025-03-25 02:30:00,87060.5,87065.96,86872.27,86935.94,1261.78
2025-03-25 02:45:00,86935.94,86981.91,86819.79,86854.43,1366.33
2025-03-25 03:00:00,86854.43,86985.09,86767.33,86874.82,1367.3
2025-03-25 03:15:00,86874.82,86875.82,86606.66,86765.27,1614.6
2025-03-25 03:30:00,86765.27,86831.97,86473.27,86485.47,1633.51
2025-03-25 03:45:00,86485.47,86591.43,86331.5,86520.38,1662.79
2025-03-25 04:00:00,86520.38,86667.15,86309.51,86617.81,1718.23
2025-03-25 04:15:00,86617.81,86646.24,86443.73,86450.38,1390.8
2025-03-25 04:30:00,86450.38,86530.37,86369.51,86489.63,1312.01
2025-03-25 04:45:00,86489.63,86547.67,86406.34,86546.67,1212.03
2025-03-25 05:00:00,86546.67,86546.67,86399.5,86418.01,1307.4
2025-03-25 05:15:00,86418.01,86671.99,86408.72,86618.49,1324.4
2025-03-25 05:30:00,86618.49,86739.84,86556.87,86681.58,1339.59
2025-03-25 05:45:00,86681.58,86773.22,86655.56,86655.57,1153.21
2025-03-25 06:00:00,86655.57,86817.18,86589.46,86771.5,1310.12
2025-03-25 06:15:00,86771.5,86776.76,86665.5,86763.5,1198.39
2025-03-25 06:30:00,86763.5,86880.27,86616.51,86616.51,1380.09
2025-03-25 06:45:00,86616.51,86665.02,86523.55,86534.0,1459.25
2025-03-25 07:00:00,86534.0,86814.71,86528.91,86582.48,1435.34
2025-03-25 07:15:00,86582.48,86643.83,86515.5,86553.84,1190.37
2025-03-25 07:30:00,86553.84,86553.85,86332.37,86357.71,1507.15
2025-03-25 07:45:00,86357.71,86490.5,86357.7,86436.32,1330.56
2025-03-25 08:00:00,86436.32,86572.5,86427.63,86504.26,1341.67
2025-03-25 08:15:00,86504.26,86676.44,86406.0,86620.07,1344.85
2025-03-25 08:30:00,86620.07,86728.83,86604.37,86677.16,1311.19
2025-03-25 08:45:00,86677.16,86764.96,86619.73,86715.29,1244.01
2025-03-25 09:00:00,86715.29,86782.5,86641.5,86674.52,1165.04
2025-03-25 09:15:00,86674.52,86914.42,86674.51,86880.94,1366.41
2025-03-25 09:30:00,86880.94,87308.29,86859.49,87103.3,2088.63
2025-03-25 09:45:00,87103.3,87350.5,87055.57,87222.16,1666.83
2025-03-25 10:00:00,87222.16,87286.49,87008.71,87052.31,1477.45
2025-03-25 10:15:00,87052.31,87127.49,86946.71,87092.82,1432.86
2025-03-25 10:30:00,87092.82,87215.2,87032.22,87214.2,1296.25
2025-03-25 10:45:00,87214.2,87215.2,87094.8,87130.64,1278.17
2025-03-25 11:00:00,87130.64,87282.39,87051.06,87151.88,1465.84
2025-03-25 11:15:00,87151.88,87374.17,87139.17,87335.5,1470.09
2025-03-25 11:30:00,87335.5,87499.49,87267.33,87485.5,1463.93
2025-03-25 11:45:00,87485.5,87486.51,87357.5,87369.93,1386.22
2025-03-25 12:00:00,87369.93,87442.89,87169.31,87311.0,1611.24
2025-03-25 12:15:00,87311.0,87321.43,87165.98,87220.75,1398.19
2025-03-25 12:30:00,87220.75,87314.22,86928.96,87174.66,1569.83
2025-03-25 12:45:00,87174.66,87216.17,86999.5,87084.51,1352.35
2025-03-25 13:00:00,87084.51,87400.66,87055.01,87369.5,1757.62
2025-03-25 13:15:00,87369.5,87727.77,87368.51,87689.62,2117.1
2025-03-25 13:30:00,87689.62,87945.1,87210.19,87269.23,3060.87
2025-03-25 13:45:00,87269.23,87675.41,87042.97,87594.9,2909.56
2025-03-25 14:00:00,87594.9,87681.83,87333.84,87655.43,2764.7
2025-03-25 14:15:00,87655.43,87844.72,87545.49,87700.49,2308.32
2025-03-25 14:30:00,87700.49,88228.49,87605.07,88152.97,2174.83
2025-03-25 14:45:00,88152.97,88199.49,87835.5,88022.89,2339.36
2025-03-25 15:00:00,88022.89,88259.29,87963.99,88055.84,2018.43
2025-03-25 15:15:00,88055.84,88089.4,87799.5,87979.16,1846.23
2025-03-25 15:30:00,87979.16,88062.37,87727.78,88013.47,1931.79
2025-03-25 15:45:00,88013.47,88052.48,87713.12,87773.87,1799.29
2025-03-25 16:00:00,87773.87,87961.21,87699.5,87901.63,1801.5
2025-03-25 16:15:00,87901.63,87980.49,87745.51,87826.49,1557.36
2025-03-25 16:30:00,87826.49,87859.34,87637.4,87769.25,1811.63
2025-03-25 16:45:00,87769.25,87869.18,87632.51,87791.9,1624.72
2025-03-25 17:00:00,87791.9,88321.77,87791.9,88197.62,1796.64
2025-03-25 17:15:00,88197.62,88260.5,87913.79,87936.48,1668.0
2025-03-25 17:30:00,87936.48,88069.87,87919.33,88043.33,1515.28
2025-03-25 17:45:00,88043.33,88093.47,87868.43,87936.77,1680.63
2025-03-25 18:00:00,87936.77,88059.48,87863.5,87943.33,1576.33
2025-03-25 18:15:00,87943.33,87953.56,87678.5,87797.11,1530.36
2025-03-25 18:30:00,87797.11,87859.2,87589.12,87627.09,1594.58
2025-03-25 18:45:00,87627.09,87849.8,87588.09,87821.5,1371.54
2025-03-25 19:00:00,87821.5,88117.39,87817.17,88043.49,1332.15
2025-03-25 19:15:00,88043.49,88097.91,87876.26,87917.37,1409.64
2025-03-25 19:30:00,87917.37,88029.0,87829.43,87959.3,1507.24
2025-03-25 19:45:00,87959.3,88250.49,87954.3,88120.18,1666.7
2025-03-25 20:00:00,88120.18,88540.13,87965.69,88379.5,2002.97
2025-03-25 20:15:00,88379.5,88467.45,88156.14,88161.02,1551.71
2025-03-25 20:30:00,88161.02,88190.09,87952.13,88000.49,1368.66
2025-03-25 20:45:00,88000.49,88057.6,87806.82,87849.49,1515.78
2025-03-25 21:00:00,87849.49,88198.5,87835.91,88119.92,1438.97
2025-03-25 21:15:00,88119.92,88184.49,87935.49,87938.49,1286.82
2025-03-25 21:30:00,87938.49,87998.94,87804.42,87810.9,1385.65
2025-03-25 21:45:00,87810.9,87895.37,87704.79,87745.5,1265.92
2025-03-25 22:00:00,87745.5,87806.82,87587.03,87719.42,1381.71
2025-03-25 22:15:00,87719.42,87734.89,87254.07,87370.04,1399.38
2025-03-25 22:30:00,87370.04,87593.48,87168.46,87572.68,1656.27
2025-03-25 22:45:00,87572.68,87671.0,87428.9,87464.23,1253.43
2025-03-25 23:00:00,87464.23,87503.95,87133.16,87239.5,1536.04
2025-03-25 23:15:00,87239.5,87384.16,87222.99,87384.15,1376.51
2025-03-25 23:30:00,87384.15,87455.57,87340.63,87420.49,1300.75
2025-03-25 23:45:00,87420.49,87500.49,87328.0,87393.37,1417.31
2025-03-26 00:00:00,87393.37,87498.21,87223.89,87304.85,1362.54
2025-03-26 00:15:00,87304.85,87611.91,87303.84,87597.3,1275.78
2025-03-26 00:30:00,87597.3,87773.77,87461.59,87753.15,1358.6
2025-03-26 00:45:00,87753.15,87810.8,87624.84,87652.5,1176.76
2025-03-26 01:00:00,87652.5,87734.63,87566.9,87719.02,1168.29
2025-03-26 01:15:00,87719.02,87892.64,87672.65,87841.76,1221.71
2025-03-26 01:30:00,87841.76,87853.99,87729.87,87795.19,1086.69
2025-03-26 01:45:00,87795.19,87850.48,87752.18,87836.53,1004.59
2025-03-26 02:00:00,87836.53,87836.54,87545.36,87545.36,1219.47
2025-03-26 02:15:00,87545.36,87548.77,87449.5,87525.13,1169.98
2025-03-26 02:30:00,87525.13,87560.5,87411.99,87433.1,1155.21
2025-03-26 02:45:00,87433.1,87462.18,87299.5,87325.1,1129.26
2025-03-26 03:00:00,87325.1,87405.87,87179.5,87183.55,1275.91
2025-03-26 03:15:00,87183.55,87323.65,87133.09,87235.53,1254.74
2025-03-26 03:30:00,87235.53,87235.54,87096.3,87120.65,1249.05
2025-03-26 03:45:00,87120.65,87167.19,87031.06,87153.3,1269.04
2025-03-26 04:00:00,87153.3,87294.43,87051.5,87282.11,1394.91
2025-03-26 04:15:00,87282.11,87283.11,87126.01,87253.15,1188.65
2025-03-26 04:30:00,87253.15,87456.14,87253.15,87410.5,1259.6
2025-03-26 04:45:00,87410.5,87435.29,87211.5,87327.28,1108.49
2025-03-26 05:00:00,87327.28,87327.29,87243.28,87261.65,920.58
2025-03-26 05:15:00,87261.65,87294.0,87215.19,87282.49,1051.78
2025-03-26 05:30:00,87282.49,87630.81,87280.61,87591.76,1188.33
2025-03-26 05:45:00,87591.76,87591.76,87462.32,87519.85,1083.05
2025-03-26 06:00:00,87519.85,87597.14,87442.33,87553.15,1150.72
2025-03-26 06:15:00,87553.15,87588.11,87480.87,87565.55,956.29
2025-03-26 06:30:00,87565.55,87768.5,87564.54,87767.49,1140.2
2025-03-26 06:45:00,87767.49,87924.42,87727.76,87908.78,1119.67
2025-03-26 07:00:00,87908.78,87954.12,87753.85,87841.61,1672.53
2025-03-26 07:15:00,87841.61,88030.95,87786.19,88009.29,1198.64
2025-03-26 07:30:00,88009.29,88260.15,87971.72,88211.8,1703.99
2025-03-26 07:45:00,88211.8,88275.5,88139.96,88139.96,1862.59
2025-03-26 08:00:00,88139.96,88200.5,88006.73,88053.33,1422.46
2025-03-26 08:15:00,88053.33,88150.79,88004.45,88040.76,1040.34
2025-03-26 08:30:00,88040.76,88087.46,88024.7,88046.87,1148.58
2025-03-26 08:45:00,88046.87,88046.87,87885.6,87959.23,1304.35
2025-03-26 09:00:00,87959.23,88000.5,87886.62,87891.8,1181.58
2025-03-26 09:15:00,87891.8,87991.08,87836.99,87968.76,1185.16
2025-03-26 09:30:00,87968.76,88056.75,87938.63,87975.69,1181.1
2025-03-26 09:45:00,87975.69,87976.89,87890.53,87940.5,1042.33
2025-03-26 10:00:00,87940.5,88041.98,87939.49,88024.5,1144.34
2025-03-26 10:15:00,88024.5,88228.33,88024.5,88155.96,1237.15
2025-03-26 10:30:00,88155.96,88260.8,88099.5,88104.37,1235.77
2025-03-26 10:45:00,88104.37,88250.5,88104.36,88207.97,1269.2
2025-03-26 11:00:00,88207.97,88242.5,88147.38,88229.5,1222.28
2025-03-26 11:15:00,88229.5,88242.93,88115.09,88156.08,1251.17
2025-03-26 11:30:00,88156.08,88192.44,87968.79,87987.74,1235.28
2025-03-26 11:45:00,87987.74,88055.54,87930.78,87955.47,1384.17
2025-03-26 12:00:00,87955.47,88000.99,87818.84,87960.47,1390.02
2025-03-26 12:15:00,87960.47,87974.75,87686.69,87782.99,1337.31
2025-03-26 12:30:00,87782.99,87818.05,87586.23,87700.32,1541.2
2025-03-26 12:45:00,87700.32,87857.31,87613.5,87812.66,1397.54
2025-03-26 13:00:00,87812.66,87813.67,87650.25,87661.06,1333.55
2025-03-26 13:15:00,87661.06,87661.07,87473.51,87493.05,1430.79
2025-03-26 13:30:00,87493.05,87886.18,87388.95,87798.45,2232.73
2025-03-26 13:45:00,87798.45,87920.58,86719.5,86840.81,3058.31
2025-03-26 14:00:00,86840.81,87294.54,86738.91,86974.8,2743.83
2025-03-26 14:15:00,86974.8,87063.13,86433.86,86699.01,2650.44
2025-03-26 14:30:00,86699.01,86815.31,86503.5,86569.49,2431.25
2025-03-26 14:45:00,86569.49,86979.26,86462.25,86773.65,2154.93
2025-03-26 15:00:00,86773.65,86998.49,86737.74,86854.75,2145.75
2025-03-26 15:15:00,86854.75,86871.85,86550.98,86639.49,2111.69
2025-03-26 15:30:00,86639.49,86908.83,86634.5,86852.0,1801.32
2025-03-26 15:45:00,86852.0,87019.37,86611.87,86753.58,1934.53
2025-03-26 16:00:00,86753.58,86844.66,86579.5,86749.49,1865.09
2025-03-26 16:15:00,86749.49,86956.76,86608.22,86956.26,1614.13
2025-03-26 16:30:00,86956.26,87057.9,86655.44,86694.27,1626.51
2025-03-26 16:45:00,86694.27,86832.64,86412.38,86513.48,1675.74
2025-03-26 17:00:00,86513.48,86774.02,86479.51,86728.18,1576.11
2025-03-26 17:15:00,86728.18,86728.19,86475.89,86616.5,1699.16
2025-03-26 17:30:00,86616.5,86830.38,86499.51,86690.83,1638.32
2025-03-26 17:45:00,86690.83,86780.5,86495.26,86568.1,1364.4
2025-03-26 18:00:00,86568.1,86748.44,86553.84,86685.29,1381.31
2025-03-26 18:15:00,86685.29,86750.51,86588.24,86641.49,1445.64
2025-03-26 18:30:00,86641.49,86751.0,86499.5,86500.51,1415.48
2025-03-26 18:45:00,86500.51,86518.69,86183.42,86198.03,1672.83
2025-03-26 19:00:00,86198.03,86359.2,85882.48,85937.98,1934.36
2025-03-26 19:15:00,85937.98,86371.38,85859.5,86129.94,2031.86
2025-03-26 19:30:00,86129.94,86516.64,86129.93,86488.64,1735.52
2025-03-26 19:45:00,86488.64,86800.0,86488.64,86572.51,2125.82
2025-03-26 20:00:00,86572.51,87010.04,86520.6,86919.49,1759.06
2025-03-26 20:15:00,86919.49,87329.75,86859.49,87228.34,1794.97
2025-03-26 20:30:00,87228.34,87404.84,87186.75,87293.77,1542.28
2025-03-26 20:45:00,87293.77,87349.56,87099.03,87280.49,1445.7
2025-03-26 21:00:00,87280.49,87303.0,87069.5,87211.5,1213.1
2025-03-26 21:15:00,87211.5,87237.97,86960.5,87058.63,1339.08
2025-03-26 21:30:00,87058.63,87077.49,86728.41,87076.48,1359.11
2025-03-26 21:45:00,87076.48,87228.42,87063.63,87110.15,1156.72
2025-03-26 22:00:00,87110.15,87145.35,86897.5,86937.87,1405.55
2025-03-26 22:15:00,86937.87,86990.18,86754.15,86807.49,1477.8
2025-03-26 22:30:00,86807.49,86972.2,86807.49,86892.87,1166.08
2025-03-26 22:45:00,86892.87,87028.4,86814.71,86829.98,1145.78
2025-03-26 23:00:00,86829.98,86899.5,86672.3,86693.6,1318.57
2025-03-26 23:15:00,86693.6,86792.3,86561.5,86682.51,1244.2
2025-03-26 23:30:00,86682.51,86892.33,86681.5,86864.39,1301.4
2025-03-26 23:45:00,86864.39,86953.19,86809.47,86909.67,1140.59
2025-03-27 00:00:00,86909.67,86967.15,86882.42,86901.83,1224.76
2025-03-27 00:15:00,86901.83,87120.88,86795.76,87119.88,1250.62
2025-03-27 00:30:00,87119.88,87247.4,87042.97,87108.19,1290.94
2025-03-27 00:45:00,87108.19,87308.5,87096.27,87285.79,1463.82
2025-03-27 01:00:00,87285.79,87418.77,87241.33,87287.17,1457.75
2025-03-27 01:15:00,87287.17,87391.5,87178.29,87355.32,1134.5
2025-03-27 01:30:00,87355.32,87362.81,87187.05,87301.34,1131.23
2025-03-27 01:45:00,87301.34,87514.05,87240.59,87378.37,1405.15
2025-03-27 02:00:00,87378.37,87587.49,87338.29,87520.98,1253.29
2025-03-27 02:15:00,87520.98,87686.38,87479.84,87597.45,1276.19
2025-03-27 02:30:00,87597.45,87678.96,87512.98,87669.03,1130.24
2025-03-27 02:45:00,87669.03,87755.51,87548.0,87575.88,1339.89
2025-03-27 03:00:00,87575.88,87666.49,87474.73,87574.1,1161.43
2025-03-27 03:15:00,87574.1,87574.1,87434.28,87542.94,984.13
2025-03-27 03:30:00,87542.94,87669.96,87539.22,87601.51,1029.66
2025-03-27 03:45:00,87601.51,87675.5,87590.78,87670.67,969.23
2025-03-27 04:00:00,87670.67,87691.84,87431.14,87481.79,1109.42
2025-03-27 04:15:00,87481.79,87600.49,87445.28,87577.21,999.24
2025-03-27 04:30:00,87577.21,87606.61,87410.92,87471.08,1041.02
2025-03-27 04:45:00,87471.08,87532.5,87455.53,87522.11,876.51
2025-03-27 05:00:00,87522.11,87522.11,87424.16,87469.66,1023.96
2025-03-27 05:15:00,87469.66,87506.63,87362.17,87438.41,979.52
2025-03-27 05:30:00,87438.41,87440.96,87343.87,87353.38,1027.74
2025-03-27 05:45:00,87353.38,87390.52,87262.05,87314.21,1111.2
2025-03-27 06:00:00,87314.21,87456.08,87287.81,87456.08,1090.87
2025-03-27 06:15:00,87456.08,87525.68,87405.91,87483.01,1147.03
2025-03-27 06:30:00,87483.01,87548.1,87417.49,87417.49,1115.88
2025-03-27 06:45:00,87417.49,87422.51,87279.5,87352.18,1188.07
2025-03-27 07:00:00,87352.18,87389.5,87249.32,87349.99,1370.35
2025-03-27 07:15:00,87349.99,87408.89,87272.4,87334.49,1147.87
2025-03-27 07:30:00,87334.49,87439.8,87273.53,87302.52,1259.3
2025-03-27 07:45:00,87302.52,87400.5,87286.77,87400.49,1329.28
2025-03-27 08:00:00,87400.49,87493.52,87255.13,87359.49,1289.07
2025-03-27 08:15:00,87359.49,87462.98,87322.89,87411.24,1143.65
2025-03-27 08:30:00,87411.24,87598.5,87408.49,87481.9,1324.13
2025-03-27 08:45:00,87481.9,87481.9,87298.31,87434.32,1185.74
2025-03-27 09:00:00,87434.32,87507.92,87405.68,87483.39,1248.94
2025-03-27 09:15:00,87483.39,87520.5,87425.76,87465.85,1218.16
2025-03-27 09:30:00,87465.85,87538.24,87427.63,87463.31,1193.03
2025-03-27 09:45:00,87463.31,87517.45,87385.36,87416.06,1382.94
2025-03-27 10:00:00,87416.06,87598.1,87399.83,87480.24,1288.94
2025-03-27 10:15:00,87480.24,87533.16,87434.28,87507.19,1146.26
2025-03-27 10:30:00,87507.19,87550.5,87424.61,87425.62,1000.32
2025-03-27 10:45:00,87425.62,87425.62,87108.5,87195.08,1579.63
2025-03-27 11:00:00,87195.08,87316.79,87150.05,87179.8,1392.81
2025-03-27 11:15:00,87179.8,87249.75,86906.83,86946.51,1596.97
2025-03-27 11:30:00,86946.51,87074.48,86859.53,86904.88,1631.76
2025-03-27 11:45:00,86904.88,86989.28,86786.5,86943.02,1506.99
2025-03-27 12:00:00,86943.02,87041.76,86775.54,87003.54,1892.73
2025-03-27 12:15:00,87003.54,87060.59,86893.18,86951.78,1491.14
2025-03-27 12:30:00,86951.78,87111.09,86856.16,86891.91,1770.37
2025-03-27 12:45:00,86891.91,86928.16,86724.35,86761.55,1554.75
2025-03-27 13:00:00,86761.55,86862.21,86615.12,86645.25,1474.83
2025-03-27 13:15:00,86645.25,86709.0,86183.51,86341.74,2332.7
2025-03-27 13:30:00,86341.74,86518.26,85809.5,86019.8,3448.28
2025-03-27 13:45:00,86019.8,86486.72,85905.7,86384.32,3015.35
2025-03-27 14:00:00,86384.32,86750.49,86188.69,86443.9,2650.31
2025-03-27 14:15:00,86443.9,86638.97,86372.34,86626.86,2082.99
2025-03-27 14:30:00,86626.86,87201.98,86528.57,87056.22,2326.13
2025-03-27 14:45:00,87056.22,87322.05,86881.7,87297.84,2375.58
2025-03-27 15:00:00,87297.84,87419.29,87123.64,87383.49,2093.27
2025-03-27 15:15:00,87383.49,87575.5,87274.49,87277.8,2069.39
2025-03-27 15:30:00,87277.8,87278.81,86848.5,86865.47,1784.05
2025-03-27 15:45:00,86865.47,87087.07,86756.51,86974.57,1741.06
2025-03-27 16:00:00,86974.57,87212.5,86899.58,87082.77,2323.3
2025-03-27 16:15:00,87082.77,87271.93,87011.89,87011.89,1607.89
2025-03-27 16:30:00,87011.89,87148.5,86977.76,87141.81,2192.49
2025-03-27 16:45:00,87141.81,87162.5,86804.7,86834.73,1397.34
2025-03-27 17:00:00,86834.73,87032.5,86834.73,86962.27,1841.2
2025-03-27 17:15:00,86962.27,87074.69,86866.49,86867.5,1526.52
2025-03-27 17:30:00,86867.5,86978.6,86795.79,86977.59,1477.91
2025-03-27 17:45:00,86977.59,87151.45,86912.54,86913.55,1514.88
2025-03-27 18:00:00,86913.55,87136.51,86875.5,87131.81,1549.38
2025-03-27 18:15:00,87131.81,87150.5,86961.76,87047.4,1445.37
2025-03-27 18:30:00,87047.4,87374.5,87027.5,87343.4,1514.89
2025-03-27 18:45:00,87343.4,87420.5,87206.02,87206.03,1436.17
2025-03-27 19:00:00,87206.03,87357.64,87141.19,87349.5,1326.87
2025-03-27 19:15:00,87349.5,87429.7,87261.76,87366.72,1414.06
2025-03-27 19:30:00,87366.72,87398.99,87279.5,87306.46,1311.36
2025-03-27 19:45:00,87306.46,87313.44,87022.49,87055.29,1519.7
2025-03-27 20:00:00,87055.29,87088.35,86949.51,86958.25,1116.51
2025-03-27 20:15:00,86958.25,87281.89,86943.05,87206.34,1337.64
2025-03-27 20:30:00,87206.34,87316.48,87181.51,87314.86,1061.95
2025-03-27 20:45:00,87314.86,87346.57,87251.72,87308.07,1012.03
2025-03-27 21:00:00,87308.07,87355.93,87238.63,87300.49,1074.11
2025-03-27 21:15:00,87300.49,87465.09,87283.75,87387.75,1123.79
2025-03-27 21:30:00,87387.75,87728.77,87371.41,87632.83,1378.08
2025-03-27 21:45:00,87632.83,87638.88,87477.5,87568.17,1084.92
2025-03-27 22:00:00,87568.17,87600.5,87410.51,87416.25,1284.11
2025-03-27 22:15:00,87416.25,87491.18,87362.14,87383.43,1050.46
2025-03-27 22:30:00,87383.43,87426.17,87326.02,87349.23,1125.15
2025-03-27 22:45:00,87349.23,87434.47,87309.47,87351.21,1126.63
2025-03-27 23:00:00,87351.21,87360.57,87166.3,87190.51,1210.76
2025-03-27 23:15:00,87190.51,87292.0,87183.5,87291.99,1257.67
2025-03-27 23:30:00,87291.99,87340.13,87130.93,87154.65,1209.77
2025-03-27 23:45:00,87154.65,87260.32,87127.51,87231.51,1111.88
2025-03-28 00:00:00,87231.51,87252.22,87021.24,87064.22,1375.08
2025-03-28 00:15:00,87064.22,87124.38,86969.5,86969.5,1252.39
2025-03-28 00:30:00,86969.5,87210.06,86932.25,87210.06,1403.98
2025-03-28 00:45:00,87210.06,87402.58,87154.92,87354.5,1496.7
2025-03-28 01:00:00,87354.5,87373.61,87149.49,87164.33,1232.94
2025-03-28 01:15:00,87164.33,87219.13,87116.5,87170.08,1113.83
2025-03-28 01:30:00,87170.08,87516.17,87120.5,87505.82,1462.39
2025-03-28 01:45:00,87505.82,87505.82,87206.17,87229.79,1312.93
2025-03-28 02:00:00,87229.79,87308.5,87155.55,87232.51,1217.72
2025-03-28 02:15:00,87232.51,87327.55,87231.51,87248.44,1174.11
2025-03-28 02:30:00,87248.44,87249.54,87047.06,87087.98,1224.87
2025-03-28 02:45:00,87087.98,87170.2,86950.25,86988.27,1097.25
2025-03-28 03:00:00,86988.27,87018.86,86780.9,86867.42,1440.04
2025-03-28 03:15:00,86867.42,86943.99,86767.94,86800.5,1540.48
2025-03-28 03:30:00,86800.5,86885.28,86799.5,86844.64,1185.74
2025-03-28 03:45:00,86844.64,86859.93,86749.51,86786.66,1167.16
2025-03-28 04:00:00,86786.66,86833.14,86765.26,86767.79,1140.67
2025-03-28 04:15:00,86767.79,86784.06,86678.25,86711.59,1026.32
2025-03-28 04:30:00,86711.59,86711.59,86097.88,86262.02,2256.78
2025-03-28 04:45:00,86262.02,86360.5,85952.04,86304.89,3791.41
2025-03-28 05:00:00,86304.89,86304.89,86049.5,86075.42,1977.86
2025-03-28 05:15:00,86075.42,86201.19,85949.51,85971.85,1671.5
2025-03-28 05:30:00,85971.85,86066.49,85841.68,85909.29,1612.84
2025-03-28 05:45:00,85909.29,86203.95,85827.47,86058.53,2014.77
2025-03-28 06:00:00,86058.53,86250.99,85978.06,86209.22,1597.61
2025-03-28 06:15:00,86209.22,86224.0,85916.65,86004.08,1260.22
2025-03-28 06:30:00,86004.08,86018.49,85839.98,85852.13,1486.38
2025-03-28 06:45:00,85852.13,85970.99,85649.85,85718.77,1752.28
2025-03-28 07:00:00,85718.77,85879.09,85618.81,85710.4,1853.33
2025-03-28 07:15:00,85710.4,85822.35,85573.57,85605.08,1699.21
2025-03-28 07:30:00,85605.08,85628.53,85215.52,85243.85,2148.55
2025-03-28 07:45:00,85243.85,85360.5,85161.98,85213.49,2043.73
2025-03-28 08:00:00,85213.49,85441.74,85161.21,85281.19,2963.73
2025-03-28 08:15:00,85281.19,85381.23,85059.5,85082.9,1740.82
2025-03-28 08:30:00,85082.9,85206.91,85050.64,85175.39,1682.62
2025-03-28 08:45:00,85175.39,85408.35,85163.31,85213.37,1514.46
2025-03-28 09:00:00,85213.37,85247.12,85060.5,85061.51,1351.44
2025-03-28 09:15:00,85061.51,85320.5,85004.5,85320.5,1650.32
2025-03-28 09:30:00,85320.5,85416.13,85199.5,85210.33,1478.98
2025-03-28 09:45:00,85210.33,85210.33,85059.49,85148.5,1259.59
2025-03-28 10:00:00,85148.5,85251.78,85003.5,85165.25,1608.37
2025-03-28 10:15:00,85165.25,85240.71,85080.8,85240.49,1385.18
2025-03-28 10:30:00,85240.49,85240.5,85092.97,85119.9,1426.89
2025-03-28 10:45:00,85119.9,85119.91,84895.5,84940.99,1510.64
2025-03-28 11:00:00,84940.99,85025.48,84815.41,84817.12,1568.6
2025-03-28 11:15:00,84817.12,85221.06,84800.51,85100.7,2081.55
2025-03-28 11:30:00,85100.7,85207.03,84933.51,85065.56,1661.47
2025-03-28 11:45:00,85065.56,85255.76,85007.52,85254.76,1584.75
2025-03-28 12:00:00,85254.76,85283.01,85142.7,85174.24,1524.38
2025-03-28 12:15:00,85174.24,85416.78,85105.85,85380.02,1402.5
2025-03-28 12:30:00,85380.02,85491.76,84887.5,85122.12,2614.01
2025-03-28 12:45:00,85122.12,85228.99,84995.15,85027.77,1755.11
2025-03-28 13:00:00,85027.77,85349.5,84974.14,85349.49,1788.34
2025-03-28 13:15:00,85349.49,85546.24,85268.84,85333.65,1729.76
2025-03-28 13:30:00,85333.65,85576.18,85126.73,85304.61,2479.75
2025-03-28 13:45:00,85304.61,85311.83,84906.47,84993.49,2349.57
2025-03-28 14:00:00,84993.49,85111.1,84327.92,84447.16,3775.92
2025-03-28 14:15:00,84447.16,84660.56,84292.91,84360.63,2847.75
2025-03-28 14:30:00,84360.63,84471.49,84168.07,84404.69,2245.06
2025-03-28 14:45:00,84404.69,84418.23,84153.49,84172.51,2082.3
2025-03-28 15:00:00,84172.51,84367.98,83963.54,84301.39,3192.83
2025-03-28 15:15:00,84301.39,84393.11,84054.5,84241.75,2006.06
2025-03-28 15:30:00,84241.75,84529.51,84205.51,84286.94,1849.88
2025-03-28 15:45:00,84286.94,84398.67,84048.5,84050.65,1634.6
2025-03-28 16:00:00,84050.65,84218.11,83890.06,83890.83,2040.54
2025-03-28 16:15:00,83890.83,84034.5,83671.41,83936.66,2308.82
2025-03-28 16:30:00,83936.66,84045.26,83868.06,83919.46,1985.61
2025-03-28 16:45:00,83919.46,83961.65,83754.02,83800.41,2126.29
2025-03-28 17:00:00,83800.41,83901.69,83584.5,83657.82,2096.15
2025-03-28 17:15:00,83657.82,83952.23,83612.69,83751.72,2048.83
2025-03-28 17:30:00,83751.72,83930.99,83677.5,83742.96,1936.05
2025-03-28 17:45:00,83742.96,84009.91,83714.28,84008.95,1745.22
2025-03-28 18:00:00,84008.95,84170.02,83971.19,84074.51,1878.72
2025-03-28 18:15:00,84074.51,84153.34,83787.41,83820.91,1754.2
2025-03-28 18:30:00,83820.91,83953.55,83751.62,83840.5,1481.07
2025-03-28 18:45:00,83840.5,83893.97,83719.5,83879.5,1752.01
2025-03-28 19:00:00,83879.5,83893.98,83677.06,83761.49,1721.72
2025-03-28 19:15:00,83761.49,83793.83,83635.86,83793.83,1630.15
2025-03-28 19:30:00,83793.83,83804.12,83644.78,83676.58,1502.21
2025-03-28 19:45:00,83676.58,83893.97,83658.88,83791.25,1683.8
2025-03-28 20:00:00,83791.25,83935.17,83720.35,83828.59,1716.28
2025-03-28 20:15:00,83828.59,83991.28,83819.58,83893.5,1476.91
2025-03-28 20:30:00,83893.5,84147.41,83872.17,84065.53,1174.17
2025-03-28 20:45:00,84065.53,84076.5,83713.78,83794.91,1391.73
2025-03-28 21:00:00,83794.91,84012.5,83698.83,83982.03,1296.53
2025-03-28 21:15:00,83982.03,84074.99,83808.67,84008.49,1276.02
2025-03-28 21:30:00,84008.49,84110.86,83951.39,84030.31,1081.35
2025-03-28 21:45:00,84030.31,84052.72,83839.88,84051.71,1145.02
2025-03-28 22:00:00,84051.71,84259.89,84051.71,84223.51,1309.84
2025-03-28 22:15:00,84223.51,84265.44,84134.5,84236.48,1265.47
2025-03-28 22:30:00,84236.48,84344.43,84236.48,84314.85,1231.15
2025-03-28 22:45:00,84314.85,84479.85,84314.07,84479.85,1268.1
2025-03-28 23:00:00,84479.85,84534.79,84287.88,84318.88,1444.39
2025-03-28 23:15:00,84318.88,84375.69,84207.04,84241.37,1146.86
2025-03-28 23:30:00,84241.37,84424.07,84199.52,84374.32,1240.17
2025-03-28 23:45:00,84374.32,84443.82,84353.78,84423.88,1290.07
2025-03-29 00:00:00,84423.88,84470.89,84361.14,84469.88,1235.17
2025-03-29 00:15:00,84469.88,84568.28,84436.01,84537.23,1265.46
2025-03-29 00:30:00,84537.23,84625.47,84487.5,84573.02,1292.73
2025-03-29 00:45:00,84573.02,84574.02,84352.99,84397.39,1355.96
2025-03-29 01:00:00,84397.39,84502.92,84374.79,84490.32,1192.95
2025-03-29 01:15:00,84490.32,84491.33,84216.5,84244.25,1297.79
2025-03-29 01:30:00,84244.25,84418.3,84243.25,84295.99,1220.68
2025-03-29 01:45:00,84295.99,84349.56,84223.32,84281.4,1168.05
2025-03-29 02:00:00,84281.4,84423.03,84281.4,84389.75,1111.9
2025-03-29 02:15:00,84389.75,84402.56,84139.01,84196.58,911.67
2025-03-29 02:30:00,84196.58,84285.29,84041.11,84047.26,963.69
2025-03-29 02:45:00,84047.26,84153.22,83827.23,83851.9,1434.33
2025-03-29 03:00:00,83851.9,83983.44,83709.0,83839.25,1895.16
2025-03-29 03:15:00,83839.25,84085.3,83839.25,84054.13,1314.19
2025-03-29 03:30:00,84054.13,84214.57,84054.13,84209.4,1114.65
2025-03-29 03:45:00,84209.4,84255.22,84153.84,84166.81,1111.58
2025-03-29 04:00:00,84166.81,84257.96,84116.37,84133.15,1108.47
2025-03-29 04:15:00,84133.15,84137.47,83993.32,84050.34,1010.9
2025-03-29 04:30:00,84050.34,84100.91,83990.8,84018.03,1101.99
2025-03-29 04:45:00,84018.03,84073.47,83968.32,84073.46,1350.33
2025-03-29 05:00:00,84073.46,84094.49,84004.29,84087.26,1124.57
2025-03-29 05:15:00,84087.26,84088.27,83931.0,83931.2,1129.86
2025-03-29 05:30:00,83931.2,83951.9,83857.72,83927.49,1113.15
2025-03-29 05:45:00,83927.49,84034.91,83925.58,84012.14,1252.88
2025-03-29 06:00:00,84012.14,84012.14,83786.17,83786.17,1113.67
2025-03-29 06:15:00,83786.17,83824.36,83672.24,83716.33,1580.52
2025-03-29 06:30:00,83716.33,83866.43,83716.31,83863.17,1322.98
2025-03-29 06:45:00,83863.17,83863.17,83721.56,83786.78,1429.05
2025-03-29 07:00:00,83786.78,83828.09,83666.16,83719.8,1330.78
2025-03-29 07:15:00,83719.8,83854.93,83677.53,83836.42,1348.55
2025-03-29 07:30:00,83836.42,83893.0,83718.14,83792.5,1542.42
2025-03-29 07:45:00,83792.5,83833.9,83662.36,83732.33,1584.0
2025-03-29 08:00:00,83732.33,83800.5,83666.14,83782.5,1413.25
2025-03-29 08:15:00,83782.5,83846.84,83708.19,83799.5,1389.56
2025-03-29 08:30:00,83799.5,83944.86,83796.5,83870.78,1206.25
2025-03-29 08:45:00,83870.78,83942.07,83850.37,83935.45,1215.74
2025-03-29 09:00:00,83935.45,83947.92,83837.09,83837.09,1147.53
2025-03-29 09:15:00,83837.09,83857.89,83730.69,83730.7,1273.83
2025-03-29 09:30:00,83730.7,83786.29,83267.15,83520.36,1358.89
2025-03-29 09:45:00,83520.36,83637.38,83325.5,83545.3,2072.6
2025-03-29 10:00:00,83545.3,83545.3,83284.5,83500.5,1802.95
2025-03-29 10:15:00,83500.5,83560.23,83375.66,83410.95,1459.38
2025-03-29 10:30:00,83410.95,83411.95,83256.19,83311.64,1635.62
2025-03-29 10:45:00,83311.64,83336.3,82820.35,82927.3,2222.74
2025-03-29 11:00:00,82927.3,83094.48,82850.39,83091.0,1900.35
2025-03-29 11:15:00,83091.0,83108.58,82387.16,82500.98,2598.65
2025-03-29 11:30:00,82500.98,82511.16,82029.89,82049.88,2883.6
2025-03-29 11:45:00,82049.88,82313.47,82007.63,82294.06,2216.69
2025-03-29 12:00:00,82294.06,82426.34,82144.72,82351.15,2199.72
2025-03-29 12:15:00,82351.15,82527.76,82280.95,82423.11,2050.81
2025-03-29 12:30:00,82423.11,82475.02,82228.75,82319.2,2083.94
2025-03-29 12:45:00,82319.2,82471.55,82287.78,82462.19,1746.42
2025-03-29 13:00:00,82462.19,82677.19,82453.94,82649.49,1715.48
2025-03-29 13:15:00,82649.49,82812.33,82589.5,82692.55,1537.71
2025-03-29 13:30:00,82692.55,82712.5,82561.0,82609.5,1610.85
2025-03-29 13:45:00,82609.5,82864.5,82609.5,82852.45,1489.95
2025-03-29 14:00:00,82852.45,82882.51,82661.5,82738.62,1541.46
2025-03-29 14:15:00,82738.62,82778.48,82458.5,82539.49,2033.33
2025-03-29 14:30:00,82539.49,82734.56,82509.03,82672.34,1480.94
2025-03-29 14:45:00,82672.34,82688.11,82503.03,82503.5,1474.62
2025-03-29 15:00:00,82503.5,82579.72,82478.89,82540.56,1354.64
2025-03-29 15:15:00,82540.56,82617.61,82491.07,82541.96,1400.17
2025-03-29 15:30:00,82541.96,82559.39,82391.3,82420.5,1314.25
2025-03-29 15:45:00,82420.5,82491.89,82382.7,82409.22,1430.1
2025-03-29 16:00:00,82409.22,82684.78,82409.22,82666.63,1662.42
2025-03-29 16:15:00,82666.63,82666.63,82403.84,82415.61,1698.45
2025-03-29 16:30:00,82415.61,82491.8,82334.5,82334.5,1311.9
2025-03-29 16:45:00,82334.5,82370.48,82172.69,82198.93,2029.61
2025-03-29 17:00:00,82198.93,82268.42,81880.37,81910.08,2801.36
2025-03-29 17:15:00,81910.08,82221.72,81644.32,82197.97,2678.31
2025-03-29 17:30:00,82197.97,82625.55,82131.94,82143.61,2697.65
2025-03-29 17:45:00,82143.61,82400.09,82087.5,82332.13,2102.21
2025-03-29 18:00:00,82332.13,82453.64,82214.38,82431.38,1865.87
2025-03-29 18:15:00,82431.38,82506.28,82349.5,82479.12,1638.03
2025-03-29 18:30:00,82479.12,82590.5,82445.5,82543.76,1900.77
2025-03-29 18:45:00,82543.76,82673.5,82341.67,82343.13,1570.71
2025-03-29 19:00:00,82343.13,82557.2,82258.08,82431.53,1348.17
2025-03-29 19:15:00,82431.53,82432.51,82229.92,82294.84,1357.3
2025-03-29 19:30:00,82294.84,82395.06,82209.09,82353.08,1440.98
2025-03-29 19:45:00,82353.08,82757.89,82276.32,82757.89,1326.56
2025-03-29 20:00:00,82757.89,82758.91,82483.75,82564.5,1507.98
2025-03-29 20:15:00,82564.5,82688.29,82511.5,82655.5,1173.83
2025-03-29 20:30:00,82655.5,82782.83,82570.92,82570.92,1337.49
2025-03-29 20:45:00,82570.92,82596.11,82421.72,82511.66,1405.02
2025-03-29 21:00:00,82511.66,82642.77,82425.36,82612.25,1404.74
2025-03-29 21:15:00,82612.25,82685.94,82526.84,82526.86,1078.54
2025-03-29 21:30:00,82526.86,82544.03,82354.02,82485.92,1346.05
2025-03-29 21:45:00,82485.92,82640.61,82438.38,82518.25,1178.46
2025-03-29 22:00:00,82518.25,82522.5,82424.95,82463.18,1257.02
2025-03-29 22:15:00,82463.18,82501.93,82408.28,82448.33,1109.27
2025-03-29 22:30:00,82448.33,82460.5,82349.5,82360.05,1087.73
2025-03-29 22:45:00,82360.05,82414.89,82259.5,82389.25,1458.26
2025-03-29 23:00:00,82389.25,82479.25,82341.5,82459.12,1191.17
2025-03-29 23:15:00,82459.12,82550.5,82431.88,82453.5,1156.9
2025-03-29 23:30:00,82453.5,82500.5,82403.84,82487.49,1022.42
2025-03-29 23:45:00,82487.49,82680.02,82469.52,82648.03,1078.06
2025-03-30 00:00:00,82648.03,82745.38,82565.5,82741.97,1428.89
2025-03-30 00:15:00,82741.97,82769.0,82603.64,82613.33,1188.52
2025-03-30 00:30:00,82613.33,82627.36,82499.5,82599.47,1277.18
2025-03-30 00:45:00,82599.47,82889.43,82587.0,82799.22,1697.6
2025-03-30 01:00:00,82799.22,83052.36,82762.22,83041.97,1804.65
2025-03-30 01:15:00,83041.97,83041.97,82911.61,82986.58,1573.81
2025-03-30 01:30:00,82986.58,83076.47,82897.73,82897.74,1424.52
2025-03-30 01:45:00,82897.74,82950.5,82813.5,82940.64,1373.24
2025-03-30 02:00:00,82940.64,83256.3,82925.17,83156.78,1521.66
2025-03-30 02:15:00,83156.78,83230.62,83085.87,83095.11,1158.01
2025-03-30 02:30:00,83095.11,83325.42,83049.5,83288.86,1401.69
2025-03-30 02:45:00,83288.86,83368.73,83236.57,83330.51,1363.6
2025-03-30 03:00:00,83330.51,83432.77,83317.14,83431.75,1315.77
2025-03-30 03:15:00,83431.75,83503.9,83344.12,83344.12,1240.02
2025-03-30 03:30:00,83344.12,83354.43,83150.05,83208.61,1219.62
2025-03-30 03:45:00,83208.61,83299.3,83048.38,83088.31,1978.79
2025-03-30 04:00:00,83088.31,83207.11,83088.31,83203.5,1308.94
2025-03-30 04:15:00,83203.5,83230.69,83078.44,83135.78,975.25
2025-03-30 04:30:00,83135.78,83217.5,83113.5,83206.61,1088.32
2025-03-30 04:45:00,83206.61,83314.92,83090.51,83109.31,1204.09
2025-03-30 05:00:00,83109.31,83133.78,83081.5,83129.2,1018.24
2025-03-30 05:15:00,83129.2,83206.75,83112.67,83182.0,879.31
2025-03-30 05:30:00,83182.0,83231.0,83114.25,83117.58,998.02
2025-03-30 05:45:00,83117.58,83118.55,82923.73,82958.8,1276.36
2025-03-30 06:00:00,82958.8,83042.58,82915.52,82997.66,1318.58
2025-03-30 06:15:00,82997.66,83005.64,82868.46,82868.46,1117.28
2025-03-30 06:30:00,82868.46,83174.2,82868.46,83163.36,1065.06
2025-03-30 06:45:00,83163.36,83300.84,83123.87,83177.64,1269.27
2025-03-30 07:00:00,83177.64,83321.66,83177.64,83320.64,1202.96
2025-03-30 07:15:00,83320.64,83321.66,83244.14,83263.97,1114.9
2025-03-30 07:30:00,83263.97,83272.33,83099.5,83100.5,1129.07
2025-03-30 07:45:00,83100.5,83135.26,83068.16,83076.09,1226.32
2025-03-30 08:00:00,83076.09,83262.37,83076.08,83261.37,1217.74
2025-03-30 08:15:00,83261.37,83287.5,83221.67,83223.37,1061.12
2025-03-30 08:30:00,83223.37,83346.97,83221.67,83265.51,988.84
2025-03-30 08:45:00,83265.51,83406.65,83264.5,83378.59,1308.28
2025-03-30 09:00:00,83378.59,83390.62,83301.53,83329.03,1308.98
2025-03-30 09:15:00,83329.03,83406.17,83255.33,83393.36,1031.43
2025-03-30 09:30:00,83393.36,83478.98,83392.36,83438.52,1153.53
2025-03-30 09:45:00,83438.52,83518.77,83437.5,83502.81,1005.8
2025-03-30 10:00:00,83502.81,83535.14,83447.38,83478.09,1186.0
2025-03-30 10:15:00,83478.09,83485.38,83127.56,83210.5,1589.96
2025-03-30 10:30:00,83210.5,83210.5,83063.67,83063.67,1469.21
2025-03-30 10:45:00,83063.67,83172.5,83061.0,83121.36,1471.34
2025-03-30 11:00:00,83121.36,83285.53,83105.97,83263.47,1455.79
2025-03-30 11:15:00,83263.47,83360.81,82974.86,83084.3,1342.6
2025-03-30 11:30:00,83084.3,83185.16,82984.6,83045.37,1598.35
2025-03-30 11:45:00,83045.37,83132.5,83013.5,83111.25,1254.88
2025-03-30 12:00:00,83111.25,83161.06,82986.25,83028.8,1205.55
2025-03-30 12:15:00,83028.8,83248.14,83019.74,83248.14,1192.83
2025-03-30 12:30:00,83248.14,83268.55,83032.64,83032.66,1204.12
2025-03-30 12:45:00,83032.66,83088.8,83007.99,83073.26,1320.03
2025-03-30 13:00:00,83073.26,83090.5,82970.08,83042.5,1458.01
2025-03-30 13:15:00,83042.5,83155.92,82885.63,82914.5,1264.79
2025-03-30 13:30:00,82914.5,82966.5,82576.42,82959.08,2119.51
2025-03-30 13:45:00,82959.08,82968.48,82675.5,82677.92,1726.71
2025-03-30 14:00:00,82677.92,82805.0,82609.3,82672.95,1845.63
2025-03-30 14:15:00,82672.95,82880.48,82636.78,82748.5,1531.78
2025-03-30 14:30:00,82748.5,82887.3,82701.5,82850.66,1509.86
2025-03-30 14:45:00,82850.66,83043.08,82779.48,82802.5,1554.6
2025-03-30 15:00:00,82802.5,82934.47,82787.81,82933.47,1381.1
2025-03-30 15:15:00,82933.47,83068.39,82818.46,82834.9,1272.46
2025-03-30 15:30:00,82834.9,82887.3,82766.49,82852.95,1154.87
2025-03-30 15:45:00,82852.95,82924.34,82714.37,82729.08,1480.35
2025-03-30 16:00:00,82729.08,82792.97,82699.5,82740.97,1396.26
2025-03-30 16:15:00,82740.97,82816.5,82652.0,82653.01,1212.75
2025-03-30 16:30:00,82653.01,82672.3,82322.77,82508.92,1804.97
2025-03-30 16:45:00,82508.92,82535.29,82173.41,82283.5,1772.19
2025-03-30 17:00:00,82283.5,82400.5,82051.14,82377.41,1846.24
2025-03-30 17:15:00,82377.41,82546.52,82325.31,82430.17,1583.79
2025-03-30 17:30:00,82430.17,82574.95,82374.89,82379.8,1128.54
2025-03-30 17:45:00,82379.8,82423.9,82286.82,82415.03,1280.78
2025-03-30 18:00:00,82415.03,82726.75,82415.03,82617.16,1512.59
2025-03-30 18:15:00,82617.16,82800.5,82560.73,82776.33,1352.37
2025-03-30 18:30:00,82776.33,82779.28,82571.5,82629.95,1229.83
2025-03-30 18:45:00,82629.95,82752.68,82629.95,82730.14,1431.53
2025-03-30 19:00:00,82730.14,82908.61,82681.38,82705.79,1600.28
2025-03-30 19:15:00,82705.79,82730.0,82583.88,82587.92,1168.99
2025-03-30 19:30:00,82587.92,82660.29,82587.92,82621.5,1156.75
2025-03-30 19:45:00,82621.5,82622.51,82547.2,82549.31,1112.02
2025-03-30 20:00:00,82549.31,82576.15,82393.24,82575.66,1210.0
2025-03-30 20:15:00,82575.66,82635.69,82503.03,82524.25,1057.99
2025-03-30 20:30:00,82524.25,82651.95,82524.25,82590.58,1119.57
2025-03-30 20:45:00,82590.58,82590.58,82510.25,82554.22,1072.61
2025-03-30 21:00:00,82554.22,82704.29,82554.22,82646.38,1031.62
2025-03-30 21:15:00,82646.38,82647.39,82583.5,82583.58,892.91
2025-03-30 21:30:00,82583.58,82584.59,82239.49,82272.97,1138.79
2025-03-30 21:45:00,82272.97,82364.64,82068.89,82239.5,1577.24
2025-03-30 22:00:00,82239.5,82243.02,81564.91,81907.38,2365.54
2025-03-30 22:15:00,81907.38,82246.55,81813.47,82226.11,1947.59
2025-03-30 22:30:00,82226.11,82758.19,82159.5,82527.5,2522.37
2025-03-30 22:45:00,82527.5,82626.51,82368.05,82438.5,1693.22
2025-03-30 23:00:00,82438.5,82443.44,82127.66,82233.87,1630.22
2025-03-30 23:15:00,82233.87,82253.22,81936.55,81967.97,1854.37
2025-03-30 23:30:00,81967.97,82355.5,81929.19,82320.25,1861.19
2025-03-30 23:45:00,82320.25,82400.59,82209.85,82390.5,1468.77
2025-03-31 00:00:00,82390.5,82445.39,82175.5,82281.05,2131.3
2025-03-31 00:15:00,82281.05,82308.83,81962.82,81989.17,1834.03
2025-03-31 00:30:00,81989.17,81993.28,81329.5,81362.01,2400.56
2025-03-31 00:45:00,81362.01,81708.19,81278.03,81647.67,2206.55
2025-03-31 01:00:00,81647.67,82053.44,81534.28,81923.47,2345.99
2025-03-31 01:15:00,81923.47,82263.86,81755.5,82171.86,2067.78
2025-03-31 01:30:00,82171.86,82187.47,81817.69,81973.5,2101.59
2025-03-31 01:45:00,81973.5,82016.5,81741.5,81948.58,1996.76
2025-03-31 02:00:00,81948.58,81975.27,81630.51,81751.67,1809.7
2025-03-31 02:15:00,81751.67,81943.9,81641.5,81714.25,1621.4
2025-03-31 02:30:00,81714.25,82002.68,81635.16,81939.5,1747.3
2025-03-31 02:45:00,81939.5,82168.59,81887.5,81922.8,1661.97
2025-03-31 03:00:00,81922.8,82030.68,81667.5,81691.47,1382.6
2025-03-31 03:15:00,81691.47,81848.5,81546.61,81813.0,1479.81
2025-03-31 03:30:00,81813.0,81928.41,81679.5,81695.5,1357.2
2025-03-31 03:45:00,81695.5,81712.55,81467.5,81530.5,1459.6
2025-03-31 04:00:00,81530.5,81753.92,81528.6,81692.83,1411.89
2025-03-31 04:15:00,81692.83,81701.0,81399.2,81511.5,1359.25
2025-03-31 04:30:00,81511.5,81723.14,81476.5,81678.51,1438.18
2025-03-31 04:45:00,81678.51,81880.15,81665.72,81845.5,1435.42
2025-03-31 05:00:00,81845.5,82212.5,81830.14,82184.21,1773.6
2025-03-31 05:15:00,82184.21,82306.08,82069.39,82187.47,1594.79
2025-03-31 05:30:00,82187.47,82197.22,82029.03,82160.51,1409.6
2025-03-31 05:45:00,82160.51,82260.56,82104.67,82166.48,1269.44
2025-03-31 06:00:00,82166.48,82268.65,82042.93,82086.38,1499.31
2025-03-31 06:15:00,82086.38,82202.64,81938.05,81974.25,1287.14
2025-03-31 06:30:00,81974.25,82073.78,81918.88,82068.19,1453.75
2025-03-31 06:45:00,82068.19,82090.51,81944.94,82053.33,1411.76
2025-03-31 07:00:00,82053.33,82304.08,82044.95,82062.16,1794.76
2025-03-31 07:15:00,82062.16,82100.47,81912.84,82028.97,1743.57
2025-03-31 07:30:00,82028.97,82057.02,81785.03,81825.19,1842.66
2025-03-31 07:45:00,81825.19,81934.01,81730.25,81934.0,1874.54
2025-03-31 08:00:00,81934.0,82251.0,81907.7,82162.86,1932.35
2025-03-31 08:15:00,82162.86,82210.38,82019.84,82185.97,1264.48
2025-03-31 08:30:00,82185.97,82264.7,82073.13,82073.13,1368.08
2025-03-31 08:45:00,82073.13,82152.36,81880.36,81896.75,1370.36
2025-03-31 09:00:00,81896.75,81960.66,81535.28,81582.51,1740.65
2025-03-31 09:15:00,81582.51,81735.5,81453.73,81509.28,1847.87
2025-03-31 09:30:00,81509.28,81578.31,81368.69,81496.3,2065.65
2025-03-31 09:45:00,81496.3,81516.0,81339.16,81454.72,1809.82
2025-03-31 10:00:00,81454.72,81598.8,81290.39,81476.5,2008.85
2025-03-31 10:15:00,81476.5,81793.54,81434.63,81764.17,1917.37
2025-03-31 10:30:00,81764.17,81940.5,81699.5,81925.51,1783.65
2025-03-31 10:45:00,81925.51,82216.41,81924.5,82173.66,1873.14
2025-03-31 11:00:00,82173.66,82219.72,82000.89,82125.0,1745.93
2025-03-31 11:15:00,82125.0,82237.5,81963.35,81969.07,1730.85
2025-03-31 11:30:00,81969.07,82054.97,81892.53,82038.36,1606.34
2025-03-31 11:45:00,82038.36,82272.5,82026.0,82205.0,1759.33
2025-03-31 12:00:00,82205.0,82284.5,82001.86,82003.16,1909.39
2025-03-31 12:15:00,82003.16,82151.64,81899.49,82130.18,1835.71
2025-03-31 12:30:00,82130.18,82528.11,82042.46,82491.81,2274.16
2025-03-31 12:45:00,82491.81,83163.05,82392.02,82768.24,3153.85
2025-03-31 13:00:00,82768.24,82863.61,82610.77,82656.86,2460.42
2025-03-31 13:15:00,82656.86,82737.31,82444.92,82554.31,1940.39
2025-03-31 13:30:00,82554.31,82613.78,81758.71,81912.47,3704.48
2025-03-31 13:45:00,81912.47,82780.5,81655.5,82507.49,3677.73
2025-03-31 14:00:00,82507.49,83422.75,82507.49,83338.05,3789.18
2025-03-31 14:15:00,83338.05,83599.5,82822.42,82823.44,3114.97
2025-03-31 14:30:00,82823.44,83480.33,82823.44,83173.75,3111.18
2025-03-31 14:45:00,83173.75,83746.73,83168.17,83500.5,3118.68
2025-03-31 15:00:00,83500.5,83827.28,83405.16,83440.54,2985.11
2025-03-31 15:15:00,83440.54,83925.73,83437.95,83629.13,2598.76
2025-03-31 15:30:00,83629.13,83751.0,83439.98,83503.27,2513.16
2025-03-31 15:45:00,83503.27,83709.0,83390.81,83419.27,2030.62
2025-03-31 16:00:00,83419.27,83694.93,83269.67,83340.5,1990.59
2025-03-31 16:15:00,83340.5,83620.5,83282.5,83613.38,2021.53
2025-03-31 16:30:00,83613.38,83614.37,83333.45,83376.66,1954.59
2025-03-31 16:45:00,83376.66,83500.5,83247.87,83289.39,2016.11
2025-03-31 17:00:00,83289.39,83546.05,83255.91,83466.23,1733.33
2025-03-31 17:15:00,83466.23,83468.88,83207.5,83298.58,1672.69
2025-03-31 17:30:00,83298.58,83387.61,82776.0,82806.8,2022.62
2025-03-31 17:45:00,82806.8,82832.5,82574.95,82680.84,2089.94
2025-03-31 18:00:00,82680.84,83285.55,82675.5,83152.52,2238.39
2025-03-31 18:15:00,83152.52,83350.5,83084.95,83349.5,1954.49
2025-03-31 18:30:00,83349.5,83567.0,83299.22,83418.25,1953.45
2025-03-31 18:45:00,83418.25,83528.04,83270.75,83290.92,2008.03
2025-03-31 19:00:00,83290.92,83443.88,83273.42,83367.44,1862.82
2025-03-31 19:15:00,83367.44,83370.25,82933.5,82937.36,1771.6
2025-03-31 19:30:00,82937.36,83040.5,82795.16,82806.61,1902.48
2025-03-31 19:45:00,82806.61,82806.61,82399.5,82451.2,2245.58
2025-03-31 20:00:00,82451.2,82693.98,82364.5,82591.5,1758.34
2025-03-31 20:15:00,82591.5,82800.94,82564.56,82773.19,1529.65
2025-03-31 20:30:00,82773.19,82841.28,82675.81,82746.19,1501.94
2025-03-31 20:45:00,82746.19,82753.72,82370.77,82431.83,1525.63
2025-03-31 21:00:00,82431.83,82560.5,82421.5,82556.83,1311.76
2025-03-31 21:15:00,82556.83,82752.68,82500.53,82577.12,1458.76
2025-03-31 21:30:00,82577.12,82699.11,82546.64,82617.5,1387.8
2025-03-31 21:45:00,82617.5,82695.83,82499.5,82563.49,1506.88
2025-03-31 22:00:00,82563.49,82572.48,82403.84,82419.64,1484.48
2025-03-31 22:15:00,82419.64,82419.64,82264.6,82360.59,1297.04
2025-03-31 22:30:00,82360.59,82402.69,82283.5,82332.5,1126.24
2025-03-31 22:45:00,82332.5,82412.29,82290.52,82409.5,1128.52
2025-03-31 23:00:00,82409.5,82639.33,82387.71,82540.5,1356.73
2025-03-31 23:15:00,82540.5,82873.63,82328.75,82347.81,1616.99
2025-03-31 23:30:00,82347.81,82542.5,82283.39,82473.04,1558.06
2025-03-31 23:45:00,82473.04,82589.11,82395.87,82549.5,1239.01
2025-04-01 00:00:00,82549.5,82713.04,82482.99,82482.99,1471.56
2025-04-01 00:15:00,82482.99,82750.52,82432.24,82639.5,1385.05
2025-04-01 00:30:00,82639.5,82735.59,82542.77,82726.67,1271.63
2025-04-01 00:45:00,82726.67,82831.28,82566.45,82650.59,1895.05
2025-04-01 01:00:00,82650.59,82677.38,82459.5,82567.63,1939.64
2025-04-01 01:15:00,82567.63,82724.5,82508.63,82705.28,1214.64
2025-04-01 01:30:00,82705.28,82741.3,82548.34,82577.77,1359.29
2025-04-01 01:45:00,82577.77,82741.16,82577.77,82703.7,1166.72
2025-04-01 02:00:00,82703.7,82845.61,82648.84,82844.59,1291.19
2025-04-01 02:15:00,82844.59,83020.81,82844.59,82893.27,1527.1
2025-04-01 02:30:00,82893.27,82957.36,82795.14,82949.5,1309.45
2025-04-01 02:45:00,82949.5,83120.17,82882.1,83099.5,1775.59
2025-04-01 03:00:00,83099.5,83200.5,83031.22,83180.3,1484.02
2025-04-01 03:15:00,83180.3,83257.8,83084.61,83085.62,1453.72
2025-04-01 03:30:00,83085.62,83122.5,82990.78,83005.5,1301.85
2025-04-01 03:45:00,83005.5,83085.56,82925.58,82962.34,1062.79
2025-04-01 04:00:00,82962.34,83023.75,82899.5,82935.48,1007.81
2025-04-01 04:15:00,82935.48,83055.51,82886.38,83047.12,1285.15
2025-04-01 04:30:00,83047.12,83236.45,83047.12,83167.58,1157.97
2025-04-01 04:45:00,83167.58,83168.8,83056.02,83059.5,1103.54
2025-04-01 05:00:00,83059.5,83170.33,83012.89,83169.32,1043.69
2025-04-01 05:15:00,83169.32,83330.48,83169.31,83291.36,1358.1
2025-04-01 05:30:00,83291.36,83329.81,83127.53,83171.0,1180.15
2025-04-01 05:45:00,83171.0,83186.56,82993.58,83006.17,1103.71
2025-04-01 06:00:00,83006.17,83050.48,82891.22,82990.89,1426.33
2025-04-01 06:15:00,82990.89,83135.58,82967.89,83135.08,1227.76
2025-04-01 06:30:00,83135.08,83386.5,83117.53,83355.62,1459.01
2025-04-01 06:45:00,83355.62,83494.75,83294.09,83446.92,1609.81
2025-04-01 07:00:00,83446.92,83514.76,83380.08,83509.5,1506.79
2025-04-01 07:15:00,83509.5,83569.42,83386.56,83450.5,1432.35
2025-04-01 07:30:00,83450.5,83597.58,83405.14,83531.88,1486.53
2025-04-01 07:45:00,83531.88,83586.5,83438.48,83444.99,1333.44
2025-04-01 08:00:00,83444.99,83700.5,83415.5,83696.02,1468.44
2025-04-01 08:15:00,83696.02,84022.49,83696.02,83914.33,1823.96
2025-04-01 08:30:00,83914.33,84180.49,83914.33,83990.01,2014.79
2025-04-01 08:45:00,83990.01,84208.05,83990.01,84121.44,1680.64
2025-04-01 09:00:00,84121.44,84324.41,84115.77,84156.12,1813.68
2025-04-01 09:15:00,84156.12,84291.7,84136.26,84225.73,1715.44
2025-04-01 09:30:00,84225.73,84364.1,84203.96,84336.5,1562.42
2025-04-01 09:45:00,84336.5,84395.96,84263.6,84362.5,1351.3
2025-04-01 10:00:00,84362.5,84394.98,84161.93,84284.38,1718.84
2025-04-01 10:15:00,84284.38,84505.23,84284.38,84430.08,1580.66
2025-04-01 10:30:00,84430.08,84441.94,84178.31,84244.93,1883.6
2025-04-01 10:45:00,84244.93,84348.5,84153.79,84175.49,1582.24
2025-04-01 11:00:00,84175.49,84203.5,83959.38,84096.51,1697.47
2025-04-01 11:15:00,84096.51,84173.73,83983.49,84048.49,1386.8
2025-04-01 11:30:00,84048.49,84048.49,83823.17,83982.52,1668.27
2025-04-01 11:45:00,83982.52,84051.0,83877.97,83929.81,2117.07
2025-04-01 12:00:00,83929.81,84133.43,83924.02,84098.48,1428.96
2025-04-01 12:15:00,84098.48,84154.72,83917.66,84074.0,1431.43
2025-04-01 12:30:00,84074.0,84074.0,83680.62,83750.5,1654.65
2025-04-01 12:45:00,83750.5,83811.77,83614.75,83614.75,1624.88
2025-04-01 13:00:00,83614.75,83822.39,83595.5,83777.17,1893.56
2025-04-01 13:15:00,83777.17,83777.17,83614.5,83680.5,1826.54
2025-04-01 13:30:00,83680.5,83829.66,83416.16,83733.77,3286.05
2025-04-01 13:45:00,83733.77,83908.9,83531.5,83714.5,2945.79
2025-04-01 14:00:00,83714.5,83714.5,82646.55,82795.61,3493.2
2025-04-01 14:15:00,82795.61,83056.78,82543.5,82969.62,3031.01
2025-04-01 14:30:00,82969.62,83654.37,82939.5,83507.5,2867.64
2025-04-01 14:45:00,83507.5,84349.56,83433.17,84195.41,2527.64
2025-04-01 15:00:00,84195.41,84906.5,84183.39,84906.49,2742.11
2025-04-01 15:15:00,84906.49,85227.76,84698.5,84753.33,2928.32
2025-04-01 15:30:00,84753.33,85332.24,84750.97,85331.74,2685.23
2025-04-01 15:45:00,85331.74,85498.62,85208.94,85280.55,2413.84
2025-04-01 16:00:00,85280.55,85493.49,85105.49,85180.24,2538.87
2025-04-01 16:15:00,85180.24,85267.76,84820.38,84919.49,2261.89
2025-04-01 16:30:00,84919.49,85137.28,84814.5,84944.13,2187.21
2025-04-01 16:45:00,84944.13,85286.2,84891.04,85120.49,1899.28
2025-04-01 17:00:00,85120.49,85149.49,84900.82,85138.48,1845.69
2025-04-01 17:15:00,85138.48,85156.27,84915.5,85132.56,1758.2
2025-04-01 17:30:00,85132.56,85268.84,85093.4,85113.49,1834.87
2025-04-01 17:45:00,85113.49,85333.83,85103.27,85117.35,1617.59
2025-04-01 18:00:00,85117.35,85135.16,84768.04,84862.5,1853.76
2025-04-01 18:15:00,84862.5,84959.23,84719.5,84904.69,1650.76
2025-04-01 18:30:00,84904.69,85183.95,84858.51,85135.79,1848.33
2025-04-01 18:45:00,85135.79,85156.95,84921.49,85126.18,1971.24
2025-04-01 19:00:00,85126.18,85172.2,85012.54,85125.71,1672.81
2025-04-01 19:15:00,85125.71,85184.38,84923.74,84923.74,1406.47
2025-04-01 19:30:00,84923.74,85070.5,84861.5,84993.12,1534.68
2025-04-01 19:45:00,84993.12,85113.79,84816.33,84971.5,1650.11
2025-04-01 20:00:00,84971.5,85012.35,84774.05,84981.05,1316.08
2025-04-01 20:15:00,84981.05,85104.27,84942.08,84966.59,1242.36
2025-04-01 20:30:00,84966.59,85052.5,84852.65,85022.21,1189.88
2025-04-01 20:45:00,85022.21,85350.1,85010.75,85230.52,1479.64
2025-04-01 21:00:00,85230.52,85332.93,85119.51,85292.96,1383.8
2025-04-01 21:15:00,85292.96,85292.96,85174.5,85183.5,1097.63
2025-04-01 21:30:00,85183.5,85477.41,85134.77,85360.24,1454.03
2025-04-01 21:45:00,85360.24,85373.15,85180.22,85223.33,1222.95
2025-04-01 22:00:00,85223.33,85482.87,85148.42,85377.82,1463.44
2025-04-01 22:15:00,85377.82,85387.05,85213.05,85227.25,1224.56
2025-04-01 22:30:00,85227.25,85324.5,85168.29,85209.04,1238.28
2025-04-01 22:45:00,85209.04,85338.73,85089.2,85099.49,1205.92
2025-04-01 23:00:00,85099.49,85127.46,84969.07,85056.1,1246.13
2025-04-01 23:15:00,85056.1,85345.51,85056.1,85344.17,1204.58
2025-04-01 23:30:00,85344.17,85567.1,85207.93,85247.05,1396.36
2025-04-01 23:45:00,85247.05,85250.85,85150.28,85155.4,1138.59
2025-04-02 00:00:00,85155.4,85256.45,85103.27,85107.62,1493.91
2025-04-02 00:15:00,85107.62,85238.0,85062.71,85062.72,1447.24
2025-04-02 00:30:00,85062.72,85143.42,85030.63,85030.64,1310.64
2025-04-02 00:45:00,85030.64,85123.45,84922.78,84963.98,1428.93
2025-04-02 01:00:00,84963.98,85082.47,84854.41,84893.74,1629.12
2025-04-02 01:15:00,84893.74,85032.08,84869.96,84931.58,1300.85
2025-04-02 01:30:00,84931.58,85213.62,84908.35,85169.5,1356.41
2025-04-02 01:45:00,85169.5,85181.58,85023.03,85147.8,1349.29
2025-04-02 02:00:00,85147.8,85172.5,84649.3,84749.61,1821.2
2025-04-02 02:15:00,84749.61,84868.4,84663.52,84804.14,1501.65
2025-04-02 02:30:00,84804.14,84894.62,84649.5,84670.5,1355.29
2025-04-02 02:45:00,84670.5,84860.5,84669.08,84714.86,1324.42
2025-04-02 03:00:00,84714.86,84904.5,84705.72,84839.49,1255.21
2025-04-02 03:15:00,84839.49,84894.05,84664.72,84713.48,1241.81
2025-04-02 03:30:00,84713.48,84803.37,84504.72,84599.49,1318.84
2025-04-02 03:45:00,84599.49,84640.5,84549.5,84549.5,1181.18
2025-04-02 04:00:00,84549.5,84704.0,84516.5,84696.03,1295.51
2025-04-02 04:15:00,84696.03,84726.92,84605.44,84623.9,1210.16
2025-04-02 04:30:00,84623.9,84623.9,84474.63,84474.96,1139.54
2025-04-02 04:45:00,84474.96,84634.3,84459.61,84606.56,1089.6
2025-04-02 05:00:00,84606.56,84606.56,84369.83,84369.83,1194.93
2025-04-02 05:15:00,84369.83,84371.33,84184.5,84244.01,1502.83
2025-04-02 05:30:00,84244.01,84349.56,84164.51,84196.5,1391.04
2025-04-02 05:45:00,84196.5,84230.94,84099.5,84100.5,1343.68
2025-04-02 06:00:00,84100.5,84151.82,83910.19,83994.55,1368.52
2025-04-02 06:15:00,83994.55,84173.51,83945.81,84138.64,1454.07
2025-04-02 06:30:00,84138.64,84372.09,84051.55,84320.13,1285.82
2025-04-02 06:45:00,84320.13,84320.13,84121.83,84126.5,1240.42
2025-04-02 07:00:00,84126.5,84232.33,84031.42,84039.3,1226.05
2025-04-02 07:15:00,84039.3,84253.46,84015.48,84149.5,1351.26
2025-04-02 07:30:00,84149.5,84456.34,84124.5,84253.49,1656.87
2025-04-02 07:45:00,84253.49,84462.65,84197.77,84426.83,1379.78
2025-04-02 08:00:00,84426.83,84426.83,84311.08,84333.15,1413.97
2025-04-02 08:15:00,84333.15,84604.49,84262.23,84570.9,1519.79
2025-04-02 08:30:00,84570.9,84733.54,84529.71,84684.87,1391.36
2025-04-02 08:45:00,84684.87,84760.68,84608.94,84676.54,1243.42
2025-04-02 09:00:00,84676.54,85449.5,84635.1,85311.34,2414.34
2025-04-02 09:15:00,85311.34,85360.5,84924.74,85083.49,1679.28
2025-04-02 09:30:00,85083.49,85189.73,84979.49,85017.15,1505.08
2025-04-02 09:45:00,85017.15,85104.28,84954.56,85019.13,1387.47
2025-04-02 10:00:00,85019.13,85190.49,84930.02,85122.88,1604.06
2025-04-02 10:15:00,85122.88,85299.95,85044.97,85102.64,1375.56
2025-04-02 10:30:00,85102.64,85103.07,84907.14,85021.27,1332.01
2025-04-02 10:45:00,85021.27,85067.12,84829.51,84867.43,1814.0
2025-04-02 11:00:00,84867.43,84966.5,84749.72,84872.56,1378.32
2025-04-02 11:15:00,84872.56,84986.27,84820.46,84821.45,1285.5
2025-04-02 11:30:00,84821.45,84882.32,84628.22,84726.92,1442.4
2025-04-02 11:45:00,84726.92,84759.67,84546.58,84566.43,1275.01
2025-04-02 12:00:00,84566.43,84774.85,84463.19,84758.83,1587.42
2025-04-02 12:15:00,84758.83,84799.03,84569.5,84572.51,1596.98
2025-04-02 12:30:00,84572.51,84995.83,84572.51,84969.07,1768.79
2025-04-02 12:45:00,84969.07,85055.28,84801.88,85050.49,1536.33
2025-04-02 13:00:00,85050.49,85050.5,84843.5,84856.51,1701.15
2025-04-02 13:15:00,84856.51,84880.49,84614.09,84628.74,1552.25
2025-04-02 13:30:00,84628.74,85512.87,84472.62,85464.48,3231.58
2025-04-02 13:45:00,85464.48,86000.0,85232.75,85263.05,3386.01
2025-04-02 14:00:00,85263.05,85807.73,85190.5,85435.48,3054.83
2025-04-02 14:15:00,85435.48,85764.66,85326.91,85736.75,2610.16
2025-04-02 14:30:00,85736.75,85892.32,85445.11,85574.97,2484.85
2025-04-02 14:45:00,85574.97,85986.51,85527.81,85878.24,2032.33
2025-04-02 15:00:00,85878.24,86465.74,85810.71,86199.5,2631.96
2025-04-02 15:15:00,86199.5,86623.09,86189.5,86556.66,2725.92
2025-04-02 15:30:00,86556.66,87333.49,86549.5,87179.13,4534.58
2025-04-02 15:45:00,87179.13,87282.2,86660.83,86758.16,5051.1
2025-04-02 16:00:00,86758.16,86942.34,86589.08,86886.84,3085.18
2025-04-02 16:15:00,86886.84,87023.51,86785.04,87013.07,2076.64
2025-04-02 16:30:00,87013.07,87111.06,86796.0,87020.15,1999.74
2025-04-02 16:45:00,87020.15,87221.48,86915.41,87064.68,2227.93
2025-04-02 17:00:00,87064.68,87330.89,86955.22,87224.5,4525.17
2025-04-02 17:15:00,87224.5,87250.79,86749.5,86761.86,2117.12
2025-04-02 17:30:00,86761.86,86837.04,86415.92,86580.49,2233.34
2025-04-02 17:45:00,86580.49,86727.66,86349.5,86615.83,1952.56
2025-04-02 18:00:00,86615.83,86729.14,86389.31,86518.44,1984.75
2025-04-02 18:15:00,86518.44,86596.0,86235.96,86235.96,1764.03
2025-04-02 18:30:00,86235.96,86660.5,86211.9,86580.07,1794.38
2025-04-02 18:45:00,86580.07,86619.49,86286.52,86286.52,1559.61
2025-04-02 19:00:00,86286.52,86453.44,86249.1,86272.23,1714.61
2025-04-02 19:15:00,86272.23,86400.5,86185.7,86350.59,1649.33
2025-04-02 19:30:00,86350.59,86482.5,86237.23,86406.5,1614.52
2025-04-02 19:45:00,86406.5,87000.49,86336.95,86899.51,1942.89
2025-04-02 20:00:00,86899.51,88037.03,86064.38,87789.75,2777.11
2025-04-02 20:15:00,87789.75,88500.49,85507.2,85889.62,5329.85
2025-04-02 20:30:00,85889.62,86362.01,85229.49,85369.5,4515.59
2025-04-02 20:45:00,85369.5,85855.49,85231.69,85659.5,3034.98
2025-04-02 21:00:00,85659.5,85739.73,84480.5,84550.52,2685.15
2025-04-02 21:15:00,84550.52,84920.99,84231.85,84622.24,2645.57
2025-04-02 21:30:00,84622.24,84689.5,84399.5,84626.45,1833.24
2025-04-02 21:45:00,84626.45,84890.06,84441.35,84858.56,1661.33
2025-04-02 22:00:00,84858.56,84858.56,83582.94,83684.36,3332.67
2025-04-02 22:15:00,83684.36,83684.36,83291.5,83481.5,3184.87
2025-04-02 22:30:00,83481.5,83481.5,82716.69,82737.3,3333.18
2025-04-02 22:45:00,82737.3,83126.5,82685.54,82822.09,3090.95
2025-04-02 23:00:00,82822.09,82822.09,82323.05,82714.79,4749.36
2025-04-02 23:15:00,82714.79,82844.92,82463.25,82843.11,2374.81
2025-04-02 23:30:00,82843.11,82843.11,82516.47,82658.24,2091.08
2025-04-02 23:45:00,82658.24,82659.25,82485.5,82516.78,1820.14
2025-04-03 00:00:00,82516.78,82800.13,82175.49,82756.33,2822.84
2025-04-03 00:15:00,82756.33,83276.33,82703.95,82958.5,2450.87
2025-04-03 00:30:00,82958.5,83413.53,82958.5,83213.5,2314.21
2025-04-03 00:45:00,83213.5,83257.77,82949.5,83228.05,1935.41
2025-04-03 01:00:00,83228.05,83400.23,83099.5,83355.14,2018.53
2025-04-03 01:15:00,83355.14,83492.83,83163.6,83482.64,1827.81
2025-04-03 01:30:00,83482.64,83723.76,83396.19,83714.92,2107.93
2025-04-03 01:45:00,83714.92,83950.52,83690.94,83761.12,1985.58
2025-04-03 02:00:00,83761.12,83894.41,83576.5,83714.86,1992.08
2025-04-03 02:15:00,83714.86,83749.05,83312.64,83423.54,1810.1
2025-04-03 02:30:00,83423.54,83667.14,83278.49,83502.0,1948.91
2025-04-03 02:45:00,83502.0,83779.98,83499.5,83768.51,1561.8
2025-04-03 03:00:00,83768.51,83783.48,83470.14,83488.38,1471.84
2025-04-03 03:15:00,83488.38,83692.72,83475.5,83608.14,1449.15
2025-04-03 03:30:00,83608.14,83689.18,83349.14,83409.48,1399.83
2025-04-03 03:45:00,83409.48,83585.38,83408.48,83483.47,1441.56
2025-04-03 04:00:00,83483.47,83561.37,83355.62,83428.61,1460.51
2025-04-03 04:15:00,83428.61,83452.84,83268.13,83322.77,1376.92
2025-04-03 04:30:00,83322.77,83735.35,83275.91,83704.97,1579.87
2025-04-03 04:45:00,83704.97,83704.98,83539.92,83558.31,1418.0
2025-04-03 05:00:00,83558.31,83709.88,83549.5,83610.27,1372.9
2025-04-03 05:15:00,83610.27,83649.5,83449.5,83504.31,1240.42
2025-04-03 05:30:00,83504.31,83510.16,83347.75,83510.16,1222.94
2025-04-03 05:45:00,83510.16,83527.36,83343.24,83344.25,1298.88
2025-04-03 06:00:00,83344.25,83415.97,83299.5,83336.98,1339.44
2025-04-03 06:15:00,83336.98,83383.52,83207.52,83296.27,1338.99
2025-04-03 06:30:00,83296.27,83315.7,83156.5,83247.48,1387.14
2025-04-03 06:45:00,83247.48,83371.12,83008.25,83059.15,1482.58
2025-04-03 07:00:00,83059.15,83294.5,83028.03,83094.92,1738.21
2025-04-03 07:15:00,83094.92,83410.5,83001.5,83401.5,1766.57
2025-04-03 07:30:00,83401.5,83422.65,83181.04,83334.87,1682.48
2025-04-03 07:45:00,83334.87,83498.61,83258.25,83457.25,1604.55
2025-04-03 08:00:00,83457.25,83667.16,83456.25,83641.5,2072.84
2025-04-03 08:15:00,83641.5,83719.58,83563.37,83654.55,1721.19
2025-04-03 08:30:00,83654.55,83778.52,83529.82,83688.5,1511.5
2025-04-03 08:45:00,83688.5,83719.0,83546.67,83679.5,1525.56
2025-04-03 09:00:00,83679.5,83766.19,83595.39,83606.41,1470.88
2025-04-03 09:15:00,83606.41,83688.17,83599.5,83632.81,1331.8
2025-04-03 09:30:00,83632.81,83759.42,83631.81,83745.5,1280.52
2025-04-03 09:45:00,83745.5,83746.5,83449.42,83482.55,1305.23
2025-04-03 10:00:00,83482.55,83750.5,83457.1,83627.37,1589.02
2025-04-03 10:15:00,83627.37,83723.12,83293.22,83311.52,1966.17
2025-04-03 10:30:00,83311.52,83416.28,83151.75,83366.62,2101.09
2025-04-03 10:45:00,83366.62,83484.16,83216.5,83219.52,1781.33
2025-04-03 11:00:00,83219.52,83347.89,83062.21,83338.0,1773.39
2025-04-03 11:15:00,83338.0,83338.0,83074.97,83147.74,1753.71
2025-04-03 11:30:00,83147.74,83241.05,83046.84,83178.19,1614.75
2025-04-03 11:45:00,83178.19,83228.62,83046.05,83096.52,1632.9
2025-04-03 12:00:00,83096.52,83148.45,82867.46,83011.5,1957.25
2025-04-03 12:15:00,83011.5,83011.5,82540.56,82565.75,2122.46
2025-04-03 12:30:00,82565.75,82702.14,82187.5,82188.51,2635.0
2025-04-03 12:45:00,82188.51,82265.63,81888.8,81949.55,3968.51
2025-04-03 13:00:00,81949.55,82072.5,81800.0,81922.57,2936.96
2025-04-03 13:15:00,81922.57,82054.11,81801.49,81999.5,2599.95
2025-04-03 13:30:00,81999.5,82791.15,81942.5,82369.18,4491.6
2025-04-03 13:45:00,82369.18,82586.86,82149.5,82373.08,3741.89
2025-04-03 14:00:00,82373.08,82390.64,81658.2,81788.87,3621.68
2025-04-03 14:15:00,81788.87,82309.39,81788.87,82300.5,3287.36
2025-04-03 14:30:00,82300.5,82390.58,81748.35,81811.83,3273.74
2025-04-03 14:45:00,81811.83,81827.75,81314.11,81534.83,2981.18
2025-04-03 15:00:00,81534.83,81810.38,81212.25,81632.83,3017.9
2025-04-03 15:15:00,81632.83,81898.04,81570.94,81715.22,2605.59
2025-04-03 15:30:00,81715.22,82040.5,81714.2,81991.73,2650.35
2025-04-03 15:45:00,81991.73,82097.12,81684.36,82039.81,2223.71
2025-04-03 16:00:00,82039.81,82447.7,81979.5,82148.86,2517.63
2025-04-03 16:15:00,82148.86,82325.25,82043.16,82289.02,2385.5
2025-04-03 16:30:00,82289.02,82350.27,81916.05,82022.38,2208.27
2025-04-03 16:45:00,82022.38,82044.86,81716.53,81829.64,2074.81
2025-04-03 17:00:00,81829.64,82036.63,81769.53,81853.78,2146.9
2025-04-03 17:15:00,81853.78,81965.08,81673.5,81775.44,1996.06
2025-04-03 17:30:00,81775.44,82144.58,81630.25,82099.5,2109.88
2025-04-03 17:45:00,82099.5,82168.65,81809.6,81830.51,1797.61
2025-04-03 18:00:00,81830.51,81960.33,81680.11,81694.47,1864.54
2025-04-03 18:15:00,81694.47,81765.5,81539.5,81678.53,1781.55
2025-04-03 18:30:00,81678.53,82164.47,81604.5,82144.16,2183.33
2025-04-03 18:45:00,82144.16,82318.75,81999.83,82108.95,1895.95
2025-04-03 19:00:00,82108.95,82361.91,82077.09,82193.5,1978.02
2025-04-03 19:15:00,82193.5,82197.8,81829.08,81932.43,1963.16
2025-04-03 19:30:00,81932.43,82270.47,81890.6,82267.8,2136.33
2025-04-03 19:45:00,82267.8,82272.5,81918.3,82001.49,1947.6
2025-04-03 20:00:00,82001.49,82140.5,81872.77,82032.22,1771.9
2025-04-03 20:15:00,82032.22,82070.15,81806.25,81820.97,1400.14
2025-04-03 20:30:00,81820.97,82107.84,81799.5,82106.33,1758.99
2025-04-03 20:45:00,82106.33,82421.54,82106.33,82364.5,1515.71
2025-04-03 21:00:00,82364.5,82570.51,82333.37,82508.92,1515.35
2025-04-03 21:15:00,82508.92,82589.28,82437.75,82542.51,914.56
2025-04-03 21:30:00,82542.51,82542.51,82402.0,82538.28,1218.11
2025-04-03 21:45:00,82538.28,82864.5,82443.86,82718.04,1490.52
2025-04-03 22:00:00,82718.04,82869.48,82589.35,82776.22,1668.95
2025-04-03 22:15:00,82776.22,82850.92,82708.67,82770.0,1309.21
2025-04-03 22:30:00,82770.0,82868.63,82641.67,82689.86,1301.55
2025-04-03 22:45:00,82689.86,82788.5,82652.91,82742.97,1386.74
2025-04-03 23:00:00,82742.97,82816.65,82510.33,82594.75,1393.13
2025-04-03 23:15:00,82594.75,82824.5,82534.28,82814.5,1296.7
2025-04-03 23:30:00,82814.5,82960.5,82813.49,82886.27,1312.27
2025-04-03 23:45:00,82886.27,83332.7,82882.49,83203.64,1592.25
2025-04-04 00:00:00,83203.64,83296.68,83049.5,83085.16,1902.12
2025-04-04 00:15:00,83085.16,83379.52,83052.81,83345.58,2105.91
2025-04-04 00:30:00,83345.58,83412.96,83248.96,83305.84,1463.66
2025-04-04 00:45:00,83305.84,83325.4,82999.52,83046.83,1450.79
2025-04-04 01:00:00,83046.83,83279.3,83038.5,83247.5,1702.32
2025-04-04 01:15:00,83247.5,83359.0,83009.06,83114.2,1687.18
2025-04-04 01:30:00,83114.2,83114.2,82886.5,82923.72,1552.79
2025-04-04 01:45:00,82923.72,82990.75,82588.5,82695.41,1647.21
2025-04-04 02:00:00,82695.41,83100.5,82695.41,83059.37,1405.91
2025-04-04 02:15:00,83059.37,83186.46,82925.64,82934.91,1500.72
2025-04-04 02:30:00,82934.91,82945.09,82832.0,82925.61,1130.45
2025-04-04 02:45:00,82925.61,83001.7,82767.5,82910.37,1125.18
2025-04-04 03:00:00,82910.37,82985.5,82781.5,82877.92,1175.39
2025-04-04 03:15:00,82877.92,83070.47,82799.5,82962.33,1081.1
2025-04-04 03:30:00,82962.33,82975.72,82679.83,82783.94,1246.28
2025-04-04 03:45:00,82783.94,82871.39,82723.14,82816.11,1128.21
2025-04-04 04:00:00,82816.11,82833.02,82666.17,82704.48,1209.95
2025-04-04 04:15:00,82704.48,82813.44,82614.86,82803.82,1093.78
2025-04-04 04:30:00,82803.82,82920.69,82745.95,82761.97,1277.53
2025-04-04 04:45:00,82761.97,82815.76,82688.58,82720.83,1086.62
2025-04-04 05:00:00,82720.83,82875.56,82641.78,82822.83,1302.13
2025-04-04 05:15:00,82822.83,83119.5,82822.81,83082.78,1550.78
2025-04-04 05:30:00,83082.78,83212.67,83040.42,83193.22,1353.26
2025-04-04 05:45:00,83193.22,83200.5,83116.03,83200.5,1130.28
2025-04-04 06:00:00,83200.5,83247.83,83151.86,83224.63,1198.3
2025-04-04 06:15:00,83224.63,83264.66,83139.78,83254.69,1171.72
2025-04-04 06:30:00,83254.69,83254.69,83065.17,83071.49,1140.12
2025-04-04 06:45:00,83071.49,83130.88,83041.45,83055.23,1172.48
2025-04-04 07:00:00,83055.23,83566.5,83049.5,83522.34,1764.92
2025-04-04 07:15:00,83522.34,83699.49,83417.33,83595.5,1811.72
2025-04-04 07:30:00,83595.5,83730.08,83479.67,83719.5,1794.72
2025-04-04 07:45:00,83719.5,84000.8,83719.5,83993.36,1821.9
2025-04-04 08:00:00,83993.36,84307.5,83993.36,84250.03,2005.5
2025-04-04 08:15:00,84250.03,84596.33,84241.01,84387.51,1965.9
2025-04-04 08:30:00,84387.51,84524.36,84360.96,84524.36,1601.74
2025-04-04 08:45:00,84524.36,84650.5,84358.99,84416.49,1554.64
2025-04-04 09:00:00,84416.49,84466.78,84125.66,84387.34,1541.91
2025-04-04 09:15:00,84387.34,84522.22,84312.98,84326.08,1344.39
2025-04-04 09:30:00,84326.08,84568.76,84263.17,84512.87,1376.11
2025-04-04 09:45:00,84512.87,84720.5,84444.08,84571.88,1394.64
2025-04-04 10:00:00,84571.88,84690.49,83629.13,83674.2,2695.23
2025-04-04 10:15:00,83674.2,83795.37,82767.01,82923.5,3885.48
2025-04-04 10:30:00,82923.5,83200.72,82794.37,82794.37,3624.42
2025-04-04 10:45:00,82794.37,82874.7,82418.16,82570.5,3409.55
2025-04-04 11:00:00,82570.5,82768.59,82070.52,82154.14,3058.55
2025-04-04 11:15:00,82154.14,82323.26,81678.0,81775.5,2549.99
2025-04-04 11:30:00,81775.5,82279.23,81659.24,81933.48,3428.76
2025-04-04 11:45:00,81933.48,82718.02,81926.59,82680.95,2455.18
2025-04-04 12:00:00,82680.95,82680.95,82258.12,82441.28,2411.61
2025-04-04 12:15:00,82441.28,82598.88,82221.5,82494.2,2445.06
2025-04-04 12:30:00,82494.2,83020.69,82365.78,82774.02,3828.39
2025-04-04 12:45:00,82774.02,82900.64,82524.5,82879.49,2696.46
2025-04-04 13:00:00,82879.49,83318.5,82795.14,82966.56,2837.89
2025-04-04 13:15:00,82966.56,83064.0,82599.33,82603.5,3336.07
2025-04-04 13:30:00,82603.5,82979.88,82152.46,82329.5,4401.71
2025-04-04 13:45:00,82329.5,83507.69,82225.5,83351.5,4086.3
2025-04-04 14:00:00,83351.5,83510.5,82709.03,82981.64,3566.66
2025-04-04 14:15:00,82981.64,83220.5,82664.0,82668.78,3365.42
2025-04-04 14:30:00,82668.78,82857.22,82241.49,82281.5,3291.28
2025-04-04 14:45:00,82281.5,82768.5,81849.66,82574.5,3677.13
2025-04-04 15:00:00,82574.5,83609.5,82488.39,83530.14,4393.51
2025-04-04 15:15:00,83530.14,83715.5,83107.14,83212.51,3932.82
2025-04-04 15:30:00,83212.51,83544.5,82603.27,82887.3,3786.92
2025-04-04 15:45:00,82887.3,83305.47,82708.2,82855.94,3442.8
2025-04-04 16:00:00,82855.94,83516.0,82855.94,83420.39,3291.08
2025-04-04 16:15:00,83420.39,83477.86,82735.5,82962.82,2943.15
2025-04-04 16:30:00,82962.82,83366.72,82822.13,83135.66,2878.67
2025-04-04 16:45:00,83135.66,83550.5,83042.36,83393.19,2591.28
2025-04-04 17:00:00,83393.19,83612.11,83104.36,83128.28,2351.47
2025-04-04 17:15:00,83128.28,83600.2,82965.28,83485.5,2590.64
2025-04-04 17:30:00,83485.5,84418.49,83285.28,84148.93,3055.41
2025-04-04 17:45:00,84148.93,84613.11,84096.71,84460.5,2724.23
2025-04-04 18:00:00,84460.5,84585.4,83983.23,84023.49,2828.53
2025-04-04 18:15:00,84023.49,84033.9,83724.64,83981.8,2257.87
2025-04-04 18:30:00,83981.8,84070.14,83797.21,83907.76,2235.56
2025-04-04 18:45:00,83907.76,84292.49,83841.38,83989.37,2274.35
2025-04-04 19:00:00,83989.37,84308.9,83787.5,84278.37,2126.97
2025-04-04 19:15:00,84278.37,84435.98,84043.9,84223.49,2105.47
2025-04-04 19:30:00,84223.49,84460.49,84124.51,84261.49,2326.5
2025-04-04 19:45:00,84261.49,84352.22,83847.5,84018.36,1975.72
2025-04-04 20:00:00,84018.36,84117.51,83779.63,83863.5,1698.78
2025-04-04 20:15:00,83863.5,83892.5,83492.45,83801.0,1674.65
2025-04-04 20:30:00,83801.0,84047.51,83782.5,84045.19,1519.84
2025-04-04 20:45:00,84045.19,84282.62,84018.36,84163.51,1241.35
2025-04-04 21:00:00,84163.51,84294.49,84042.06,84185.8,1183.33
2025-04-04 21:15:00,84185.8,84251.99,84060.94,84115.43,1056.26
2025-04-04 21:30:00,84115.43,84375.88,83940.92,84375.88,1225.58
2025-04-04 21:45:00,84375.88,84450.5,84168.49,84182.83,1254.23
2025-04-04 22:00:00,84182.83,84271.78,84119.34,84142.97,1111.94
2025-04-04 22:15:00,84142.97,84236.5,84081.25,84153.87,919.76
2025-04-04 22:30:00,84153.87,84162.48,84031.5,84080.28,995.61
2025-04-04 22:45:00,84080.28,84080.29,84018.36,84056.24,875.79
2025-04-04 23:00:00,84056.24,84100.5,83800.07,83820.67,1141.32
2025-04-04 23:15:00,83820.67,83878.36,83671.2,83717.54,1744.95
2025-04-04 23:30:00,83717.54,83814.76,83649.62,83813.75,1221.17
2025-04-04 23:45:00,83813.75,83901.69,83813.75,83889.37,1133.01
2025-04-05 00:00:00,83889.37,83890.38,83649.41,83751.67,1282.98
2025-04-05 00:15:00,83751.67,83836.5,83695.5,83749.5,1272.6
2025-04-05 00:30:00,83749.5,83750.51,83449.49,83510.66,1210.53
2025-04-05 00:45:00,83510.66,83839.64,83501.5,83788.11,1334.28
2025-04-05 01:00:00,83788.11,84067.67,83786.36,83992.79,1182.92
2025-04-05 01:15:00,83992.79,84266.5,83991.8,84190.44,1190.44
2025-04-05 01:30:00,84190.44,84238.04,84067.9,84068.9,1082.14
2025-04-05 01:45:00,84068.9,84068.91,83925.58,83980.38,1008.36
2025-04-05 02:00:00,83980.38,84093.23,83895.59,83916.5,1010.49
2025-04-05 02:15:00,83916.5,83972.29,83824.27,83837.18,1003.34
2025-04-05 02:30:00,83837.18,84088.83,83799.42,84088.82,1238.55
2025-04-05 02:45:00,84088.82,84095.07,83927.86,83977.11,1046.46
2025-04-05 03:00:00,83977.11,83977.11,83807.73,83830.69,967.93
2025-04-05 03:15:00,83830.69,83895.0,83714.71,83748.5,1043.36
2025-04-05 03:30:00,83748.5,83823.48,83694.47,83723.86,1057.07
2025-04-05 03:45:00,83723.86,83781.16,83621.47,83623.5,1048.43
2025-04-05 04:00:00,83623.5,83807.0,83621.24,83803.03,980.41
2025-04-05 04:15:00,83803.03,83838.69,83740.56,83838.69,856.41
2025-04-05 04:30:00,83838.69,83868.5,83756.91,83757.92,971.78
2025-04-05 04:45:00,83757.92,83757.92,83611.49,83678.25,915.25
2025-04-05 05:00:00,83678.25,83736.36,83630.19,83720.26,899.13
2025-04-05 05:15:00,83720.26,83850.5,83702.84,83849.5,892.65
2025-04-05 05:30:00,83849.5,83863.86,83719.25,83719.27,1007.58
2025-04-05 05:45:00,83719.27,83750.5,83664.71,83688.17,1028.39
2025-04-05 06:00:00,83688.17,83721.47,83655.7,83669.5,1009.93
2025-04-05 06:15:00,83669.5,83725.38,83617.49,83618.5,987.26
2025-04-05 06:30:00,83618.5,83618.5,83373.59,83391.5,1110.53
2025-04-05 06:45:00,83391.5,83477.8,83335.59,83476.8,1175.47
2025-04-05 07:00:00,83476.8,83518.5,83367.49,83381.52,1045.22
2025-04-05 07:15:00,83381.52,83488.47,83367.59,83487.47,1012.17
2025-04-05 07:30:00,83487.47,83488.47,83382.66,83456.92,978.16
2025-04-05 07:45:00,83456.92,83559.15,83447.33,83524.84,1050.57
2025-04-05 08:00:00,83524.84,83649.63,83515.56,83535.84,1133.28
2025-04-05 08:15:00,83535.84,83619.03,83366.11,83444.27,1364.54
2025-04-05 08:30:00,83444.27,83567.36,83438.42,83566.22,1172.99
2025-04-05 08:45:00,83566.22,83566.22,83505.19,83519.47,1129.38
2025-04-05 09:00:00,83519.47,83762.95,83519.25,83750.03,1179.27
2025-04-05 09:15:00,83750.03,83750.03,83665.39,83733.04,1118.2
2025-04-05 09:30:00,83733.04,83783.52,83677.09,83783.52,1241.38
2025-04-05 09:45:00,83783.52,83865.12,83751.67,83842.78,1098.93
2025-04-05 10:00:00,83842.78,83895.6,83761.62,83806.98,1165.99
2025-04-05 10:15:00,83806.98,83806.98,83686.98,83737.08,1061.18
2025-04-05 10:30:00,83737.08,83751.52,83619.63,83619.63,1024.05
2025-04-05 10:45:00,83619.63,83664.5,83578.77,83641.0,1054.42
2025-04-05 11:00:00,83641.0,83679.94,83579.46,83579.47,1065.9
2025-04-05 11:15:00,83579.47,83701.02,83579.47,83661.5,967.68
2025-04-05 11:30:00,83661.5,83691.11,83457.39,83488.5,1348.16
2025-04-05 11:45:00,83488.5,83513.0,83442.97,83452.19,1234.91
2025-04-05 12:00:00,83452.19,83530.5,83414.95,83512.08,1332.7
2025-04-05 12:15:00,83512.08,83551.18,83419.52,83434.84,997.68
2025-04-05 12:30:00,83434.84,83446.36,83206.89,83209.5,1454.38
2025-04-05 12:45:00,83209.5,83303.0,83121.28,83280.91,1425.96
2025-04-05 13:00:00,83280.91,83336.06,83139.71,83141.2,1472.98
2025-04-05 13:15:00,83141.2,83141.2,82679.5,82824.83,2237.7
2025-04-05 13:30:00,82824.83,82895.65,82624.84,82659.41,1773.32
2025-04-05 13:45:00,82659.41,82755.78,82524.45,82755.78,1811.5
2025-04-05 14:00:00,82755.78,82950.5,82725.5,82753.38,1752.89
2025-04-05 14:15:00,82753.38,82931.39,82671.83,82877.53,1352.89
2025-04-05 14:30:00,82877.53,83001.0,82780.51,82925.58,1689.22
2025-04-05 14:45:00,82925.58,83026.5,82900.75,82914.17,1471.43
2025-04-05 15:00:00,82914.17,82914.17,82701.94,82720.69,1292.02
2025-04-05 15:15:00,82720.69,82834.9,82609.5,82654.5,1342.8
2025-04-05 15:30:00,82654.5,82702.58,82380.3,82393.5,1549.87
2025-04-05 15:45:00,82393.5,82627.69,82380.31,82617.75,1555.06
2025-04-05 16:00:00,82617.75,82732.47,82611.3,82722.72,1370.0
2025-04-05 16:15:00,82722.72,82785.33,82606.55,82653.5,1287.11
2025-04-05 16:30:00,82653.5,82828.0,82653.49,82807.89,1142.84
2025-04-05 16:45:00,82807.89,82820.87,82663.71,82740.47,1211.0
2025-04-05 17:00:00,82740.47,82819.18,82681.14,82754.83,1424.92
2025-04-05 17:15:00,82754.83,82900.5,82754.83,82898.78,1122.99
2025-04-05 17:30:00,82898.78,82953.7,82859.86,82918.44,1395.11
2025-04-05 17:45:00,82918.44,82949.36,82854.77,82870.03,1142.81
2025-04-05 18:00:00,82870.03,83076.5,82854.3,83068.04,1204.74
2025-04-05 18:15:00,83068.04,83109.97,82930.73,82980.39,1288.9
2025-04-05 18:30:00,82980.39,83020.5,82921.5,82985.14,1291.27
2025-04-05 18:45:00,82985.14,83107.92,82985.13,83036.63,1065.77
2025-04-05 19:00:00,83036.63,83146.5,83035.63,83053.88,1114.02
2025-04-05 19:15:00,83053.88,83087.86,83027.94,83057.17,1006.0
2025-04-05 19:30:00,83057.17,83100.5,82872.33,82908.5,1057.26
2025-04-05 19:45:00,82908.5,82908.5,82779.12,82859.5,1236.1
2025-04-05 20:00:00,82859.5,82991.25,82857.5,82967.48,1052.23
2025-04-05 20:15:00,82967.48,83048.55,82961.5,83048.54,1050.46
2025-04-05 20:30:00,83048.54,83114.17,82832.5,83050.5,1431.55
2025-04-05 20:45:00,83050.5,83096.3,82882.1,83075.97,1228.09
2025-04-05 21:00:00,83075.97,83136.5,83002.91,83101.98,1208.64
2025-04-05 21:15:00,83101.98,83225.72,83031.71,83218.5,1067.54
2025-04-05 21:30:00,83218.5,83218.5,83016.17,83035.97,1249.4
2025-04-05 21:45:00,83035.97,83084.92,82902.03,82914.38,1268.4
2025-04-05 22:00:00,82914.38,83117.52,82913.39,83027.81,1233.12
2025-04-05 22:15:00,83027.81,83075.98,82950.91,83017.48,1095.76
2025-04-05 22:30:00,83017.48,83081.42,82980.64,83062.45,883.34
2025-04-05 22:45:00,83062.45,83212.68,83041.38,83187.91,976.55
2025-04-05 23:00:00,83187.91,83272.72,83128.23,83219.04,1033.83
2025-04-05 23:15:00,83219.04,83249.84,83155.08,83170.87,666.76
2025-04-05 23:30:00,83170.87,83311.87,83142.99,83310.97,964.84
2025-04-05 23:45:00,83310.97,83686.01,83291.5,83532.14,1456.3
2025-04-06 00:00:00,83532.14,83619.5,83422.41,83462.31,1196.56
2025-04-06 00:15:00,83462.31,83588.64,83441.5,83537.41,1074.62
2025-04-06 00:30:00,83537.41,83560.87,83428.67,83521.48,928.18
2025-04-06 00:45:00,83521.48,83549.5,83457.32,83526.72,928.16
2025-04-06 01:00:00,83526.72,83578.33,83479.5,83541.34,916.81
2025-04-06 01:15:00,83541.34,83683.5,83540.34,83648.5,741.36
2025-04-06 01:30:00,83648.5,83787.95,83484.5,83484.5,1031.42
2025-04-06 01:45:00,83484.5,83531.87,83421.5,83428.47,919.18
2025-04-06 02:00:00,83428.47,83494.93,83366.49,83386.11,876.29
2025-04-06 02:15:00,83386.11,83447.33,83362.32,83419.5,1080.51
2025-04-06 02:30:00,83419.5,83450.0,83364.82,83365.83,856.75
2025-04-06 02:45:00,83365.83,83365.83,83274.38,83300.51,783.93
2025-04-06 03:00:00,83300.51,83377.16,83236.5,83358.0,702.17
2025-04-06 03:15:00,83358.0,83403.97,83269.38,83291.36,883.98
2025-04-06 03:30:00,83291.36,83348.11,83162.97,83261.25,1095.7
2025-04-06 03:45:00,83261.25,83365.87,83260.25,83344.64,935.86
2025-04-06 04:00:00,83344.64,83393.47,83233.55,83334.75,1025.78
2025-04-06 04:15:00,83334.75,83444.5,83268.67,83403.25,940.9
2025-04-06 04:30:00,83403.25,83464.94,83389.33,83442.5,896.32
2025-04-06 04:45:00,83442.5,83500.55,83421.5,83499.49,922.21
2025-04-06 05:00:00,83499.49,83533.91,83461.34,83472.48,1015.43
2025-04-06 05:15:00,83472.48,83530.52,83441.21,83514.27,923.57
2025-04-06 05:30:00,83514.27,83518.97,83311.53,83375.01,1040.31
2025-04-06 05:45:00,83375.01,83496.47,83360.36,83449.5,1021.31
2025-04-06 06:00:00,83449.5,83469.0,83363.5,83414.54,938.75
2025-04-06 06:15:00,83414.54,83436.5,83402.42,83410.16,763.99
2025-04-06 06:30:00,83410.16,83411.17,83143.11,83212.58,1271.43
2025-04-06 06:45:00,83212.58,83247.36,83109.73,83110.75,1164.46
2025-04-06 07:00:00,83110.75,83208.22,83046.55,83180.62,1256.99
2025-04-06 07:15:00,83180.62,83187.95,83074.08,83075.09,1079.94
2025-04-06 07:30:00,83075.09,83121.0,83040.14,83085.45,1084.92
2025-04-06 07:45:00,83085.45,83151.16,83024.46,83025.47,1184.37
2025-04-06 08:00:00,83025.47,83039.18,82875.52,82875.52,1254.37
2025-04-06 08:15:00,82875.52,82917.17,82726.77,82780.81,1196.72
2025-04-06 08:30:00,82780.81,82980.64,82766.03,82962.27,1245.37
2025-04-06 08:45:00,82962.27,83051.83,82931.39,83033.75,1086.82
2025-04-06 09:00:00,83033.75,83034.77,82933.46,82934.48,964.42
2025-04-06 09:15:00,82934.48,83140.16,82934.48,83117.47,1140.2
2025-04-06 09:30:00,83117.47,83172.5,83045.12,83108.72,991.81
2025-04-06 09:45:00,83108.72,83128.79,83049.14,83075.65,930.26
2025-04-06 10:00:00,83075.65,83076.15,82848.92,82910.61,1265.78
2025-04-06 10:15:00,82910.61,82960.5,82716.0,82828.5,1316.83
2025-04-06 10:30:00,82828.5,82860.5,82779.2,82788.16,1165.3
2025-04-06 10:45:00,82788.16,82870.76,82749.5,82869.75,1018.05
2025-04-06 11:00:00,82869.75,82920.97,82751.81,82753.12,1125.05
2025-04-06 11:15:00,82753.12,82783.17,82670.8,82782.16,1236.71
2025-04-06 11:30:00,82782.16,82783.17,82665.5,82760.5,1082.14
2025-04-06 11:45:00,82760.5,82861.92,82716.19,82855.5,1136.31
2025-04-06 12:00:00,82855.5,82981.64,82811.52,82857.5,1325.09
2025-04-06 12:15:00,82857.5,82919.95,82758.54,82880.89,1344.83
2025-04-06 12:30:00,82880.89,82894.39,82642.39,82760.19,1379.37
2025-04-06 12:45:00,82760.19,82821.44,82664.31,82699.0,1293.57
2025-04-06 13:00:00,82699.0,82840.58,82659.5,82805.19,1564.23
2025-04-06 13:15:00,82805.19,82806.69,82537.19,82540.2,1729.74
2025-04-06 13:30:00,82540.2,82643.47,82459.3,82491.5,1680.31
2025-04-06 13:45:00,82491.5,82497.44,82234.61,82306.51,1960.26
2025-04-06 14:00:00,82306.51,82669.11,82217.34,82628.5,2057.3
2025-04-06 14:15:00,82628.5,82628.5,82386.14,82386.14,1387.37
2025-04-06 14:30:00,82386.14,82560.5,82383.19,82560.5,1485.31
2025-04-06 14:45:00,82560.5,82793.5,82508.94,82666.58,1526.14
2025-04-06 15:00:00,82666.58,82820.25,82399.5,82588.88,1652.55
2025-04-06 15:15:00,82588.88,82640.13,82439.25,82449.02,1227.82
2025-04-06 15:30:00,82449.02,82654.27,82449.0,82628.27,1409.24
2025-04-06 15:45:00,82628.27,82715.95,82530.71,82548.86,1465.66
2025-04-06 16:00:00,82548.86,82554.65,82428.5,82433.92,1458.92
2025-04-06 16:15:00,82433.92,82485.59,82261.64,82339.92,1555.62
2025-04-06 16:30:00,82339.92,82433.7,82122.5,82138.64,1566.38
2025-04-06 16:45:00,82138.64,82213.25,81919.5,81971.63,2013.87
2025-04-06 17:00:00,81971.63,81982.83,81681.31,81689.16,1910.24
2025-04-06 17:15:00,81689.16,81902.8,81561.5,81622.23,2106.19
2025-04-06 17:30:00,81622.23,81622.23,81081.98,81117.5,2537.03
2025-04-06 17:45:00,81117.5,81463.88,80563.45,80808.31,3802.99
2025-04-06 18:00:00,80808.31,80808.31,80126.5,80312.84,3289.74
2025-04-06 18:15:00,80312.84,80402.2,79635.69,79707.37,4708.62
2025-04-06 18:30:00,79707.37,80083.5,79153.87,79157.0,3978.86
2025-04-06 18:45:00,79157.0,79418.86,78694.5,79100.33,4477.12
2025-04-06 19:00:00,79100.33,79440.5,78839.39,79400.5,3977.62
2025-04-06 19:15:00,79400.5,79839.91,79196.25,79509.3,3585.65
2025-04-06 19:30:00,79509.3,79857.22,79434.28,79513.89,2882.84
2025-04-06 19:45:00,79513.89,79697.03,79108.51,79615.36,2625.7
2025-04-06 20:00:00,79615.36,79890.2,79466.22,79467.23,2607.86
2025-04-06 20:15:00,79467.23,79668.47,79331.39,79368.58,2149.22
2025-04-06 20:30:00,79368.58,79538.0,78560.11,79233.61,3747.72
2025-04-06 20:45:00,79233.61,79243.19,78710.5,78868.5,3156.52
2025-04-06 21:00:00,78868.5,79400.5,78719.5,79325.49,2975.21
2025-04-06 21:15:00,79325.49,79681.31,79061.28,79160.5,2818.71
2025-04-06 21:30:00,79160.5,79400.89,79033.17,79102.64,2651.69
2025-04-06 21:45:00,79102.64,79277.31,78899.39,78951.11,1905.7
2025-04-06 22:00:00,78951.11,79130.93,78210.91,78830.95,5034.96
2025-04-06 22:15:00,78830.95,79096.94,78492.81,79071.75,3451.67
2025-04-06 22:30:00,79071.75,79071.75,78252.89,78320.17,2868.63
2025-04-06 22:45:00,78320.17,78492.21,77810.01,78063.17,4008.83
2025-04-06 23:00:00,78063.17,78199.49,77303.5,77750.87,4371.52
2025-04-06 23:15:00,77750.87,77839.86,77158.5,77440.9,4227.67
2025-04-06 23:30:00,77440.9,78408.48,77355.3,78328.21,3566.04
2025-04-06 23:45:00,78328.21,78701.8,78093.16,78425.01,3047.84
2025-04-07 00:00:00,78425.01,78520.5,77419.41,77449.13,3659.48
2025-04-07 00:15:00,77449.13,78347.39,77449.13,78316.5,3337.16
2025-04-07 00:30:00,78316.5,78380.5,77864.78,77943.43,3014.7
2025-04-07 00:45:00,77943.43,78390.8,77614.92,78320.5,2624.65
2025-04-07 01:00:00,78320.5,78919.11,78317.5,78847.7,3137.02
2025-04-07 01:15:00,78847.7,79347.95,78695.14,79038.64,3559.22
2025-04-07 01:30:00,79038.64,79139.5,78623.5,78707.72,3245.86
2025-04-07 01:45:00,78707.72,79230.06,78687.5,79142.52,2952.33
2025-04-07 02:00:00,79142.52,79220.5,78896.12,79032.36,2436.97
2025-04-07 02:15:00,79032.36,79100.5,78585.5,78636.16,2312.06
2025-04-07 02:30:00,78636.16,78860.5,78439.39,78499.71,2398.91
2025-04-07 02:45:00,78499.71,78773.11,78391.64,78447.91,2188.05
2025-04-07 03:00:00,78447.91,78508.31,78055.5,78100.4,2416.6
2025-04-07 03:15:00,78100.4,78461.5,78074.23,78340.41,2560.55
2025-04-07 03:30:00,78340.41,78349.13,77410.03,77417.83,3604.89
2025-04-07 03:45:00,77417.83,77740.5,77354.5,77708.27,3651.39
2025-04-07 04:00:00,77708.27,77984.17,77199.5,77415.5,3073.32
2025-04-07 04:15:00,77415.5,77690.08,77003.93,77433.42,3568.02
2025-04-07 04:30:00,77433.42,77539.66,76668.83,76806.57,3424.2
2025-04-07 04:45:00,76806.57,77079.78,76665.5,76989.42,3325.06
2025-04-07 05:00:00,76989.42,77287.93,76665.5,77057.0,3447.8
2025-04-07 05:15:00,77057.0,77500.5,76899.5,77199.5,3264.85
2025-04-07 05:30:00,77199.5,77379.66,76869.5,76991.86,2982.48
2025-04-07 05:45:00,76991.86,77120.5,76763.74,76942.31,2427.29
2025-04-07 06:00:00,76942.31,77300.5,76804.86,76874.5,2847.25
2025-04-07 06:15:00,76874.5,76898.48,75724.56,75813.05,4447.04
2025-04-07 06:30:00,75813.05,75885.03,75000.0,75047.39,4480.66
2025-04-07 06:45:00,75047.39,75400.5,74555.5,74809.5,5463.32
2025-04-07 07:00:00,74809.5,75284.53,74507.5,75087.37,5019.28
2025-04-07 07:15:00,75087.37,75373.97,75004.35,75070.23,3885.18
2025-04-07 07:30:00,75070.23,75490.7,74870.5,75239.5,3653.77
2025-04-07 07:45:00,75239.5,75398.5,75022.34,75125.5,3428.03
2025-04-07 08:00:00,75125.5,75876.18,75085.24,75542.5,4050.23
2025-04-07 08:15:00,75542.5,76481.97,75490.51,76279.5,3706.09
2025-04-07 08:30:00,76279.5,76834.5,76065.02,76652.67,3415.14
2025-04-07 08:45:00,76652.67,76795.37,76213.5,76267.81,3286.66
2025-04-07 09:00:00,76267.81,76531.0,76109.48,76117.02,3077.09
2025-04-07 09:15:00,76117.02,76348.33,75754.44,76251.17,2932.56
2025-04-07 09:30:00,76251.17,76737.2,76185.54,76638.44,3294.51
2025-04-07 09:45:00,76638.44,76792.5,76214.05,76271.22,3427.45
2025-04-07 10:00:00,76271.22,77020.5,76143.33,76974.77,3601.84
2025-04-07 10:15:00,76974.77,77578.37,76958.45,77241.59,4022.34
2025-04-07 10:30:00,77241.59,77540.5,77100.5,77355.5,3451.05
2025-04-07 10:45:00,77355.5,77468.36,76805.5,76968.58,2877.78
2025-04-07 11:00:00,76968.58,77621.6,76908.89,77122.5,2816.84
2025-04-07 11:15:00,77122.5,77227.5,76906.3,77087.95,2513.99
2025-04-07 11:30:00,77087.95,77120.5,76555.19,76605.5,3075.57
2025-04-07 11:45:00,76605.5,76761.0,76427.5,76685.12,2444.19
2025-04-07 12:00:00,76685.12,76911.91,76410.12,76745.83,3053.21
2025-04-07 12:15:00,76745.83,77485.12,76617.5,77437.64,3528.67
2025-04-07 12:30:00,77437.64,77665.5,76899.0,76947.25,4097.5
2025-04-07 12:45:00,76947.25,77634.83,76724.46,77338.35,4281.02
2025-04-07 13:00:00,77338.35,77385.11,77033.47,77225.0,3884.27
2025-04-07 13:15:00,77225.0,77297.33,76814.22,76877.66,3199.14
2025-04-07 13:30:00,76877.66,77219.0,75808.86,76061.0,5245.0
2025-04-07 13:45:00,76061.0,78493.0,75790.97,78366.97,5804.59
2025-04-07 14:00:00,78366.97,80062.47,77935.14,79566.31,6146.13
2025-04-07 14:15:00,79566.31,81229.14,77875.37,78114.56,8621.3
2025-04-07 14:30:00,78114.56,79573.19,77913.28,78704.38,7018.9
2025-04-07 14:45:00,78704.38,79533.86,78433.02,79038.89,5949.33
2025-04-07 15:00:00,79038.89,79377.0,77801.47,77801.47,5270.97
2025-04-07 15:15:00,77801.47,78628.28,77529.14,78023.0,5403.53
2025-04-07 15:30:00,78023.0,79076.19,78023.0,78941.14,4526.54
2025-04-07 15:45:00,78941.14,78978.68,78455.3,78478.91,3892.9
2025-04-07 16:00:00,78478.91,78498.76,78069.0,78282.81,3718.99
2025-04-07 16:15:00,78282.81,78424.41,77633.39,78329.0,3657.3
2025-04-07 16:30:00,78329.0,78585.22,77807.0,77912.75,3514.6
2025-04-07 16:45:00,77912.75,77912.75,77321.97,77435.0,3527.46
2025-04-07 17:00:00,77435.0,78402.75,77433.0,78246.64,4726.06
2025-04-07 17:15:00,78246.64,78614.12,78080.91,78565.34,3932.79
2025-04-07 17:30:00,78565.34,78958.03,78291.0,78925.44,3461.66
2025-04-07 17:45:00,78925.44,79200.16,78571.36,79075.0,3961.1
2025-04-07 18:00:00,79075.0,79169.53,78698.89,78825.09,3524.97
2025-04-07 18:15:00,78825.09,79364.45,78565.59,78621.78,3394.23
2025-04-07 18:30:00,78621.78,79133.61,78515.0,78861.0,3317.62
2025-04-07 18:45:00,78861.0,78974.2,78281.0,78483.91,2753.77
2025-04-07 19:00:00,78483.91,78922.61,78242.37,78331.67,49454.13
2025-04-07 19:15:00,78331.67,78708.0,78192.97,78283.27,3170.04
2025-04-07 19:30:00,78283.27,78905.5,78110.05,78128.89,2914.46
2025-04-07 19:45:00,78128.89,78453.3,78018.89,78114.12,2970.72
2025-04-07 20:00:00,78114.12,78568.75,78106.28,78229.0,2315.85
2025-04-07 20:15:00,78229.0,78688.46,78229.0,78688.45,1888.12
2025-04-07 20:30:00,78688.45,79109.0,78688.45,79089.83,1967.69
2025-04-07 20:45:00,79089.83,79129.83,78800.75,78957.52,1817.44
2025-04-07 21:00:00,78957.52,79124.22,78683.22,79122.2,1539.05
2025-04-07 21:15:00,79122.2,79233.5,78825.08,78961.5,1741.04
2025-04-07 21:30:00,78961.5,79043.36,78829.17,79010.14,1497.42
2025-04-07 21:45:00,79010.14,79592.92,79010.14,79238.41,1986.05
2025-04-07 22:00:00,79238.41,79696.25,79181.6,79607.0,1979.95
2025-04-07 22:15:00,79607.0,79851.0,79604.99,79806.5,1798.42
2025-04-07 22:30:00,79806.5,79986.84,79693.13,79949.88,1926.49
2025-04-07 22:45:00,79949.88,80219.87,79795.52,79955.48,2051.33
2025-04-07 23:00:00,79955.48,80085.0,79710.06,79760.94,1933.4
2025-04-07 23:15:00,79760.94,79896.76,79644.25,79871.83,2213.93
2025-04-07 23:30:00,79871.83,79912.72,79255.75,79313.53,2201.96
2025-04-07 23:45:00,79313.53,79425.33,79093.64,79164.25,2002.79
2025-04-08 00:00:00,79164.25,79510.4,79082.34,79508.39,2335.12
2025-04-08 00:15:00,79508.39,79601.0,79356.03,79358.05,1787.96
2025-04-08 00:30:00,79358.05,79486.53,79100.99,79348.83,1964.69
2025-04-08 00:45:00,79348.83,79360.8,78999.0,79027.0,1957.6
2025-04-08 01:00:00,79027.0,79284.22,78775.52,79217.0,2436.36
2025-04-08 01:15:00,79217.0,79777.93,79032.5,79707.0,2295.43
2025-04-08 01:30:00,79707.0,80554.97,79658.89,80419.0,2920.85
2025-04-08 01:45:00,80419.0,80811.0,80205.0,80600.86,3503.87
2025-04-08 02:00:00,80600.86,80868.98,80406.22,80659.0,2677.82
2025-04-08 02:15:00,80659.0,80707.0,80449.0,80453.19,2399.07
2025-04-08 02:30:00,80453.19,80453.19,80187.88,80235.02,2153.26
2025-04-08 02:45:00,80235.02,80275.72,79891.0,79946.06,2052.53
2025-04-08 03:00:00,79946.06,80119.0,79882.74,79963.26,2080.63
2025-04-08 03:15:00,79963.26,80183.39,79829.0,80173.0,2023.11
2025-04-08 03:30:00,80173.0,80199.12,79838.89,79859.0,1627.88
2025-04-08 03:45:00,79859.0,79987.95,79758.89,79903.0,1476.65
2025-04-08 04:00:00,79903.0,80080.5,79858.89,80073.0,1551.76
2025-04-08 04:15:00,80073.0,80281.0,79969.0,80252.84,1806.44
2025-04-08 04:30:00,80252.84,80414.5,80118.75,80304.97,1603.16
2025-04-08 04:45:00,80304.97,80346.41,80113.02,80299.0,1753.14
2025-04-08 05:00:00,80299.0,80313.0,79699.0,79814.31,1846.82
2025-04-08 05:15:00,79814.31,79861.0,79535.0,79597.0,1916.75
2025-04-08 05:30:00,79597.0,79840.04,79579.0,79695.0,1707.23
2025-04-08 05:45:00,79695.0,79883.16,79665.0,79873.25,1510.56
2025-04-08 06:00:00,79873.25,79873.25,79467.06,79486.91,2208.74
2025-04-08 06:15:00,79486.91,79531.5,79361.78,79407.05,1732.75
2025-04-08 06:30:00,79407.05,79539.23,79284.99,79532.99,1785.48
2025-04-08 06:45:00,79532.99,79566.22,79384.48,79448.3,1609.4
2025-04-08 07:00:00,79448.3,79545.5,79218.89,79499.0,2003.45
2025-04-08 07:15:00,79499.0,79715.11,79398.89,79570.05,1901.78
2025-04-08 07:30:00,79570.05,79570.05,79381.0,79470.67,1666.81
2025-04-08 07:45:00,79470.67,79558.91,79263.61,79500.42,1888.09
2025-04-08 08:00:00,79500.42,79529.84,79051.73,79061.01,2115.44
2025-04-08 08:15:00,79061.01,79201.5,78938.0,78938.74,1813.55
2025-04-08 08:30:00,78938.74,79221.28,78938.74,79216.39,1840.61
2025-04-08 08:45:00,79216.39,79218.9,78989.11,79153.02,1571.77
2025-04-08 09:00:00,79153.02,79229.42,78993.35,79110.22,1906.19
2025-04-08 09:15:00,79110.22,79110.23,78879.75,78879.75,1924.98
2025-04-08 09:30:00,78879.75,79155.5,78865.48,79122.95,1991.1
2025-04-08 09:45:00,79122.95,79190.17,78885.03,78899.0,1765.79
2025-04-08 10:00:00,78899.0,79061.0,78822.78,78900.34,1548.03
2025-04-08 10:15:00,78900.34,79061.0,78865.23,78996.3,1481.04
2025-04-08 10:30:00,78996.3,79174.92,78923.52,79061.0,1765.46
2025-04-08 10:45:00,79061.0,79137.29,78936.89,79005.04,1551.66
2025-04-08 11:00:00,79005.04,79280.98,78960.78,79163.0,1924.37
2025-04-08 11:15:00,79163.0,79362.75,79056.75,79353.0,1977.73
2025-04-08 11:30:00,79353.0,79801.0,79339.0,79598.91,2540.72
2025-04-08 11:45:00,79598.91,80076.64,79598.89,79983.0,2330.43
2025-04-08 12:00:00,79983.0,80123.0,79813.74,79985.0,2854.28
2025-04-08 12:15:00,79985.0,79990.25,79767.39,79881.01,2461.83
2025-04-08 12:30:00,79881.01,79981.0,79563.0,79681.0,2335.12
2025-04-08 12:45:00,79681.0,79899.0,79606.24,79839.0,2141.52
2025-04-08 13:00:00,79839.0,80371.5,79765.0,80052.42,3194.22
2025-04-08 13:15:00,80052.42,80292.88,79915.0,80179.0,2958.12
2025-04-08 13:30:00,80179.0,80376.0,79382.98,79785.11,5064.42
2025-04-08 13:45:00,79785.11,80029.5,79535.0,79898.89,4568.7
2025-04-08 14:00:00,79898.89,80258.2,79745.0,79975.0,3931.46
2025-04-08 14:15:00,79975.0,80173.0,79392.25,79448.34,3539.52
2025-04-08 14:30:00,79448.34,79588.0,79102.36,79123.4,3634.79
2025-04-08 14:45:00,79123.4,79251.0,78473.0,78480.91,2976.62
2025-04-08 15:00:00,78480.91,78858.84,78193.86,78344.37,3517.55
2025-04-08 15:15:00,78344.37,78564.75,78174.39,78199.0,3075.86
2025-04-08 15:30:00,78199.0,78667.0,78187.0,78589.0,2816.35
2025-04-08 15:45:00,78589.0,78678.33,78265.0,78499.0,2408.34
2025-04-08 16:00:00,78499.0,78522.75,78190.14,78191.0,2826.05
2025-04-08 16:15:00,78191.0,78191.01,77825.11,78118.8,3217.23
2025-04-08 16:30:00,78118.8,78232.09,77399.8,77541.01,4064.54
2025-04-08 16:45:00,77541.01,77858.17,77356.61,77413.25,3992.43
2025-04-08 17:00:00,77413.25,77547.66,76862.37,77016.03,4005.8
2025-04-08 17:15:00,77016.03,77223.5,76567.0,76660.25,4049.1
2025-04-08 17:30:00,76660.25,77561.0,76556.0,77312.47,4755.07
2025-04-08 17:45:00,77312.47,77536.38,76897.87,77342.59,3857.77
2025-04-08 18:00:00,77342.59,77517.0,77081.66,77160.91,3350.89
2025-04-08 18:15:00,77160.91,77708.36,77141.64,77327.75,3147.7
2025-04-08 18:30:00,77327.75,77999.0,77327.75,77458.89,3608.12
2025-04-08 18:45:00,77458.89,77679.0,77238.89,77260.91,3032.15
2025-04-08 19:00:00,77260.91,77357.0,76767.67,76789.0,3380.95
2025-04-08 19:15:00,76789.0,77071.0,76560.85,76857.61,3153.4
2025-04-08 19:30:00,76857.61,76887.0,76333.66,76483.73,3386.17
2025-04-08 19:45:00,76483.73,77125.0,76411.89,76853.05,3542.87
2025-04-08 20:00:00,76853.05,76975.0,76659.38,76871.03,2707.81
2025-04-08 20:15:00,76871.03,77001.5,76605.5,76677.0,2113.98
2025-04-08 20:30:00,76677.0,77198.12,76621.08,77143.01,2025.9
2025-04-08 20:45:00,77143.01,77148.69,76986.17,77124.56,1579.52
2025-04-08 21:00:00,77124.56,77287.0,76858.89,77044.39,1780.0
2025-04-08 21:15:00,77044.39,77131.43,76778.89,76835.97,1615.05
2025-04-08 21:30:00,76835.97,77067.98,76729.02,77061.0,1711.19
2025-04-08 21:45:00,77061.0,77135.34,76998.89,77101.47,1164.79
2025-04-08 22:00:00,77101.47,77135.83,76607.89,76766.03,2453.35
2025-04-08 22:15:00,76766.03,76933.8,76574.17,76686.0,2673.94
2025-04-08 22:30:00,76686.0,76759.36,76238.89,76521.41,2805.78
2025-04-08 22:45:00,76521.41,76817.16,76450.45,76732.22,2121.61
2025-04-08 23:00:00,76732.22,76799.0,76492.2,76586.89,2087.8
2025-04-08 23:15:00,76586.89,76679.3,76314.66,76351.0,2468.89
2025-04-08 23:30:00,76351.0,76544.31,76351.0,76364.0,1827.69
2025-04-08 23:45:00,76364.0,76505.39,76306.59,76323.42,1789.3
2025-04-09 00:00:00,76323.42,76737.88,75925.52,76644.98,3773.76
2025-04-09 00:15:00,76644.98,76831.47,76418.89,76680.44,2785.36
2025-04-09 00:30:00,76680.44,76868.04,76451.47,76643.83,2431.89
2025-04-09 00:45:00,76643.83,76770.29,76362.63,76523.08,2066.75
2025-04-09 01:00:00,76523.08,76596.91,75284.17,75315.03,3519.67
2025-04-09 01:15:00,75315.03,75494.86,74619.0,74691.58,5807.72
2025-04-09 01:30:00,74691.58,75869.22,74687.89,75502.93,4702.94
2025-04-09 01:45:00,75502.93,76284.02,75455.0,76069.53,4079.89
2025-04-09 02:00:00,76069.53,76466.13,76069.53,76216.23,3111.12
2025-04-09 02:15:00,76216.23,76378.14,75808.92,75854.17,2396.59
2025-04-09 02:30:00,75854.17,76141.4,75573.8,75587.11,2475.62
2025-04-09 02:45:00,75587.11,75935.41,75587.11,75673.44,2761.25
2025-04-09 03:00:00,75673.44,75870.58,75541.0,75761.25,2501.53
2025-04-09 03:15:00,75761.25,75868.39,75484.32,75491.06,2547.2
2025-04-09 03:30:00,75491.06,75746.66,75159.09,75282.09,2630.06
2025-04-09 03:45:00,75282.09,75497.5,75014.86,75075.0,2398.98
2025-04-09 04:00:00,75075.0,75988.0,75000.0,75818.53,3636.97
2025-04-09 04:15:00,75818.53,76218.53,75558.91,75721.48,4248.8
2025-04-09 04:30:00,75721.48,76642.66,75721.48,76564.22,3073.56
2025-04-09 04:45:00,76564.22,76916.92,76354.87,76415.34,2893.82
2025-04-09 05:00:00,76415.34,76681.0,76215.33,76432.94,2472.49
2025-04-09 05:15:00,76432.94,76821.52,76380.64,76638.99,2111.79
2025-04-09 05:30:00,76638.99,76696.66,76433.78,76538.61,2068.39
2025-04-09 05:45:00,76538.61,76731.38,76418.91,76731.38,1834.82
2025-04-09 06:00:00,76731.38,77318.88,76708.7,77289.0,2564.16
2025-04-09 06:15:00,77289.0,77311.36,76881.27,76917.0,2561.46
2025-04-09 06:30:00,76917.0,77163.16,76876.01,77139.88,1799.19
2025-04-09 06:45:00,77139.88,77172.66,76769.45,76828.02,1872.26
2025-04-09 07:00:00,76828.02,77723.11,76817.52,77631.0,3413.11
2025-04-09 07:15:00,77631.0,77799.37,77329.97,77706.17,2688.61
2025-04-09 07:30:00,77706.17,77953.55,77638.89,77915.0,2468.01
2025-04-09 07:45:00,77915.0,77931.94,77620.78,77691.83,2419.11
2025-04-09 08:00:00,77691.83,77879.0,77331.25,77454.08,2158.0
2025-04-09 08:15:00,77454.08,77564.27,77291.03,77311.89,1947.49
2025-04-09 08:30:00,77311.89,77342.22,77084.0,77258.91,2266.31
2025-04-09 08:45:00,77258.91,77374.61,77120.78,77303.34,2064.74
2025-04-09 09:00:00,77303.34,77471.33,77234.3,77352.88,2000.64
2025-04-09 09:15:00,77352.88,77381.5,77202.39,77245.5,2028.69
2025-04-09 09:30:00,77245.5,77384.98,77167.59,77384.98,1816.21
2025-04-09 09:45:00,77384.98,77541.5,77350.27,77479.27,2076.32
2025-04-09 10:00:00,77479.27,77546.69,77245.94,77520.87,2100.75
2025-04-09 10:15:00,77520.87,77571.88,77182.36,77227.42,1675.44
2025-04-09 10:30:00,77227.42,77270.2,76949.0,77101.0,2146.76
2025-04-09 10:45:00,77101.0,77541.0,77043.46,77185.83,1999.95
2025-04-09 11:00:00,77185.83,77194.65,75876.83,76563.0,4579.9
2025-04-09 11:15:00,76563.0,76807.86,76295.14,76570.42,2902.18
2025-04-09 11:30:00,76570.42,76638.23,75770.61,75951.73,3044.48
2025-04-09 11:45:00,75951.73,76542.64,75811.56,76231.01,3702.66
2025-04-09 12:00:00,76231.01,76505.89,76025.5,76475.14,2808.55
2025-04-09 12:15:00,76475.14,76580.61,76228.44,76296.94,2709.15
2025-04-09 12:30:00,76296.94,76511.58,76027.78,76511.0,2770.28
2025-04-09 12:45:00,76511.0,77071.72,76395.64,76755.72,3078.13
2025-04-09 13:00:00,76755.72,77146.04,76755.72,76952.8,3066.35
2025-04-09 13:15:00,76952.8,77083.9,76709.89,76834.25,2638.05
2025-04-09 13:30:00,76834.25,77849.01,76834.25,77240.73,4983.21
2025-04-09 13:45:00,77240.73,77816.41,77085.95,77697.11,3970.48
2025-04-09 14:00:00,77697.11,78317.45,77229.87,77355.7,4407.28
2025-04-09 14:15:00,77355.7,77803.7,77355.7,77603.4,3586.37
2025-04-09 14:30:00,77603.4,77925.42,77437.92,77469.0,3546.56
2025-04-09 14:45:00,77469.0,77710.97,76797.87,76869.0,3604.58
2025-04-09 15:00:00,76869.0,77473.01,76845.01,77395.0,3654.7
2025-04-09 15:15:00,77395.0,77651.44,77335.06,77393.0,2940.12
2025-04-09 15:30:00,77393.0,77561.0,77011.23,77100.89,2855.38
2025-04-09 15:45:00,77100.89,77521.0,77089.0,77259.0,4058.74
2025-04-09 16:00:00,77259.0,77851.25,77135.0,77762.0,2423.26
2025-04-09 16:15:00,77762.0,77821.48,77535.0,77579.0,2411.02
2025-04-09 16:30:00,77579.0,77925.0,77518.91,77841.0,2403.0
2025-04-09 16:45:00,77841.0,78363.08,77755.0,78266.59,2475.82
2025-04-09 17:00:00,78266.59,78789.89,78137.05,78501.0,3387.96
2025-04-09 17:15:00,78501.0,81249.0,77648.99,80803.0,5751.92
2025-04-09 17:30:00,80803.0,81881.99,80803.0,80952.41,6604.11
2025-04-09 17:45:00,80952.41,82287.11,80952.41,82201.14,5453.7
2025-04-09 18:00:00,82201.14,82479.01,81689.03,82308.58,9605.69
2025-04-09 18:15:00,82308.58,82989.64,82159.0,82582.67,4867.18
2025-04-09 18:30:00,82582.67,82751.72,82056.25,82062.36,4161.3
2025-04-09 18:45:00,82062.36,82361.0,81789.36,81789.36,3781.55
2025-04-09 19:00:00,81789.36,82299.22,81770.44,82293.0,3712.47
2025-04-09 19:15:00,82293.0,82578.02,82103.0,82392.52,3220.4
2025-04-09 19:30:00,82392.52,82600.17,82251.0,82304.9,2908.35
2025-04-09 19:45:00,82304.9,82481.8,82129.44,82303.0,2960.9
2025-04-09 20:00:00,82303.0,82511.01,82154.57,82171.47,2256.46
2025-04-09 20:15:00,82171.47,82331.5,82018.84,82067.06,1921.53
2025-04-09 20:30:00,82067.06,82776.66,81989.0,82776.66,2446.81
2025-04-09 20:45:00,82776.66,83268.58,82653.58,83203.0,2535.96
2025-04-09 21:00:00,83203.0,83527.03,82999.0,83479.66,2958.76
2025-04-09 21:15:00,83479.66,83589.0,83249.7,83335.24,2454.81
2025-04-09 21:30:00,83335.24,83337.25,82852.39,82953.22,2696.97
2025-04-09 21:45:00,82953.22,83389.0,82909.03,83285.51,2429.51
2025-04-09 22:00:00,83285.51,83485.08,83091.42,83293.86,2954.69
2025-04-09 22:15:00,83293.86,83494.59,83259.87,83360.58,2129.09
2025-04-09 22:30:00,83360.58,83477.27,83009.66,83037.0,2089.43
2025-04-09 22:45:00,83037.0,83103.0,82955.53,83057.83,1906.88
2025-04-09 23:00:00,83057.83,83158.0,82982.47,83019.3,2070.29
2025-04-09 23:15:00,83019.3,83019.3,82722.3,82775.0,1782.7
2025-04-09 23:30:00,82775.0,82851.5,82687.25,82777.02,1865.48
2025-04-09 23:45:00,82777.02,82777.03,82529.42,82614.22,1878.38
2025-04-10 00:00:00,82614.22,82746.18,82464.0,82478.98,1952.2
2025-04-10 00:15:00,82478.98,82616.11,82352.55,82415.73,1879.47
2025-04-10 00:30:00,82415.73,82485.93,82055.19,82146.83,2429.49
2025-04-10 00:45:00,82146.83,82377.97,82091.02,82351.86,2258.44
2025-04-10 01:00:00,82351.86,82601.0,82276.5,82488.66,2267.67
2025-04-10 01:15:00,82488.66,82568.98,82355.48,82425.14,1901.4
2025-04-10 01:30:00,82425.14,82466.36,82290.77,82379.0,2002.28
2025-04-10 01:45:00,82379.0,82464.38,82225.91,82248.28,1341.0
2025-04-10 02:00:00,82248.28,82528.98,82211.22,82509.28,1560.69
2025-04-10 02:15:00,82509.28,82566.19,82418.99,82443.89,1449.99
2025-04-10 02:30:00,82443.89,82479.27,82309.2,82356.58,1419.64
2025-04-10 02:45:00,82356.58,82356.59,82194.77,82196.77,1602.42
2025-04-10 03:00:00,82196.77,82225.43,81707.0,81742.55,1852.07
2025-04-10 03:15:00,81742.55,81776.0,81542.42,81653.17,1948.89
2025-04-10 03:30:00,81653.17,81773.0,81471.84,81727.62,1461.41
2025-04-10 03:45:00,81727.62,81814.2,81658.0,81776.2,1436.28
2025-04-10 04:00:00,81776.2,81951.0,81676.32,81690.72,1450.29
2025-04-10 04:15:00,81690.72,81838.86,81639.74,81654.25,1216.45
2025-04-10 04:30:00,81654.25,81890.86,81641.63,81845.75,1335.35
2025-04-10 04:45:00,81845.75,82072.47,81832.89,82020.25,1281.76
2025-04-10 05:00:00,82020.25,82135.51,81923.97,82099.42,1463.86
2025-04-10 05:15:00,82099.42,82218.39,82036.05,82165.0,1306.49
2025-04-10 05:30:00,82165.0,82231.0,82099.0,82182.64,1349.11
2025-04-10 05:45:00,82182.64,82241.0,82055.0,82157.03,1446.39
2025-04-10 06:00:00,82157.03,82345.29,82083.11,82261.03,1820.63
2025-04-10 06:15:00,82261.03,82274.3,82058.14,82078.64,1473.73
2025-04-10 06:30:00,82078.64,82099.11,81837.03,81902.06,1387.73
2025-04-10 06:45:00,81902.06,82185.0,81871.36,82157.72,1599.5
2025-04-10 07:00:00,82157.72,82251.0,82044.39,82111.0,1969.73
2025-04-10 07:15:00,82111.0,82149.45,81808.89,81810.76,1622.96
2025-04-10 07:30:00,81810.76,81813.26,81297.41,81574.22,2598.96
2025-04-10 07:45:00,81574.22,81792.56,81551.38,81594.8,1972.68
2025-04-10 08:00:00,81594.8,81845.0,81520.73,81758.46,2034.67
2025-04-10 08:15:00,81758.46,81844.67,81624.21,81767.78,1784.78
2025-04-10 08:30:00,81767.78,81767.78,81424.2,81585.0,1865.32
2025-04-10 08:45:00,81585.0,81695.86,81489.03,81549.0,1563.55
2025-04-10 09:00:00,81549.0,81590.25,81348.0,81504.09,1681.38
2025-04-10 09:15:00,81504.09,81908.55,81504.09,81777.72,1919.71
2025-04-10 09:30:00,81777.72,82017.0,81756.58,81817.58,1910.61
2025-04-10 09:45:00,81817.58,82081.58,81808.86,82035.72,1703.13
2025-04-10 10:00:00,82035.72,82131.43,81950.08,82070.75,2047.14
2025-04-10 10:15:00,82070.75,82101.0,81721.09,81734.59,1689.17
2025-04-10 10:30:00,81734.59,81868.22,81603.57,81605.17,1864.12
2025-04-10 10:45:00,81605.17,81767.05,81565.44,81767.05,1578.61
2025-04-10 11:00:00,81767.05,81858.75,81539.61,81548.97,1535.39
2025-04-10 11:15:00,81548.97,81740.14,81501.02,81615.67,1558.06
2025-04-10 11:30:00,81615.67,81893.39,81598.99,81853.69,1763.49
2025-04-10 11:45:00,81853.69,81945.0,81761.33,81881.0,1711.37
2025-04-10 12:00:00,81881.0,82002.51,81528.14,81650.0,2341.0
2025-04-10 12:15:00,81650.0,82100.25,81600.13,82014.98,2022.45
2025-04-10 12:30:00,82014.98,82436.61,81768.08,81845.0,3379.17
2025-04-10 12:45:00,81845.0,81857.81,81458.48,81705.63,2505.35
2025-04-10 13:00:00,81705.63,81736.11,81520.74,81541.78,2156.94
2025-04-10 13:15:00,81541.78,81949.0,81493.0,81746.5,2079.04
2025-04-10 13:30:00,81746.5,81850.67,80778.81,80893.0,4062.41
2025-04-10 13:45:00,80893.0,81428.67,80842.41,80873.36,3397.29
2025-04-10 14:00:00,80873.36,81178.3,80636.7,81102.48,3732.4
2025-04-10 14:15:00,81102.48,81489.0,81057.49,81289.0,3101.63
2025-04-10 14:30:00,81289.0,81842.58,81289.0,81641.0,2761.39
2025-04-10 14:45:00,81641.0,81653.19,81220.69,81266.53,2477.2
2025-04-10 15:00:00,81266.53,81351.04,80708.0,80719.04,2826.48
2025-04-10 15:15:00,80719.04,80740.13,80228.2,80233.01,3248.93
2025-04-10 15:30:00,80233.01,80279.0,79166.75,79216.39,4070.7
2025-04-10 15:45:00,79216.39,79254.95,78605.06,78753.02,4659.42
2025-04-10 16:00:00,78753.02,79278.94,78463.37,78883.74,3963.69
2025-04-10 16:15:00,78883.74,78975.58,78499.0,78851.8,3856.18
2025-04-10 16:30:00,78851.8,79475.0,78835.27,79232.8,3532.31
2025-04-10 16:45:00,79232.8,79689.0,79075.05,79454.83,3288.27
2025-04-10 17:00:00,79454.83,79673.45,78644.17,78795.34,3753.64
2025-04-10 17:15:00,78795.34,79268.27,78615.0,79181.0,3244.7
2025-04-10 17:30:00,79181.0,79433.0,79070.0,79391.5,2906.83
2025-04-10 17:45:00,79391.5,79465.33,79102.36,79327.0,2513.33
2025-04-10 18:00:00,79327.0,79704.97,79263.0,79281.06,2776.67
2025-04-10 18:15:00,79281.06,79819.0,79222.63,79740.72,2647.93
2025-04-10 18:30:00,79740.72,79877.61,79487.0,79707.59,2459.0
2025-04-10 18:45:00,79707.59,79715.0,79354.45,79501.08,2446.13
2025-04-10 19:00:00,79501.08,79783.61,79399.75,79570.73,2596.63
2025-04-10 19:15:00,79570.73,79761.49,79352.06,79367.0,2338.33
2025-04-10 19:30:00,79367.0,79686.83,79307.0,79343.0,2397.02
2025-04-10 19:45:00,79343.0,80037.04,79343.0,79646.87,2638.3
2025-04-10 20:00:00,79646.87,79962.47,79614.2,79914.05,1881.42
2025-04-10 20:15:00,79914.05,79914.05,79569.12,79602.61,1739.16
2025-04-10 20:30:00,79602.61,79892.0,79598.19,79865.5,1637.69
2025-04-10 20:45:00,79865.5,79951.9,79812.6,79929.0,1637.72
2025-04-10 21:00:00,79929.0,80036.54,79747.95,79809.0,1584.7
2025-04-10 21:15:00,79809.0,79854.25,79682.81,79843.19,1519.18
2025-04-10 21:30:00,79843.19,79937.78,79793.62,79822.25,1534.22
2025-04-10 21:45:00,79822.25,79829.52,79713.5,79715.52,1114.6
2025-04-10 22:00:00,79715.52,79754.22,79544.45,79743.72,1518.81
2025-04-10 22:15:00,79743.72,79915.42,79703.22,79718.89,1313.62
2025-04-10 22:30:00,79718.89,79921.0,79718.89,79918.99,1219.24
2025-04-10 22:45:00,79918.99,79921.0,79681.83,79694.77,1243.72
2025-04-10 23:00:00,79694.77,79723.34,79481.0,79491.0,1450.7
2025-04-10 23:15:00,79491.0,79641.0,79376.06,79470.43,1600.02
2025-04-10 23:30:00,79470.43,79661.0,79419.42,79633.41,1447.39
2025-04-10 23:45:00,79633.41,79744.33,79575.81,79608.12,1471.65
2025-04-11 00:00:00,79608.12,79752.0,79421.82,79693.0,1932.95
2025-04-11 00:15:00,79693.0,79723.78,79471.3,79473.31,1749.94
2025-04-11 00:30:00,79473.31,79581.01,79357.48,79395.36,1953.93
2025-04-11 00:45:00,79395.36,79465.0,78968.59,79042.48,2165.66
2025-04-11 01:00:00,79042.48,79409.69,79010.73,79407.7,2045.9
2025-04-11 01:15:00,79407.7,79638.15,79407.7,79538.08,1422.06
2025-04-11 01:30:00,79538.08,79893.25,79538.08,79758.22,1847.23
2025-04-11 01:45:00,79758.22,80460.0,79734.39,80451.71,2486.12
2025-04-11 02:00:00,80451.71,80488.5,80161.17,80315.64,1980.04
2025-04-11 02:15:00,80315.64,80829.97,80239.58,80701.18,1987.42
2025-04-11 02:30:00,80701.18,80803.61,80418.93,80437.55,1645.04
2025-04-11 02:45:00,80437.55,80500.92,80285.02,80303.05,1592.95
2025-04-11 03:00:00,80303.05,80551.0,80294.72,80528.7,1805.16
2025-04-11 03:15:00,80528.7,80725.15,80483.64,80670.7,1494.27
2025-04-11 03:30:00,80670.7,80826.75,80505.0,80817.73,1408.98
2025-04-11 03:45:00,80817.73,80907.62,80700.46,80842.0,1620.36
2025-04-11 04:00:00,80842.0,80977.33,80738.14,80967.66,1551.39
2025-04-11 04:15:00,80967.66,81047.94,80841.86,81028.5,1469.18
2025-04-11 04:30:00,81028.5,81082.83,80738.13,80794.99,1348.98
2025-04-11 04:45:00,80794.99,80923.0,80719.07,80887.14,1285.32
2025-04-11 05:00:00,80887.14,80911.02,80511.22,80638.0,1621.47
2025-04-11 05:15:00,80638.0,80823.0,80538.99,80803.0,1310.69
2025-04-11 05:30:00,80803.0,80895.38,80633.86,80655.0,1240.44
2025-04-11 05:45:00,80655.0,80850.45,80642.45,80815.0,1349.59
2025-04-11 06:00:00,80815.0,81189.89,80815.0,81108.41,1738.37
2025-04-11 06:15:00,81108.41,81209.61,80975.07,80990.05,1222.02
2025-04-11 06:30:00,80990.05,81189.16,80969.48,81169.94,1264.96
2025-04-11 06:45:00,81169.94,81306.62,81070.84,81103.0,1292.3
2025-04-11 07:00:00,81103.0,81204.75,80963.14,81044.66,1402.98
2025-04-11 07:15:00,81044.66,81101.0,80849.0,80891.53,1422.06
2025-04-11 07:30:00,80891.53,81412.89,80891.53,81371.17,1606.14
2025-04-11 07:45:00,81371.17,81441.73,81251.52,81267.76,1464.68
2025-04-11 08:00:00,81267.76,81884.14,80784.57,81451.0,3253.38
2025-04-11 08:15:00,81451.0,81492.97,81207.25,81340.13,2243.64
2025-04-11 08:30:00,81340.13,81819.17,81242.02,81619.11,2417.63
2025-04-11 08:45:00,81619.11,81752.97,81487.92,81630.89,1945.98
2025-04-11 09:00:00,81630.89,81670.69,81451.0,81501.09,1743.99
2025-04-11 09:15:00,81501.09,82183.95,81498.6,82063.75,1924.82
2025-04-11 09:30:00,82063.75,82330.23,82061.74,82211.0,2143.66
2025-04-11 09:45:00,82211.0,82449.0,82164.02,82449.0,1900.18
2025-04-11 10:00:00,82449.0,82522.75,82303.34,82378.24,2066.24
2025-04-11 10:15:00,82378.24,82851.31,82365.73,82745.06,2461.17
2025-04-11 10:30:00,82745.06,82979.0,82622.45,82635.0,2092.2
2025-04-11 10:45:00,82635.0,82722.73,82536.17,82707.86,1759.52
2025-04-11 11:00:00,82707.86,82901.0,82557.77,82631.0,1997.47
2025-04-11 11:15:00,82631.0,82635.0,82296.37,82349.13,2162.84
2025-04-11 11:30:00,82349.13,82447.06,82128.75,82207.34,2269.07
2025-04-11 11:45:00,82207.34,82319.88,82021.03,82128.67,2105.27
2025-04-11 12:00:00,82128.67,82301.0,81829.42,82007.02,2133.12
2025-04-11 12:15:00,82007.02,82265.23,81969.31,82250.02,1998.61
2025-04-11 12:30:00,82250.02,82535.28,82206.64,82298.53,2285.05
2025-04-11 12:45:00,82298.53,82313.58,81999.99,82107.97,2016.29
2025-04-11 13:00:00,82107.97,82210.0,81861.33,81933.0,2254.21
2025-04-11 13:15:00,81933.0,82161.18,81817.02,82147.89,2110.92
2025-04-11 13:30:00,82147.89,83319.0,82003.0,82921.47,4267.8
2025-04-11 13:45:00,82921.47,83215.51,82770.39,82929.67,3411.7
2025-04-11 14:00:00,82929.67,82931.67,82314.1,82543.37,3667.44
2025-04-11 14:15:00,82543.37,82640.27,81340.22,81462.03,3489.22
2025-04-11 14:30:00,81462.03,82031.0,81416.22,82019.01,6264.14
2025-04-11 14:45:00,82019.01,82340.61,81895.0,81899.0,2476.85
2025-04-11 15:00:00,81899.0,82235.23,81715.0,81870.58,3092.76
2025-04-11 15:15:00,81870.58,82230.78,81817.19,82185.93,2711.06
2025-04-11 15:30:00,82185.93,82701.69,82142.39,82511.0,2785.71
2025-04-11 15:45:00,82511.0,82635.0,82399.0,82520.74,2304.95
2025-04-11 16:00:00,82520.74,82634.73,82259.86,82280.89,2343.06
2025-04-11 16:15:00,82280.89,82369.63,82014.08,82247.36,5354.89
2025-04-11 16:30:00,82247.36,82961.5,82247.34,82958.16,2345.72
2025-04-11 16:45:00,82958.16,83021.98,82759.67,82791.47,2201.81
2025-04-11 17:00:00,82791.47,82991.0,82694.64,82963.0,2181.04
2025-04-11 17:15:00,82963.0,83087.11,82770.14,82985.0,5179.07
2025-04-11 17:30:00,82985.0,84030.44,82985.0,83943.0,3279.84
2025-04-11 17:45:00,83943.0,84063.04,83670.63,83931.0,4387.16
2025-04-11 18:00:00,83931.0,84219.0,83825.08,83994.93,2779.43
2025-04-11 18:15:00,83994.93,84042.01,83651.17,84033.0,4002.64
2025-04-11 18:30:00,84033.0,84042.15,83807.5,83899.13,1932.33
2025-04-11 18:45:00,83899.13,83940.02,83521.0,83606.99,1859.34
2025-04-11 19:00:00,83606.99,83937.01,83564.53,83893.0,1886.53
2025-04-11 19:15:00,83893.0,83968.99,83735.34,83763.83,1908.87
2025-04-11 19:30:00,83763.83,83874.69,83656.06,83863.0,1615.82
2025-04-11 19:45:00,83863.0,83985.22,83763.14,83866.25,1832.19
2025-04-11 20:00:00,83866.25,83921.0,83715.98,83768.65,1533.62
2025-04-11 20:15:00,83768.65,83979.26,83717.0,83952.28,1248.97
2025-04-11 20:30:00,83952.28,84027.4,83820.53,83973.88,1176.47
2025-04-11 20:45:00,83973.88,84000.98,83823.89,83849.0,1186.72
2025-04-11 21:00:00,83849.0,84031.0,83831.13,83929.52,1127.04
2025-04-11 21:15:00,83929.52,84300.99,83897.33,83909.01,1600.01
2025-04-11 21:30:00,83909.01,83911.01,83635.36,83687.61,2113.71
2025-04-11 21:45:00,83687.61,83796.51,83638.2,83673.0,1362.97
2025-04-11 22:00:00,83673.0,83709.84,83539.77,83569.0,1271.98
2025-04-11 22:15:00,83569.0,83571.08,83439.0,83466.98,1293.19
2025-04-11 22:30:00,83466.98,83475.84,83315.36,83371.95,1071.29
2025-04-11 22:45:00,83371.95,83522.73,83371.94,83414.34,911.56
2025-04-11 23:00:00,83414.34,83416.36,83272.44,83272.44,1032.4
2025-04-11 23:15:00,83272.44,83323.0,83162.91,83216.39,1159.26
2025-04-11 23:30:00,83216.39,83468.77,83197.11,83447.39,1187.75
2025-04-11 23:45:00,83447.39,83573.0,83409.86,83422.83,1251.83
2025-04-12 00:00:00,83422.83,83501.0,83275.11,83275.11,1495.3
2025-04-12 00:15:00,83275.11,83407.4,83244.89,83356.1,1527.98
2025-04-12 00:30:00,83356.1,83551.0,83310.21,83486.24,1685.51
2025-04-12 00:45:00,83486.24,83573.0,83349.0,83368.08,1119.67
2025-04-12 01:00:00,83368.08,83454.22,83321.03,83338.62,1191.12
2025-04-12 01:15:00,83338.62,83346.54,83160.14,83177.54,1592.19
2025-04-12 01:30:00,83177.54,83318.59,83143.57,83312.14,1235.05
2025-04-12 01:45:00,83312.14,83340.62,83161.88,83216.39,1327.03
2025-04-12 02:00:00,83216.39,83311.05,83154.96,83179.0,1432.22
2025-04-12 02:15:00,83179.0,83261.0,83163.5,83220.52,1170.05
2025-04-12 02:30:00,83220.52,83293.47,83173.63,83233.47,1157.77
2025-04-12 02:45:00,83233.47,83233.47,82803.86,82803.86,1331.95
2025-04-12 03:00:00,82803.86,82995.87,82791.95,82945.0,1279.98
2025-04-12 03:15:00,82945.0,83057.61,82899.17,83057.61,1143.6
2025-04-12 03:30:00,83057.61,83140.02,83009.44,83121.63,1355.91
2025-04-12 03:45:00,83121.63,83140.33,82921.14,82974.13,840.1
2025-04-12 04:00:00,82974.13,82988.41,82855.87,82939.0,1121.63
2025-04-12 04:15:00,82939.0,83245.34,82907.0,83207.07,1201.29
2025-04-12 04:30:00,83207.07,83463.0,82932.65,83122.48,1769.48
2025-04-12 04:45:00,83122.48,83367.0,83092.16,83204.05,1429.24
2025-04-12 05:00:00,83204.05,83407.11,83197.11,83329.0,1338.37
2025-04-12 05:15:00,83329.0,83491.54,83326.99,83370.75,1624.06
2025-04-12 05:30:00,83370.75,83507.39,83363.0,83385.8,1021.51
2025-04-12 05:45:00,83385.8,83385.81,83283.91,83337.91,970.55
2025-04-12 06:00:00,83337.91,83555.03,83337.91,83539.0,1073.49
2025-04-12 06:15:00,83539.0,83744.01,83469.17,83624.3,1164.16
2025-04-12 06:30:00,83624.3,83791.04,83549.0,83747.0,1406.42
2025-04-12 06:45:00,83747.0,83747.0,83536.19,83566.42,1369.59
2025-04-12 07:00:00,83566.42,83598.11,83497.07,83598.11,1418.04
2025-04-12 07:15:00,83598.11,83761.01,83575.5,83614.34,1478.82
2025-04-12 07:30:00,83614.34,83791.0,83582.86,83756.8,1547.96
2025-04-12 07:45:00,83756.8,83831.62,83694.41,83723.92,1389.52
2025-04-12 08:00:00,83723.92,84032.87,83674.09,84020.17,1688.68
2025-04-12 08:15:00,84020.17,84020.17,83525.75,83582.48,1756.25
2025-04-12 08:30:00,83582.48,83704.0,83479.02,83650.91,1552.07
2025-04-12 08:45:00,83650.91,83679.17,83503.82,83603.77,1307.66
2025-04-12 09:00:00,83603.77,83767.75,83480.13,83485.0,1358.9
2025-04-12 09:15:00,83485.0,83581.22,83433.78,83451.01,1341.74
2025-04-12 09:30:00,83451.01,83584.9,83419.0,83576.47,1460.13
2025-04-12 09:45:00,83576.47,83658.0,83517.0,83549.0,1136.26
2025-04-12 10:00:00,83549.0,83566.22,83452.03,83483.25,1119.35
2025-04-12 10:15:00,83483.25,83518.47,83387.88,83487.06,7578.24
2025-04-12 10:30:00,83487.06,83499.97,83327.97,83327.97,1188.12
2025-04-12 10:45:00,83327.97,83433.0,83304.91,83421.44,1486.55
2025-04-12 11:00:00,83421.44,83563.5,83421.44,83522.91,1217.55
2025-04-12 11:15:00,83522.91,83648.93,83522.91,83603.12,817.29
2025-04-12 11:30:00,83603.12,83603.13,83428.39,83498.0,1053.69
2025-04-12 11:45:00,83498.0,83569.18,83460.6,83529.3,1181.05
2025-04-12 12:00:00,83529.3,83689.0,83473.94,83669.0,1413.38
2025-04-12 12:15:00,83669.0,83801.5,83657.91,83771.17,1370.24
2025-04-12 12:30:00,83771.17,83937.45,83689.34,83835.0,1588.23
2025-04-12 12:45:00,83835.0,83859.5,83659.67,83828.86,1561.76
2025-04-12 13:00:00,83828.86,84046.42,83802.0,84001.77,1943.39
2025-04-12 13:15:00,84001.77,84091.54,83567.0,83857.5,2216.23
2025-04-12 13:30:00,83857.5,84496.98,83707.0,84178.93,2221.24
2025-04-12 13:45:00,84178.93,84689.49,84155.69,84459.24,3992.32
2025-04-12 14:00:00,84459.24,84766.35,84313.62,84497.87,2387.98
2025-04-12 14:15:00,84497.87,85001.29,84327.9,84880.04,2625.92
2025-04-12 14:30:00,84880.04,85251.99,84800.99,84856.9,2733.06
2025-04-12 14:45:00,84856.9,85001.0,84699.78,84828.74,2200.34
2025-04-12 15:00:00,84828.74,84933.25,84631.01,84680.99,2547.36
2025-04-12 15:15:00,84680.99,85188.99,84679.0,85152.22,2159.47
2025-04-12 15:30:00,85152.22,85403.9,85062.21,85289.82,2223.65
2025-04-12 15:45:00,85289.82,85358.31,84974.49,85007.4,1686.97
2025-04-12 16:00:00,85007.4,85213.81,84826.42,84910.35,2144.94
2025-04-12 16:15:00,84910.35,85117.41,84829.51,84992.99,1989.34
2025-04-12 16:30:00,84992.99,85024.85,84746.24,84746.24,2232.3
2025-04-12 16:45:00,84746.24,84781.65,84579.01,84658.19,1666.75
2025-04-12 17:00:00,84658.19,84801.0,84427.02,84427.03,1533.26
2025-04-12 17:15:00,84427.03,84661.38,84427.02,84609.69,1860.19
2025-04-12 17:30:00,84609.69,84850.06,84607.69,84848.06,2146.43
2025-04-12 17:45:00,84848.06,84858.52,84704.0,84759.7,1439.81
2025-04-12 18:00:00,84759.7,84925.66,84754.5,84843.85,1414.25
2025-04-12 18:15:00,84843.85,84978.83,84843.85,84978.83,1286.29
2025-04-12 18:30:00,84978.83,85059.53,84912.95,85019.07,1226.95
2025-04-12 18:45:00,85019.07,85194.09,85019.07,85177.0,1335.7
2025-04-12 19:00:00,85177.0,85209.3,85029.17,85076.32,1390.67
2025-04-12 19:15:00,85076.32,85256.61,84985.04,85049.0,1544.22
2025-04-12 19:30:00,85049.0,85119.94,84895.22,84895.22,1574.3
2025-04-12 19:45:00,84895.22,84944.4,84833.75,84944.39,1235.89
2025-04-12 20:00:00,84944.39,85158.85,84876.61,85149.01,1552.8
2025-04-12 20:15:00,85149.01,85274.59,85054.2,85265.04,1677.48
2025-04-12 20:30:00,85265.04,85904.72,85265.04,85785.2,2024.96
2025-04-12 20:45:00,85785.2,85810.97,85406.98,85518.28,1896.04
2025-04-12 21:00:00,85518.28,85567.28,85299.0,85310.08,1926.77
2025-04-12 21:15:00,85310.08,85562.55,85285.01,85400.84,1594.18
2025-04-12 21:30:00,85400.84,85557.76,85259.86,85484.98,1953.96
2025-04-12 21:45:00,85484.98,85515.4,85279.0,85366.92,1873.87
2025-04-12 22:00:00,85366.92,85525.98,85366.92,85507.87,1469.01
2025-04-12 22:15:00,85507.87,85701.19,85455.15,85477.0,1461.32
2025-04-12 22:30:00,85477.0,85582.83,85408.01,85489.54,1338.42
2025-04-12 22:45:00,85489.54,85489.54,85328.27,85337.01,1074.55
2025-04-12 23:00:00,85337.01,85416.1,85248.75,85252.54,1217.92
2025-04-12 23:15:00,85252.54,85368.93,85191.94,85219.55,1333.43
2025-04-12 23:30:00,85219.55,85313.0,85169.4,85297.0,1289.77
2025-04-12 23:45:00,85297.0,85430.47,85275.9,85275.9,1267.32
2025-04-13 00:00:00,85275.9,85449.88,85271.64,85449.88,1357.95
2025-04-13 00:15:00,85449.88,85516.0,85151.97,85180.25,1519.15
2025-04-13 00:30:00,85180.25,85274.72,85011.01,85255.31,2574.84
2025-04-13 00:45:00,85255.31,85572.12,85232.68,85494.72,1800.53
2025-04-13 01:00:00,85494.72,85801.0,85441.0,85778.7,1544.99
2025-04-13 01:15:00,85778.7,85836.89,85535.75,85833.99,1506.46
2025-04-13 01:30:00,85833.99,86048.0,85506.01,85725.99,2923.97
2025-04-13 01:45:00,85725.99,85813.93,85142.8,85260.76,43374.52
2025-04-13 02:00:00,85260.76,85391.17,85141.0,85141.0,1495.71
2025-04-13 02:15:00,85141.0,85180.75,84732.28,84825.37,1858.07
2025-04-13 02:30:00,84825.37,85111.31,84800.89,85040.52,1734.06
2025-04-13 02:45:00,85040.52,85450.84,85015.09,85301.22,1581.83
2025-04-13 03:00:00,85301.22,85513.06,85267.0,85390.19,1510.64
2025-04-13 03:15:00,85390.19,85433.4,85247.0,85324.15,1335.34
2025-04-13 03:30:00,85324.15,85530.36,85321.76,85498.99,1146.48
2025-04-13 03:45:00,85498.99,85725.79,85390.3,85431.31,1336.96
2025-04-13 04:00:00,85431.31,85437.68,85053.51,85136.24,1286.23
2025-04-13 04:15:00,85136.24,85139.36,84840.75,85035.13,1208.82
2025-04-13 04:30:00,85035.13,85048.26,84644.38,84779.34,1895.16
2025-04-13 04:45:00,84779.34,84886.81,84468.75,84618.98,2159.86
2025-04-13 05:00:00,84618.98,84780.18,84457.39,84463.75,1838.62
2025-04-13 05:15:00,84463.75,84661.38,84455.27,84640.08,1811.3
2025-04-13 05:30:00,84640.08,84803.19,84569.41,84744.87,1803.99
2025-04-13 05:45:00,84744.87,84755.72,84398.42,84516.58,1299.37
2025-04-13 06:00:00,84516.58,84739.84,84443.72,84631.01,1214.94
2025-04-13 06:15:00,84631.01,84735.73,84535.26,84694.54,1297.59
2025-04-13 06:30:00,84694.54,84793.77,84694.0,84748.47,1100.82
2025-04-13 06:45:00,84748.47,84845.84,84607.69,84609.69,1143.02
2025-04-13 07:00:00,84609.69,84760.89,84600.81,84760.89,1118.9
2025-04-13 07:15:00,84760.89,84771.36,84663.24,84686.0,1082.69
2025-04-13 07:30:00,84686.0,84704.15,84452.73,84462.29,1433.5
2025-04-13 07:45:00,84462.29,84553.06,84412.09,84412.09,1152.64
2025-04-13 08:00:00,84412.09,84444.31,84276.03,84302.99,1335.4
2025-04-13 08:15:00,84302.99,84541.01,84302.99,84541.01,1334.38
2025-04-13 08:30:00,84541.01,84627.34,84488.7,84551.9,1538.71
2025-04-13 08:45:00,84551.9,84693.92,84538.68,84663.6,1452.72
2025-04-13 09:00:00,84663.6,84712.99,84576.76,84583.31,1128.23
2025-04-13 09:15:00,84583.31,84768.24,84503.58,84765.44,1249.42
2025-04-13 09:30:00,84765.44,84924.44,84691.85,84897.22,1435.62
2025-04-13 09:45:00,84897.22,84947.25,84801.56,84917.24,1216.2
2025-04-13 10:00:00,84917.24,84950.82,84735.49,84821.8,4344.13
2025-04-13 10:15:00,84821.8,84831.88,84558.88,84564.98,1216.25
2025-04-13 10:30:00,84564.98,84686.53,84509.0,84609.69,1296.58
2025-04-13 10:45:00,84609.69,84770.94,84599.0,84687.8,1226.36
2025-04-13 11:00:00,84687.8,84772.25,84659.38,84717.49,1138.61
2025-04-13 11:15:00,84717.49,84717.49,84319.7,84490.99,1685.77
2025-04-13 11:30:00,84490.99,84503.78,84346.82,84450.64,1515.89
2025-04-13 11:45:00,84450.64,84530.16,84217.16,84529.66,1579.43
2025-04-13 12:00:00,84529.66,84641.49,84387.53,84638.99,1434.55
2025-04-13 12:15:00,84638.99,84700.88,84259.37,84284.01,1609.46
2025-04-13 12:30:00,84284.01,84501.42,84244.4,84378.35,1640.66
2025-04-13 12:45:00,84378.35,84472.7,84321.12,84459.75,1371.34
2025-04-13 13:00:00,84459.75,84620.93,84350.27,84565.57,1551.84
2025-04-13 13:15:00,84565.57,84580.52,84079.0,84091.2,1613.75
2025-04-13 13:30:00,84091.2,84190.47,83745.66,83758.97,2067.94
2025-04-13 13:45:00,83758.97,83874.53,83492.58,83600.12,2243.12
2025-04-13 14:00:00,83600.12,83900.0,83481.67,83773.35,5297.36
2025-04-13 14:15:00,83773.35,83896.5,83670.0,83866.47,1929.57
2025-04-13 14:30:00,83866.47,84165.12,83781.72,84035.08,1804.02
2025-04-13 14:45:00,84035.08,84135.57,83955.53,84094.22,1541.01
2025-04-13 15:00:00,84094.22,84094.23,83708.13,83801.06,1644.03
2025-04-13 15:15:00,83801.06,83920.68,83738.3,83807.5,1689.0
2025-04-13 15:30:00,83807.5,83930.56,83694.64,83738.13,1566.15
2025-04-13 15:45:00,83738.13,83876.61,83669.0,83848.64,1465.0
2025-04-13 16:00:00,83848.64,84218.9,83844.13,84083.28,1648.99
2025-04-13 16:15:00,84083.28,84426.02,84061.01,84292.06,1697.89
2025-04-13 16:30:00,84292.06,84369.57,84158.85,84176.01,1536.25
2025-04-13 16:45:00,84176.01,84269.4,84097.87,84224.98,1259.49
2025-04-13 17:00:00,84224.98,84546.45,84189.2,84539.11,1369.73
2025-04-13 17:15:00,84539.11,84991.22,84475.46,84717.47,2273.2
2025-04-13 17:30:00,84717.47,84885.36,84565.03,84844.75,1802.81
2025-04-13 17:45:00,84844.75,84924.99,84761.57,84761.57,1579.38
2025-04-13 18:00:00,84761.57,84897.23,84659.37,84791.51,1698.78
2025-04-13 18:15:00,84791.51,84791.51,84523.15,84565.03,1406.71
2025-04-13 18:30:00,84565.03,84944.4,84565.03,84887.8,1722.89
2025-04-13 18:45:00,84887.8,84901.0,84702.95,84729.0,1517.49
2025-04-13 19:00:00,84729.0,84731.0,84337.64,84533.74,1622.44
2025-04-13 19:15:00,84533.74,84533.75,84329.18,84479.73,1743.81
2025-04-13 19:30:00,84479.73,84564.89,83049.0,83531.86,2952.8
2025-04-13 19:45:00,83531.86,84105.75,83411.61,83980.32,2649.33
2025-04-13 20:00:00,83980.32,84447.8,83781.6,84205.61,2399.16
2025-04-13 20:15:00,84205.61,84389.39,84157.86,84189.22,1718.27
2025-04-13 20:30:00,84189.22,84201.7,83155.23,83415.92,3860.53
2025-04-13 20:45:00,83415.92,83611.4,83265.31,83498.98,2219.46
2025-04-13 21:00:00,83498.98,83501.0,83046.84,83372.84,2492.96
2025-04-13 21:15:00,83372.84,83735.33,83183.12,83679.75,1944.47
2025-04-13 21:30:00,83679.75,83827.09,83044.19,83274.92,2398.44
2025-04-13 21:45:00,83274.92,83785.31,83265.67,83606.0,1825.56
2025-04-13 22:00:00,83606.0,83864.13,83343.0,83381.25,2103.0
2025-04-13 22:15:00,83381.25,83529.0,83275.0,83443.55,1614.34
2025-04-13 22:30:00,83443.55,83507.36,83168.03,83287.92,1577.55
2025-04-13 22:45:00,83287.92,83514.5,83223.0,83334.99,1445.91
2025-04-13 23:00:00,83334.99,83616.37,83168.05,83558.16,1966.75
2025-04-13 23:15:00,83558.16,83690.11,83488.0,83618.99,1486.1
2025-04-13 23:30:00,83618.99,83680.54,83349.0,83463.08,1803.94
2025-04-13 23:45:00,83463.08,83841.43,83438.64,83759.0,1596.82
2025-04-14 00:00:00,83759.0,84201.0,83679.0,84145.01,2048.91
2025-04-14 00:15:00,84145.01,85128.68,84096.62,84765.47,2564.38
2025-04-14 00:30:00,84765.47,85008.62,84521.19,84783.91,2178.04
2025-04-14 00:45:00,84783.91,84826.99,84206.79,84326.73,1731.53
2025-04-14 01:00:00,84326.73,84645.0,84267.01,84429.0,2031.75
2025-04-14 01:15:00,84429.0,84564.43,84282.01,84555.66,2127.72
2025-04-14 01:30:00,84555.66,84680.87,84346.82,84470.69,1709.76
2025-04-14 01:45:00,84470.69,84503.15,84084.36,84226.99,1443.25
2025-04-14 02:00:00,84226.99,84440.99,84036.9,84392.3,1863.4
2025-04-14 02:15:00,84392.3,85027.6,84321.0,85027.6,1991.69
2025-04-14 02:30:00,85027.6,85545.0,84989.57,85321.36,2766.59
2025-04-14 02:45:00,85321.36,85541.01,85045.46,85139.7,2117.58
2025-04-14 03:00:00,85139.7,85161.04,84630.62,84776.42,1816.77
2025-04-14 03:15:00,84776.42,84861.0,84596.57,84673.46,1787.27
2025-04-14 03:30:00,84673.46,84793.26,84535.14,84662.24,1879.04
2025-04-14 03:45:00,84662.24,84721.69,84444.49,84567.03,1701.89
2025-04-14 04:00:00,84567.03,84689.15,84435.09,84447.66,1793.08
2025-04-14 04:15:00,84447.66,84838.41,84414.25,84813.91,1490.02
2025-04-14 04:30:00,84813.91,85014.66,84743.33,84996.6,1348.47
2025-04-14 04:45:00,84996.6,85109.0,84865.83,84868.31,1166.56
2025-04-14 05:00:00,84868.31,84991.57,84643.29,84647.82,1391.34
2025-04-14 05:15:00,84647.82,84765.96,84612.21,84696.65,1133.4
2025-04-14 05:30:00,84696.65,84756.99,84343.42,84372.12,1483.06
2025-04-14 05:45:00,84372.12,84580.23,84360.84,84576.18,1285.98
2025-04-14 06:00:00,84576.18,84594.04,84279.13,84432.61,1424.62
2025-04-14 06:15:00,84432.61,84537.31,84316.46,84340.83,1267.47
2025-04-14 06:30:00,84340.83,84580.42,84329.0,84540.95,1252.0
2025-04-14 06:45:00,84540.95,84645.91,84501.9,84623.21,1206.89
2025-04-14 07:00:00,84623.21,84787.82,84281.0,84295.58,1832.37
2025-04-14 07:15:00,84295.58,84533.92,84212.01,84476.47,1839.43
2025-04-14 07:30:00,84476.47,84586.68,84376.37,84429.0,1387.93
2025-04-14 07:45:00,84429.0,84637.5,84427.41,84579.76,1251.51
2025-04-14 08:00:00,84579.76,84798.99,84444.29,84530.62,1383.1
2025-04-14 08:15:00,84530.62,84654.0,84439.0,84612.2,1450.22
2025-04-14 08:30:00,84612.2,84870.29,84488.68,84822.14,1553.87
2025-04-14 08:45:00,84822.14,84956.26,84685.0,84764.18,1478.12
2025-04-14 09:00:00,84764.18,84911.94,84739.86,84869.74,1359.1
2025-04-14 09:15:00,84869.74,84869.74,84450.37,84495.1,1383.25
2025-04-14 09:30:00,84495.1,84530.16,84287.01,84364.88,1355.29
2025-04-14 09:45:00,84364.88,84465.79,84249.0,84441.72,1441.44
2025-04-14 10:00:00,84441.72,84597.03,84303.34,84397.87,1444.09
2025-04-14 10:15:00,84397.87,84661.01,84390.31,84627.9,1544.32
2025-04-14 10:30:00,84627.9,84798.97,84552.79,84791.67,1578.34
2025-04-14 10:45:00,84791.67,84811.41,84643.59,84655.84,1357.51
2025-04-14 11:00:00,84655.84,84826.0,84499.0,84790.48,1678.36
2025-04-14 11:15:00,84790.48,84894.12,84662.96,84847.38,1803.64
2025-04-14 11:30:00,84847.38,84966.33,84803.0,84825.09,1468.12
2025-04-14 11:45:00,84825.09,84944.38,84816.24,84928.55,1368.23
2025-04-14 12:00:00,84928.55,85031.55,84758.87,84776.63,1799.19
2025-04-14 12:15:00,84776.63,85038.74,84751.01,85031.0,1626.81
2025-04-14 12:30:00,85031.0,85225.23,84932.35,85145.7,1710.33
2025-04-14 12:45:00,85145.7,85228.27,85013.35,85126.06,2008.23
2025-04-14 13:00:00,85126.06,85281.48,84978.25,85091.49,1892.42
2025-04-14 13:15:00,85091.49,85271.0,84945.42,84945.42,1616.09
2025-04-14 13:30:00,84945.42,85058.85,84295.88,84416.8,2891.38
2025-04-14 13:45:00,84416.8,84664.89,84051.66,84375.66,3175.81
2025-04-14 14:00:00,84375.66,84651.01,84271.0,84519.86,2371.43
2025-04-14 14:15:00,84519.86,85100.99,84447.32,85069.68,2107.99
2025-04-14 14:30:00,85069.68,85633.5,84953.94,85505.96,2846.34
2025-04-14 14:45:00,85505.96,85800.98,85399.0,85423.0,2352.49
2025-04-14 15:00:00,85423.0,85464.68,84489.01,84559.56,3174.4
2025-04-14 15:15:00,84559.56,84856.63,84423.26,84541.69,2355.31
2025-04-14 15:30:00,84541.69,84787.21,83851.53,84249.96,2921.61
2025-04-14 15:45:00,84249.96,84280.49,83717.5,84103.0,2917.76
2025-04-14 16:00:00,84103.0,84381.02,83863.0,84082.99,2710.37
2025-04-14 16:15:00,84082.99,84496.9,84065.01,84215.31,2459.68
2025-04-14 16:30:00,84215.31,84664.8,84131.0,84662.81,2279.54
2025-04-14 16:45:00,84662.81,84670.85,84332.33,84342.99,1803.49
2025-04-14 17:00:00,84342.99,84661.38,84332.27,84419.21,2046.86
2025-04-14 17:15:00,84419.21,84629.0,84220.91,84532.58,1775.21
2025-04-14 17:30:00,84532.58,84641.66,84410.43,84600.35,1731.82
2025-04-14 17:45:00,84600.35,84891.89,84524.41,84858.72,1539.01
2025-04-14 18:00:00,84858.72,85066.89,84815.73,84929.0,1743.36
2025-04-14 18:15:00,84929.0,85011.01,84839.91,84897.22,1576.28
2025-04-14 18:30:00,84897.22,84976.7,84819.01,84887.53,1654.89
2025-04-14 18:45:00,84887.53,85009.33,84686.21,84987.04,1381.83
2025-04-14 19:00:00,84987.04,85209.1,84967.01,85073.32,1691.38
2025-04-14 19:15:00,85073.32,85129.0,84951.0,84979.0,1707.67
2025-04-14 19:30:00,84979.0,85162.38,84835.44,85029.29,1577.94
2025-04-14 19:45:00,85029.29,85060.74,84771.72,84917.34,1839.24
2025-04-14 20:00:00,84917.34,84972.68,84709.19,84813.0,1454.85
2025-04-14 20:15:00,84813.0,84850.05,84538.61,84650.99,1404.11
2025-04-14 20:30:00,84650.99,84716.71,84581.0,84675.57,1219.8
2025-04-14 20:45:00,84675.57,84937.01,84670.49,84860.82,1169.17
2025-04-14 21:00:00,84860.82,84935.49,84706.54,84934.99,995.53
2025-04-14 21:15:00,84934.99,84971.74,84747.0,84772.99,984.37
2025-04-14 21:30:00,84772.99,84777.0,84449.01,84600.91,1223.14
2025-04-14 21:45:00,84600.91,84760.02,84520.73,84705.1,1235.07
2025-04-14 22:00:00,84705.1,84746.7,84553.27,84579.18,1425.3
2025-04-14 22:15:00,84579.18,84638.02,84429.37,84494.51,1279.03
2025-04-14 22:30:00,84494.51,84696.66,84483.74,84630.99,1063.03
2025-04-14 22:45:00,84630.99,84635.46,84478.43,84499.0,915.06
2025-04-14 23:00:00,84499.0,84680.71,84471.03,84612.59,1352.17
2025-04-14 23:15:00,84612.59,84784.0,84612.59,84654.04,1273.47
2025-04-14 23:30:00,84654.04,84740.63,84464.81,84464.81,1171.07
2025-04-14 23:45:00,84464.81,84593.6,84423.53,84592.58,1221.12
2025-04-15 00:00:00,84592.58,84699.51,84453.64,84460.11,1588.0
2025-04-15 00:15:00,84460.11,84644.84,84346.97,84600.49,1518.75
2025-04-15 00:30:00,84600.49,84881.48,84569.75,84787.12,1506.66
2025-04-15 00:45:00,84787.12,84950.33,84721.77,84929.7,1479.33
2025-04-15 01:00:00,84929.7,84944.4,84541.87,84670.0,1795.63
2025-04-15 01:15:00,84670.0,84945.49,84670.0,84922.22,1614.22
2025-04-15 01:30:00,84922.22,85133.94,84815.08,85008.68,1707.74
2025-04-15 01:45:00,85008.68,85098.98,84954.31,84984.73,1862.11
2025-04-15 02:00:00,84984.73,85162.73,84932.01,85157.0,1389.6
2025-04-15 02:15:00,85157.0,85183.8,84833.01,84863.29,1269.05
2025-04-15 02:30:00,84863.29,84902.67,84705.85,84861.3,1353.47
2025-04-15 02:45:00,84861.3,85301.01,84825.55,85233.83,1349.82
2025-04-15 03:00:00,85233.83,85320.87,85068.86,85147.57,1391.73
2025-04-15 03:15:00,85147.57,85321.5,85135.29,85249.61,1248.8
2025-04-15 03:30:00,85249.61,85416.1,85207.6,85299.5,1320.01
2025-04-15 03:45:00,85299.5,85401.0,85228.99,85378.96,1110.25
2025-04-15 04:00:00,85378.96,85476.48,85200.92,85278.53,1239.13
2025-04-15 04:15:00,85278.53,85411.6,85157.3,85167.57,1204.77
2025-04-15 04:30:00,85167.57,85327.5,85159.05,85325.49,1360.91
2025-04-15 04:45:00,85325.49,85533.5,85294.79,85489.46,1324.23
2025-04-15 05:00:00,85489.46,85681.0,85486.59,85661.0,1443.0
2025-04-15 05:15:00,85661.0,85743.46,85555.6,85555.6,1247.56
2025-04-15 05:30:00,85555.6,85880.09,85528.38,85801.0,1424.95
2025-04-15 05:45:00,85801.0,85825.72,85544.71,85544.71,1459.71
2025-04-15 06:00:00,85544.71,85693.74,85449.13,85502.16,1400.65
2025-04-15 06:15:00,85502.16,85557.61,85378.11,85539.61,1297.61
2025-04-15 06:30:00,85539.61,85678.48,85477.56,85497.06,1301.61
2025-04-15 06:45:00,85497.06,85497.06,85359.35,85390.34,1209.32
2025-04-15 07:00:00,85390.34,85620.05,85390.34,85534.0,1291.91
2025-04-15 07:15:00,85534.0,85785.73,85531.99,85700.62,1474.54
2025-04-15 07:30:00,85700.62,85746.29,85622.66,85683.99,1418.63
2025-04-15 07:45:00,85683.99,85717.77,85629.0,85717.77,1365.76
2025-04-15 08:00:00,85717.77,85899.89,85662.16,85862.85,1724.96
2025-04-15 08:15:00,85862.85,85980.26,85832.55,85842.94,1945.04
2025-04-15 08:30:00,85842.94,85897.0,85746.62,85879.94,1445.01
2025-04-15 08:45:00,85879.94,85925.5,85762.41,85849.0,1414.37
2025-04-15 09:00:00,85849.0,85954.78,85770.03,85874.48,1447.13
2025-04-15 09:15:00,85874.48,85969.6,85859.0,85861.0,1470.0
2025-04-15 09:30:00,85861.0,85861.01,85588.41,85747.92,1684.07
2025-04-15 09:45:00,85747.92,85990.0,85689.68,85990.0,1590.68
2025-04-15 10:00:00,85990.0,86001.0,85770.82,85788.87,1594.92
2025-04-15 10:15:00,85788.87,85805.0,85671.75,85768.49,1546.61
2025-04-15 10:30:00,85768.49,85782.44,85486.93,85501.03,1750.24
2025-04-15 10:45:00,85501.03,85689.0,85441.23,85639.14,1538.75
2025-04-15 11:00:00,85639.14,85669.6,85434.27,85486.79,1579.83
2025-04-15 11:15:00,85486.79,85570.64,85350.01,85568.63,1512.99
2025-04-15 11:30:00,85568.63,85641.0,85487.63,85524.99,1600.11
2025-04-15 11:45:00,85524.99,85590.24,85391.01,85588.24,1497.11
2025-04-15 12:00:00,85588.24,85762.99,85542.17,85697.11,1761.79
2025-04-15 12:15:00,85697.11,85761.01,85449.0,85493.23,1635.34
2025-04-15 12:30:00,85493.23,85612.78,85445.21,85554.55,1675.46
2025-04-15 12:45:00,85554.55,85820.74,85494.65,85818.73,1753.5
2025-04-15 13:00:00,85818.73,85877.49,85704.86,85789.32,1748.64
2025-04-15 13:15:00,85789.32,85859.93,85592.65,85842.97,1612.09
2025-04-15 13:30:00,85842.97,86100.98,85592.18,86058.36,3388.35
2025-04-15 13:45:00,86058.36,86472.15,85508.7,85591.0,3732.37
2025-04-15 14:00:00,85591.0,85981.64,85404.15,85775.5,3081.69
2025-04-15 14:15:00,85775.5,85881.0,84837.27,84957.55,4117.07
2025-04-15 14:30:00,84957.55,85292.23,84863.03,85233.32,2774.85
2025-04-15 14:45:00,85233.32,85327.24,85055.06,85148.99,2541.21
2025-04-15 15:00:00,85148.99,85273.49,85005.02,85251.01,2315.64
2025-04-15 15:15:00,85251.01,85387.0,85167.0,85213.0,1690.47
2025-04-15 15:30:00,85213.0,85253.0,84857.57,84867.93,2066.45
2025-04-15 15:45:00,84867.93,84929.47,84622.73,84917.14,2285.41
2025-04-15 16:00:00,84917.14,85121.84,84874.5,84998.56,2053.5
2025-04-15 16:15:00,84998.56,85148.05,84868.56,85012.0,1805.51
2025-04-15 16:30:00,85012.0,85054.39,84863.0,84985.27,1555.52
2025-04-15 16:45:00,84985.27,85038.73,84778.29,84859.81,1580.82
2025-04-15 17:00:00,84859.81,84991.57,84776.8,84989.57,1601.14
2025-04-15 17:15:00,84989.57,85004.26,84711.0,84740.14,1729.03
2025-04-15 17:30:00,84740.14,84851.0,84699.0,84789.44,1562.7
2025-04-15 17:45:00,84789.44,84845.48,84416.94,84483.0,1763.17
2025-04-15 18:00:00,84483.0,84609.68,84399.02,84463.02,1978.13
2025-04-15 18:15:00,84463.02,84463.02,84152.69,84321.01,1982.8
2025-04-15 18:30:00,84321.01,84444.21,84289.89,84444.21,1740.29
2025-04-15 18:45:00,84444.21,84508.27,84187.24,84195.01,1591.1
2025-04-15 19:00:00,84195.01,84215.82,84042.47,84108.96,1525.69
2025-04-15 19:15:00,84108.96,84231.85,84047.73,84086.69,1495.64
2025-04-15 19:30:00,84086.69,84117.02,84047.0,84063.0,1076.31
2025-04-15 19:45:00,84063.0,84143.01,83920.58,83998.37,1917.13
2025-04-15 20:00:00,83998.37,84173.52,83907.78,84167.17,1514.22
2025-04-15 20:15:00,84167.17,84206.35,83949.0,84018.52,1235.66
2025-04-15 20:30:00,84018.52,84138.8,83970.56,83991.01,1254.89
2025-04-15 20:45:00,83991.01,84026.01,83799.0,84019.01,1477.41
2025-04-15 21:00:00,84019.01,84108.91,83889.88,84000.98,1375.16
2025-04-15 21:15:00,84000.98,84093.34,83870.25,84070.1,1334.72
2025-04-15 21:30:00,84070.1,84236.85,84067.01,84121.01,1348.84
2025-04-15 21:45:00,84121.01,84228.98,84055.0,84178.99,1137.81
2025-04-15 22:00:00,84178.99,84178.99,83872.28,83921.89,1648.83
2025-04-15 22:15:00,83921.89,83979.15,83822.48,83927.91,1382.93
2025-04-15 22:30:00,83927.91,84057.41,83900.98,83983.42,1205.85
2025-04-15 22:45:00,83983.42,83990.28,83689.0,83839.47,1508.86
2025-04-15 23:00:00,83839.47,83861.61,83624.99,83736.37,1479.44
2025-04-15 23:15:00,83736.37,83827.72,83653.0,83747.83,1384.99
2025-04-15 23:30:00,83747.83,83795.91,83599.0,83631.78,1297.26
2025-04-15 23:45:00,83631.78,83704.11,83599.8,83642.99,1302.32
2025-04-16 00:00:00,83642.99,83701.0,83300.0,83313.39,2008.12
2025-04-16 00:15:00,83313.39,83531.14,83221.0,83501.0,1984.97
2025-04-16 00:30:00,83501.0,83594.33,83332.0,83383.0,1800.46
2025-04-16 00:45:00,83383.0,83391.0,83137.66,83149.0,1668.58
2025-04-16 01:00:00,83149.0,83495.0,83112.38,83295.0,3095.97
2025-04-16 01:15:00,83295.0,83609.7,83271.0,83521.02,1570.44
2025-04-16 01:30:00,83521.02,83521.02,83313.0,83408.75,1775.76
2025-04-16 01:45:00,83408.75,83663.56,83397.0,83636.78,1508.99
